TransactionID,Date,CustomerID,ProductID,StoreID,Quantity,Discount,PaymentMethod,TotalAmount
T00001,2024-06-18,C160,P014,S003,1,0.1,Bank Transfer,1208.48
T00002,2023-11-02,C171,P030,S004,3,0.15,Bank Transfer,74.56
T00003,2024-03-28,C142,P002,S002,2,0.15,Mobile Money,1391.89
T00004,2024-06-15,C174,P050,S002,5,0.1,Mobile Money,4700.88
T00005,2024-08-29,C141,P036,S001,3,0.1,Credit Card,4053.94
T00006,2025-03-28,C111,P036,S005,5,0.1,Mobile Money,6756.57
T00007,2024-11-09,C114,P009,S004,2,0.15,Credit Card,209.42
T00008,2024-05-28,C169,P005,S001,3,0.1,Cash,3769.79
T00009,2024-09-04,C193,P035,S002,3,0.05,Credit Card,4452.93
T00010,2024-06-16,C038,P045,S001,1,0.05,Mobile Money,1785.13
T00011,2025-03-09,C157,P022,S001,4,0.15,Credit Card,86.94
T00012,2024-06-06,C184,P042,S004,4,0.15,Credit Card,1542.31
T00013,2023-10-02,C038,P048,S001,1,0.15,Credit Card,1033.91
T00014,2024-10-28,C046,P034,S005,4,0.0,Credit Card,1712.2
T00015,2025-03-23,C032,P016,S004,2,0.15,Bank Transfer,3159.88
T00016,2023-12-14,C194,P024,S004,5,0.15,Mobile Money,6321.49
T00017,2024-12-24,C041,P026,S004,4,0.1,Credit Card,3656.74
T00018,2025-05-30,C164,P033,S003,5,0.15,Credit Card,7645.62
T00019,2025-04-21,C071,P011,S004,1,0.1,Credit Card,223.71
T00020,2025-01-07,C070,P007,S003,3,0.0,Credit Card,4422.36
T00021,2024-11-16,C039,P018,S002,4,0.05,Credit Card,4103.58
T00022,2024-11-26,C017,P022,S004,4,0.1,Mobile Money,92.05
T00023,2024-08-02,C107,P023,S001,2,0.15,Mobile Money,3193.4
T00024,2025-03-30,C198,P013,S005,1,0.15,Mobile Money,964.58
T00025,2024-06-02,C002,P039,S003,3,0.15,Mobile Money,1379.4
T00026,2024-10-26,C138,P021,S005,5,0.05,Mobile Money,5829.39
T00027,2024-01-23,C057,P039,S003,4,0.15,Cash,1839.2
T00028,2024-12-15,C100,P020,S003,4,0.05,Mobile Money,1230.9
T00029,2025-04-09,C033,P013,S005,5,0.0,Mobile Money,5674.0
T00030,2025-02-26,C152,P028,S005,1,0.0,Mobile Money,673.78
T00031,2024-12-16,C035,P019,S004,2,0.0,Bank Transfer,3525.84
T00032,2025-01-16,C098,P028,S003,2,0.15,Bank Transfer,1145.43
T00033,2025-07-20,C087,P021,S004,3,0.15,Bank Transfer,3129.46
T00034,2023-11-13,C021,P037,S004,1,0.0,Bank Transfer,1952.65
T00035,2024-02-16,C058,P047,S001,1,0.0,Credit Card,1197.18
T00036,2025-06-03,C052,P049,S001,5,0.05,Credit Card,1844.24
T00037,2024-01-17,C033,P030,S004,1,0.05,Mobile Money,27.78
T00038,2025-05-06,C180,P041,S003,3,0.05,Cash,4659.78
T00039,2024-10-13,C200,P001,S002,3,0.0,Cash,5021.07
T00040,2024-08-02,C080,P011,S005,4,0.15,Credit Card,845.14
T00041,2023-12-20,C020,P044,S005,2,0.0,Bank Transfer,2573.1
T00042,2024-06-03,C176,P025,S005,1,0.0,Bank Transfer,429.15
T00043,2024-10-30,C137,P011,S004,3,0.0,Bank Transfer,745.71
T00044,2024-12-31,C004,P033,S004,4,0.0,Mobile Money,7195.88
T00045,2024-09-30,C093,P045,S004,2,0.15,Credit Card,3194.44
T00046,2023-11-27,C188,P027,S005,3,0.15,Mobile Money,3244.19
T00047,2025-05-06,C112,P045,S005,3,0.1,Credit Card,5073.52
T00048,2025-01-25,C023,P011,S003,4,0.05,Mobile Money,944.57
T00049,2025-08-09,C146,P013,S005,4,0.1,Cash,4085.28
T00050,2025-08-14,C127,P007,S003,2,0.15,Credit Card,2506.0
T00051,2024-09-25,C091,P026,S003,3,0.1,Bank Transfer,2742.55
T00052,2025-05-09,C143,P022,S001,5,0.05,Cash,121.46
T00053,2024-09-30,C062,P047,S004,4,0.05,Mobile Money,4549.28
T00054,2024-01-29,C166,P001,S004,4,0.0,Cash,6694.76
T00055,2024-06-27,C076,P009,S002,4,0.05,Bank Transfer,468.12
T00056,2025-08-19,C170,P028,S005,3,0.15,Bank Transfer,1718.14
T00057,2024-10-11,C109,P011,S005,3,0.1,Mobile Money,671.14
T00058,2024-01-20,C070,P034,S003,3,0.05,Cash,1219.94
T00059,2025-02-14,C185,P027,S002,3,0.0,Credit Card,3816.69
T00060,2024-11-26,C050,P044,S002,4,0.1,Bank Transfer,4631.58
T00061,2025-03-20,C026,P006,S002,3,0.05,Bank Transfer,906.44
T00062,2025-05-03,C046,P027,S003,1,0.05,Bank Transfer,1208.62
T00063,2024-06-01,C012,P036,S001,5,0.1,Credit Card,6756.57
T00064,2024-11-15,C164,P048,S004,1,0.0,Bank Transfer,1216.36
T00065,2024-05-26,C121,P028,S004,4,0.1,Credit Card,2425.61
T00066,2024-04-20,C014,P010,S003,4,0.0,Cash,4776.48
T00067,2025-02-16,C103,P042,S004,1,0.0,Credit Card,453.62
T00068,2024-03-15,C039,P002,S005,3,0.0,Credit Card,2456.28
T00069,2023-11-14,C031,P040,S005,4,0.05,Mobile Money,6633.32
T00070,2024-12-02,C116,P013,S004,3,0.15,Bank Transfer,2893.74
T00071,2023-11-18,C146,P044,S005,1,0.0,Credit Card,1286.55
T00072,2025-01-05,C161,P012,S002,3,0.0,Credit Card,3579.27
T00073,2024-10-08,C062,P022,S002,5,0.0,Credit Card,127.85
T00074,2024-07-01,C001,P014,S004,4,0.15,Bank Transfer,4565.35
T00075,2024-04-24,C009,P018,S002,3,0.1,Mobile Money,2915.7
T00076,2025-05-20,C019,P005,S002,3,0.05,Mobile Money,3979.23
T00077,2025-06-19,C030,P031,S005,2,0.05,Bank Transfer,2081.87
T00078,2024-07-24,C037,P015,S001,1,0.05,Bank Transfer,256.93
T00079,2024-01-06,C153,P018,S005,3,0.15,Cash,2753.72
T00080,2023-11-21,C120,P021,S003,4,0.1,Mobile Money,4418.06
T00081,2024-06-20,C113,P009,S001,5,0.0,Mobile Money,615.95
T00082,2023-10-23,C189,P009,S003,5,0.1,Cash,554.36
T00083,2024-08-16,C024,P039,S002,5,0.0,Bank Transfer,2704.7
T00084,2025-05-28,C148,P038,S001,2,0.15,Mobile Money,623.78
T00085,2023-10-13,C072,P014,S002,5,0.15,Mobile Money,5706.69
T00086,2023-09-17,C024,P018,S004,3,0.15,Bank Transfer,2753.72
T00087,2024-10-17,C083,P036,S001,2,0.1,Mobile Money,2702.63
T00088,2025-05-23,C178,P024,S004,3,0.15,Cash,3792.9
T00089,2025-01-31,C117,P049,S001,3,0.1,Bank Transfer,1048.3
T00090,2023-11-15,C030,P046,S004,5,0.0,Mobile Money,5826.85
T00091,2025-07-26,C106,P039,S001,2,0.1,Mobile Money,973.69
T00092,2025-05-06,C161,P049,S004,1,0.05,Bank Transfer,368.85
T00093,2023-09-23,C141,P048,S002,3,0.15,Mobile Money,3101.72
T00094,2023-12-24,C032,P019,S001,5,0.05,Credit Card,8373.87
T00095,2024-10-13,C080,P030,S005,1,0.15,Cash,24.85
T00096,2024-06-08,C058,P048,S001,4,0.0,Credit Card,4865.44
T00097,2024-03-16,C128,P038,S003,5,0.1,Mobile Money,1651.19
T00098,2024-08-15,C124,P009,S004,2,0.15,Credit Card,209.42
T00099,2024-10-18,C099,P017,S002,5,0.05,Cash,5919.02
T00100,2025-07-07,C071,P023,S004,3,0.1,Cash,5071.87
T00101,2025-06-06,C073,P013,S003,5,0.15,Credit Card,4822.9
T00102,2025-07-16,C115,P006,S005,4,0.1,Bank Transfer,1144.98
T00103,2024-12-29,C142,P016,S005,4,0.15,Bank Transfer,6319.75
T00104,2025-01-18,C049,P032,S002,5,0.15,Credit Card,1295.02
T00105,2024-01-14,C199,P011,S004,1,0.1,Mobile Money,223.71
T00106,2025-01-29,C181,P049,S004,4,0.05,Mobile Money,1475.39
T00107,2025-03-07,C010,P010,S002,5,0.1,Cash,5373.54
T00108,2025-08-02,C113,P039,S001,5,0.15,Cash,2299.0
T00109,2023-11-09,C185,P030,S002,4,0.05,Cash,111.11
T00110,2024-07-21,C121,P014,S003,3,0.15,Cash,3424.01
T00111,2024-03-24,C085,P043,S005,4,0.1,Mobile Money,2031.91
T00112,2024-01-09,C139,P022,S001,5,0.0,Credit Card,127.85
T00113,2024-10-07,C162,P024,S003,2,0.0,Mobile Money,2974.82
T00114,2025-01-18,C026,P027,S001,4,0.05,Bank Transfer,4834.47
T00115,2025-06-13,C008,P038,S001,3,0.0,Bank Transfer,1100.79
T00116,2024-02-14,C092,P033,S003,4,0.05,Credit Card,6836.09
T00117,2024-06-08,C136,P006,S004,5,0.05,Credit Card,1510.74
T00118,2024-07-01,C045,P037,S001,5,0.15,Credit Card,8298.76
T00119,2024-09-16,C128,P033,S005,2,0.05,Mobile Money,3418.04
T00120,2024-10-26,C164,P024,S003,4,0.1,Cash,5354.68
T00121,2025-03-19,C120,P018,S003,5,0.05,Cash,5129.48
T00122,2025-01-22,C114,P030,S003,5,0.1,Mobile Money,131.58
T00123,2025-03-30,C177,P042,S003,4,0.1,Credit Card,1633.03
T00124,2024-01-04,C099,P016,S004,1,0.05,Mobile Money,1765.81
T00125,2024-06-14,C147,P003,S003,5,0.1,Bank Transfer,1519.34
T00126,2023-10-21,C006,P001,S004,3,0.0,Cash,5021.07
T00127,2025-01-29,C156,P022,S004,3,0.05,Bank Transfer,72.87
T00128,2024-09-17,C057,P029,S002,5,0.1,Credit Card,6682.72
T00129,2024-11-12,C161,P010,S001,1,0.1,Mobile Money,1074.71
T00130,2025-06-29,C009,P003,S005,3,0.05,Cash,962.25
T00131,2024-01-10,C076,P015,S003,4,0.05,Credit Card,1027.71
T00132,2025-05-20,C034,P007,S005,3,0.1,Credit Card,3980.12
T00133,2024-04-14,C066,P016,S004,3,0.1,Cash,5018.62
T00134,2024-05-26,C120,P045,S001,2,0.05,Mobile Money,3570.25
T00135,2024-08-30,C143,P025,S003,1,0.15,Cash,364.78
T00136,2024-07-12,C068,P037,S005,1,0.15,Bank Transfer,1659.75
T00137,2024-05-26,C173,P024,S003,5,0.15,Bank Transfer,6321.49
T00138,2024-01-21,C028,P028,S002,4,0.0,Bank Transfer,2695.12
T00139,2023-12-31,C157,P027,S002,1,0.15,Bank Transfer,1081.4
T00140,2025-02-03,C167,P030,S004,1,0.05,Cash,27.78
T00141,2023-11-23,C010,P024,S003,4,0.0,Cash,5949.64
T00142,2024-09-27,C061,P049,S005,2,0.15,Mobile Money,660.04
T00143,2025-08-09,C095,P033,S005,4,0.05,Mobile Money,6836.09
T00144,2023-12-18,C168,P044,S001,4,0.15,Bank Transfer,4374.27
T00145,2025-03-10,C009,P009,S003,2,0.15,Mobile Money,209.42
T00146,2024-05-12,C061,P039,S003,1,0.1,Bank Transfer,486.85
T00147,2024-09-17,C016,P035,S004,3,0.05,Cash,4452.93
T00148,2024-04-09,C117,P016,S001,2,0.0,Cash,3717.5
T00149,2023-10-16,C086,P014,S002,2,0.05,Cash,2551.22
T00150,2024-08-30,C196,P029,S005,2,0.05,Credit Card,2821.6
T00151,2024-09-04,C085,P021,S002,5,0.0,Bank Transfer,6136.2
T00152,2024-10-21,C038,P044,S002,5,0.1,Credit Card,5789.48
T00153,2024-04-20,C029,P006,S001,2,0.0,Bank Transfer,636.1
T00154,2025-07-02,C061,P026,S005,3,0.0,Credit Card,3047.28
T00155,2024-07-25,C068,P014,S001,2,0.15,Cash,2282.67
T00156,2024-11-19,C191,P008,S001,4,0.15,Bank Transfer,373.25
T00157,2024-09-29,C132,P003,S005,1,0.15,Credit Card,286.99
T00158,2024-08-22,C158,P023,S001,5,0.1,Mobile Money,8453.12
T00159,2025-08-03,C165,P042,S001,1,0.15,Mobile Money,385.58
T00160,2023-10-06,C110,P021,S001,4,0.15,Cash,4172.62
T00161,2025-05-17,C021,P046,S003,5,0.05,Cash,5535.51
T00162,2024-05-03,C033,P029,S003,5,0.1,Mobile Money,6682.72
T00163,2025-03-16,C153,P033,S005,3,0.15,Mobile Money,4587.37
T00164,2024-07-28,C026,P003,S001,5,0.05,Mobile Money,1603.74
T00165,2025-08-19,C116,P005,S002,4,0.1,Mobile Money,5026.39
T00166,2025-01-28,C103,P030,S004,1,0.1,Mobile Money,26.32
T00167,2023-10-22,C081,P038,S003,3,0.05,Mobile Money,1045.75
T00168,2024-03-11,C018,P022,S001,1,0.0,Mobile Money,25.57
T00169,2024-08-01,C025,P018,S003,2,0.0,Bank Transfer,2159.78
T00170,2024-02-25,C172,P044,S001,4,0.1,Mobile Money,4631.58
T00171,2023-12-23,C185,P035,S001,3,0.1,Bank Transfer,4218.56
T00172,2025-01-18,C027,P045,S005,5,0.05,Credit Card,8925.63
T00173,2024-09-02,C169,P027,S004,2,0.0,Bank Transfer,2544.46
T00174,2025-05-22,C143,P010,S003,1,0.1,Credit Card,1074.71
T00175,2024-11-27,C110,P006,S005,5,0.0,Bank Transfer,1590.25
T00176,2025-08-13,C008,P012,S002,3,0.1,Bank Transfer,3221.34
T00177,2025-08-17,C090,P023,S001,2,0.05,Mobile Money,3569.09
T00178,2024-04-08,C018,P016,S002,1,0.0,Credit Card,1858.75
T00179,2024-04-05,C097,P020,S004,4,0.1,Credit Card,1166.11
T00180,2024-06-04,C095,P009,S003,3,0.0,Cash,369.57
T00181,2024-06-28,C040,P030,S002,5,0.0,Cash,146.2
T00182,2023-12-31,C070,P029,S004,4,0.15,Mobile Money,5049.17
T00183,2025-05-21,C107,P012,S003,2,0.0,Bank Transfer,2386.18
T00184,2024-08-23,C111,P002,S001,3,0.15,Bank Transfer,2087.84
T00185,2025-07-02,C012,P030,S002,4,0.0,Cash,116.96
T00186,2024-06-21,C053,P029,S003,2,0.05,Bank Transfer,2821.6
T00187,2024-09-26,C075,P013,S003,1,0.0,Mobile Money,1134.8
T00188,2024-04-22,C192,P016,S004,2,0.05,Mobile Money,3531.62
T00189,2025-03-26,C137,P044,S002,5,0.1,Cash,5789.48
T00190,2025-05-30,C102,P020,S001,4,0.0,Mobile Money,1295.68
T00191,2023-09-24,C020,P007,S003,5,0.15,Mobile Money,6265.01
T00192,2023-10-27,C182,P019,S004,3,0.0,Mobile Money,5288.76
T00193,2025-01-13,C006,P027,S003,2,0.15,Bank Transfer,2162.79
T00194,2023-12-08,C023,P010,S004,1,0.05,Mobile Money,1134.41
T00195,2025-06-07,C151,P016,S004,5,0.0,Mobile Money,9293.75
T00196,2024-09-07,C080,P011,S003,2,0.1,Credit Card,447.43
T00197,2024-05-23,C020,P025,S005,1,0.05,Bank Transfer,407.69
T00198,2025-03-14,C090,P025,S002,2,0.0,Credit Card,858.3
T00199,2025-08-05,C066,P025,S002,2,0.05,Cash,815.38
T00200,2023-11-30,C046,P044,S004,4,0.15,Bank Transfer,4374.27
T00201,2023-09-27,C161,P042,S003,2,0.15,Cash,771.15
T00202,2024-01-04,C121,P027,S004,3,0.1,Cash,3435.02
T00203,2024-01-08,C091,P017,S005,1,0.1,Mobile Money,1121.5
T00204,2025-07-24,C116,P050,S001,1,0.1,Bank Transfer,940.18
T00205,2025-04-19,C020,P004,S001,5,0.15,Mobile Money,7878.52
T00206,2023-10-14,C149,P043,S005,1,0.15,Credit Card,479.76
T00207,2023-10-30,C083,P035,S005,4,0.05,Cash,5937.23
T00208,2025-03-21,C116,P004,S001,3,0.0,Credit Card,5561.31
T00209,2025-03-01,C011,P028,S002,4,0.15,Credit Card,2290.85
T00210,2024-08-02,C094,P021,S003,3,0.15,Mobile Money,3129.46
T00211,2025-04-08,C199,P023,S003,5,0.0,Bank Transfer,9392.35
T00212,2025-06-16,C017,P045,S003,1,0.15,Bank Transfer,1597.22
T00213,2024-11-28,C065,P008,S005,2,0.1,Cash,197.6
T00214,2024-10-10,C150,P025,S002,3,0.1,Mobile Money,1158.7
T00215,2025-06-10,C034,P034,S005,1,0.1,Mobile Money,385.24
T00216,2024-08-22,C165,P031,S003,2,0.0,Mobile Money,2191.44
T00217,2024-12-27,C131,P048,S003,1,0.1,Bank Transfer,1094.72
T00218,2024-03-10,C047,P048,S002,3,0.15,Credit Card,3101.72
T00219,2025-04-04,C058,P035,S002,2,0.0,Bank Transfer,3124.86
T00220,2024-04-18,C026,P021,S005,5,0.0,Bank Transfer,6136.2
T00221,2025-07-29,C197,P002,S005,2,0.15,Credit Card,1391.89
T00222,2025-04-07,C042,P045,S002,5,0.05,Mobile Money,8925.63
T00223,2025-08-13,C012,P046,S004,3,0.05,Mobile Money,3321.3
T00224,2025-06-24,C157,P017,S003,4,0.05,Credit Card,4735.22
T00225,2023-11-30,C080,P020,S004,2,0.1,Mobile Money,583.06
T00226,2024-05-18,C119,P020,S003,4,0.15,Credit Card,1101.33
T00227,2024-08-25,C052,P032,S005,2,0.1,Cash,548.48
T00228,2024-06-13,C165,P026,S004,3,0.0,Cash,3047.28
T00229,2025-07-12,C073,P042,S001,2,0.1,Mobile Money,816.52
T00230,2024-12-05,C132,P022,S002,4,0.0,Credit Card,102.28
T00231,2025-06-20,C116,P046,S003,1,0.15,Cash,990.56
T00232,2025-01-26,C102,P038,S005,3,0.05,Mobile Money,1045.75
T00233,2024-08-11,C021,P050,S003,2,0.0,Bank Transfer,2089.28
T00234,2025-04-18,C026,P021,S003,2,0.05,Cash,2331.76
T00235,2025-08-10,C074,P007,S004,2,0.15,Mobile Money,2506.0
T00236,2024-01-27,C158,P050,S001,1,0.0,Bank Transfer,1044.64
T00237,2024-05-08,C056,P039,S002,5,0.15,Cash,2299.0
T00238,2023-09-27,C199,P023,S003,2,0.1,Cash,3381.25
T00239,2024-04-27,C013,P014,S002,4,0.15,Cash,4565.35
T00240,2024-09-03,C029,P018,S004,5,0.0,Credit Card,5399.45
T00241,2024-10-28,C184,P034,S002,3,0.15,Cash,1091.53
T00242,2025-03-30,C158,P015,S003,2,0.15,Credit Card,459.76
T00243,2025-09-03,C171,P044,S001,5,0.1,Cash,5789.48
T00244,2024-04-09,C135,P002,S005,5,0.0,Mobile Money,4093.8
T00245,2024-09-14,C121,P011,S001,4,0.1,Bank Transfer,894.85
T00246,2024-06-03,C192,P030,S001,3,0.0,Bank Transfer,87.72
T00247,2024-12-07,C062,P022,S001,5,0.1,Credit Card,115.06
T00248,2023-11-17,C012,P035,S003,5,0.1,Credit Card,7030.94
T00249,2025-02-02,C200,P039,S004,4,0.05,Credit Card,2055.57
T00250,2025-07-08,C017,P037,S004,1,0.1,Credit Card,1757.39
T00251,2024-08-03,C012,P022,S002,1,0.1,Bank Transfer,23.01
T00252,2024-03-20,C132,P046,S004,5,0.15,Bank Transfer,4952.82
T00253,2024-02-20,C010,P004,S002,3,0.1,Cash,5005.18
T00254,2025-03-16,C168,P046,S003,3,0.0,Bank Transfer,3496.11
T00255,2024-11-11,C112,P039,S004,4,0.15,Bank Transfer,1839.2
T00256,2024-09-29,C048,P015,S004,4,0.1,Bank Transfer,973.62
T00257,2024-10-18,C022,P040,S004,1,0.15,Credit Card,1483.77
T00258,2025-03-27,C140,P046,S003,3,0.0,Cash,3496.11
T00259,2025-05-10,C084,P011,S003,3,0.15,Mobile Money,633.85
T00260,2025-02-26,C043,P024,S004,3,0.15,Cash,3792.9
T00261,2023-11-16,C187,P030,S003,5,0.15,Bank Transfer,124.27
T00262,2024-08-04,C164,P039,S001,1,0.15,Bank Transfer,459.8
T00263,2024-10-03,C132,P035,S002,1,0.05,Mobile Money,1484.31
T00264,2025-02-19,C009,P037,S002,1,0.05,Bank Transfer,1855.02
T00265,2025-05-01,C093,P044,S004,5,0.0,Credit Card,6432.75
T00266,2024-05-23,C174,P014,S004,3,0.1,Mobile Money,3625.42
T00267,2023-10-11,C196,P009,S001,5,0.05,Bank Transfer,585.15
T00268,2025-01-23,C102,P016,S003,3,0.05,Cash,5297.44
T00269,2024-05-23,C007,P046,S002,4,0.15,Cash,3962.26
T00270,2024-02-24,C068,P023,S003,4,0.05,Bank Transfer,7138.19
T00271,2025-06-20,C178,P040,S004,2,0.0,Credit Card,3491.22
T00272,2024-12-03,C019,P002,S004,2,0.15,Cash,1391.89
T00273,2023-10-20,C175,P014,S003,3,0.0,Bank Transfer,4028.25
T00274,2023-11-11,C077,P002,S002,2,0.1,Credit Card,1473.77
T00275,2025-07-03,C032,P043,S002,2,0.05,Mobile Money,1072.4
T00276,2023-10-13,C007,P031,S003,5,0.1,Mobile Money,4930.74
T00277,2024-07-16,C142,P035,S002,5,0.0,Cash,7812.15
T00278,2024-10-10,C080,P036,S004,4,0.15,Mobile Money,5104.96
T00279,2025-07-13,C148,P012,S001,2,0.1,Cash,2147.56
T00280,2025-02-05,C116,P020,S004,5,0.1,Credit Card,1457.64
T00281,2024-10-14,C200,P047,S005,5,0.05,Credit Card,5686.6
T00282,2025-03-09,C111,P023,S005,1,0.0,Credit Card,1878.47
T00283,2024-07-12,C078,P026,S002,2,0.1,Credit Card,1828.37
T00284,2024-06-07,C089,P022,S005,3,0.0,Bank Transfer,76.71
T00285,2024-07-01,C051,P009,S005,3,0.05,Bank Transfer,351.09
T00286,2023-10-11,C158,P050,S005,1,0.05,Credit Card,992.41
T00287,2024-07-11,C044,P048,S005,5,0.1,Cash,5473.62
T00288,2024-04-16,C008,P041,S001,1,0.1,Credit Card,1471.51
T00289,2024-05-25,C197,P001,S005,4,0.0,Mobile Money,6694.76
T00290,2024-10-07,C161,P001,S005,3,0.1,Mobile Money,4518.96
T00291,2025-06-12,C063,P043,S004,3,0.15,Cash,1439.27
T00292,2024-07-02,C177,P041,S001,2,0.15,Mobile Money,2779.52
T00293,2025-05-25,C124,P005,S004,2,0.1,Credit Card,2513.2
T00294,2025-03-20,C081,P015,S003,3,0.15,Credit Card,689.65
T00295,2025-04-29,C195,P020,S003,5,0.0,Bank Transfer,1619.6
T00296,2025-05-21,C062,P004,S004,1,0.1,Mobile Money,1668.39
T00297,2024-10-04,C064,P017,S002,1,0.0,Bank Transfer,1246.11
T00298,2024-08-21,C099,P009,S005,4,0.05,Credit Card,468.12
T00299,2023-11-21,C084,P027,S005,3,0.05,Credit Card,3625.86
T00300,2023-11-15,C128,P011,S005,4,0.15,Bank Transfer,845.14
T00301,2024-12-07,C128,P032,S001,1,0.15,Mobile Money,259.0
T00302,2024-12-11,C062,P014,S002,5,0.1,Cash,6042.38
T00303,2025-09-09,C013,P017,S003,4,0.15,Bank Transfer,4236.77
T00304,2024-06-08,C138,P014,S001,1,0.15,Credit Card,1141.34
T00305,2024-10-08,C068,P029,S003,4,0.1,Cash,5346.18
T00306,2024-10-17,C103,P001,S001,5,0.05,Bank Transfer,7950.03
T00307,2025-07-14,C142,P012,S003,1,0.15,Mobile Money,1014.13
T00308,2024-11-23,C196,P023,S005,3,0.0,Credit Card,5635.41
T00309,2024-04-07,C025,P049,S004,3,0.1,Bank Transfer,1048.3
T00310,2023-11-28,C194,P010,S002,2,0.15,Cash,2030.0
T00311,2024-07-01,C012,P031,S001,2,0.1,Mobile Money,1972.3
T00312,2025-01-08,C133,P024,S004,2,0.05,Bank Transfer,2826.08
T00313,2024-12-19,C157,P038,S003,2,0.15,Bank Transfer,623.78
T00314,2025-04-13,C152,P028,S003,5,0.15,Bank Transfer,2863.56
T00315,2023-09-19,C122,P026,S001,3,0.1,Cash,2742.55
T00316,2025-04-01,C107,P003,S005,3,0.0,Mobile Money,1012.89
T00317,2025-02-27,C068,P047,S005,5,0.05,Cash,5686.6
T00318,2025-05-24,C150,P043,S004,2,0.15,Credit Card,959.51
T00319,2025-02-05,C175,P014,S002,1,0.0,Credit Card,1342.75
T00320,2024-10-06,C005,P032,S004,3,0.15,Credit Card,777.01
T00321,2024-11-08,C106,P016,S002,4,0.15,Cash,6319.75
T00322,2024-12-03,C181,P018,S002,5,0.05,Bank Transfer,5129.48
T00323,2025-04-25,C170,P037,S004,5,0.15,Bank Transfer,8298.76
T00324,2024-04-20,C045,P003,S004,5,0.1,Bank Transfer,1519.34
T00325,2023-12-29,C174,P014,S003,5,0.15,Credit Card,5706.69
T00326,2024-10-02,C064,P002,S003,5,0.1,Credit Card,3684.42
T00327,2025-06-27,C077,P045,S003,2,0.15,Bank Transfer,3194.44
T00328,2025-05-22,C123,P043,S003,5,0.1,Bank Transfer,2539.89
T00329,2024-12-13,C032,P036,S005,5,0.15,Mobile Money,6381.2
T00330,2023-11-17,C089,P034,S002,3,0.0,Bank Transfer,1284.15
T00331,2024-11-26,C183,P046,S001,3,0.15,Bank Transfer,2971.69
T00332,2024-03-11,C192,P002,S004,2,0.05,Bank Transfer,1555.64
T00333,2024-09-18,C144,P026,S003,2,0.0,Credit Card,2031.52
T00334,2025-09-01,C063,P026,S001,5,0.05,Credit Card,4824.86
T00335,2024-10-26,C014,P041,S001,4,0.1,Mobile Money,5886.04
T00336,2024-12-12,C026,P014,S002,1,0.05,Mobile Money,1275.61
T00337,2024-12-20,C168,P043,S004,4,0.05,Bank Transfer,2144.8
T00338,2024-10-31,C083,P010,S003,1,0.0,Credit Card,1194.12
T00339,2024-04-13,C137,P039,S001,2,0.15,Credit Card,919.6
T00340,2024-05-08,C010,P010,S004,4,0.05,Bank Transfer,4537.66
T00341,2023-11-24,C010,P050,S001,3,0.0,Bank Transfer,3133.92
T00342,2025-07-08,C073,P037,S004,5,0.15,Credit Card,8298.76
T00343,2024-11-23,C130,P022,S004,3,0.05,Cash,72.87
T00344,2025-02-20,C085,P045,S002,4,0.1,Credit Card,6764.69
T00345,2025-08-30,C004,P033,S003,3,0.05,Credit Card,5127.06
T00346,2025-03-28,C157,P014,S004,4,0.1,Cash,4833.9
T00347,2025-03-03,C103,P030,S001,2,0.05,Mobile Money,55.56
T00348,2025-03-10,C083,P025,S002,1,0.1,Mobile Money,386.24
T00349,2025-07-12,C061,P025,S004,3,0.1,Bank Transfer,1158.7
T00350,2024-12-25,C150,P015,S005,1,0.1,Bank Transfer,243.4
T00351,2024-12-24,C178,P047,S002,1,0.0,Mobile Money,1197.18
T00352,2024-01-04,C079,P011,S002,4,0.1,Cash,894.85
T00353,2025-03-14,C164,P015,S003,3,0.05,Credit Card,770.78
T00354,2023-12-24,C035,P039,S004,2,0.15,Bank Transfer,919.6
T00355,2023-09-16,C107,P031,S005,4,0.05,Credit Card,4163.74
T00356,2025-08-29,C175,P050,S005,1,0.15,Bank Transfer,887.94
T00357,2024-08-20,C020,P015,S005,1,0.0,Credit Card,270.45
T00358,2023-10-28,C147,P049,S005,2,0.05,Bank Transfer,737.69
T00359,2025-03-22,C134,P006,S004,1,0.05,Mobile Money,302.15
T00360,2024-01-30,C024,P008,S005,4,0.0,Mobile Money,439.12
T00361,2025-08-18,C034,P011,S005,4,0.15,Cash,845.14
T00362,2024-06-17,C144,P026,S004,3,0.0,Mobile Money,3047.28
T00363,2024-09-09,C066,P018,S001,2,0.0,Cash,2159.78
T00364,2024-06-28,C109,P024,S003,1,0.0,Cash,1487.41
T00365,2024-06-15,C121,P045,S001,3,0.15,Credit Card,4791.65
T00366,2025-01-18,C197,P034,S002,4,0.1,Mobile Money,1540.98
T00367,2024-02-08,C115,P005,S004,4,0.0,Credit Card,5584.88
T00368,2023-10-26,C168,P044,S003,1,0.05,Mobile Money,1222.22
T00369,2025-08-10,C136,P019,S002,2,0.0,Cash,3525.84
T00370,2024-12-14,C077,P010,S004,5,0.15,Mobile Money,5075.01
T00371,2024-04-04,C059,P035,S002,4,0.1,Credit Card,5624.75
T00372,2024-08-29,C071,P014,S002,1,0.0,Mobile Money,1342.75
T00373,2025-05-14,C158,P026,S001,2,0.05,Cash,1929.94
T00374,2025-07-19,C026,P013,S005,1,0.15,Cash,964.58
T00375,2023-11-11,C063,P025,S001,4,0.15,Credit Card,1459.11
T00376,2025-05-28,C139,P039,S002,1,0.05,Bank Transfer,513.89
T00377,2024-05-23,C060,P030,S005,3,0.1,Credit Card,78.95
T00378,2025-02-21,C078,P034,S002,5,0.05,Mobile Money,2033.24
T00379,2024-02-13,C077,P005,S003,1,0.05,Mobile Money,1326.41
T00380,2025-02-16,C143,P010,S004,1,0.1,Mobile Money,1074.71
T00381,2024-10-18,C135,P043,S003,4,0.15,Credit Card,1919.03
T00382,2024-07-27,C077,P021,S004,2,0.15,Credit Card,2086.31
T00383,2025-02-26,C058,P037,S003,2,0.15,Cash,3319.5
T00384,2025-04-29,C144,P007,S004,4,0.05,Mobile Money,5601.66
T00385,2024-11-20,C063,P007,S003,2,0.1,Cash,2653.42
T00386,2024-07-17,C116,P043,S003,1,0.05,Cash,536.2
T00387,2024-04-15,C069,P011,S004,5,0.0,Cash,1242.85
T00388,2023-11-24,C049,P024,S005,5,0.05,Mobile Money,7065.2
T00389,2024-10-19,C054,P020,S003,3,0.0,Credit Card,971.76
T00390,2025-06-10,C049,P048,S001,4,0.05,Credit Card,4622.17
T00391,2024-10-10,C102,P005,S002,5,0.1,Bank Transfer,6282.99
T00392,2024-10-09,C098,P041,S004,5,0.1,Bank Transfer,7357.54
T00393,2024-12-23,C067,P031,S003,5,0.15,Mobile Money,4656.81
T00394,2024-05-07,C026,P001,S004,3,0.05,Bank Transfer,4770.02
T00395,2024-12-16,C081,P025,S004,1,0.05,Credit Card,407.69
T00396,2024-07-25,C005,P049,S003,5,0.15,Bank Transfer,1650.1
T00397,2023-11-17,C040,P029,S002,3,0.05,Mobile Money,4232.39
T00398,2024-10-14,C146,P009,S002,4,0.1,Bank Transfer,443.48
T00399,2023-10-04,C196,P017,S004,4,0.15,Credit Card,4236.77
T00400,2024-01-24,C188,P006,S003,2,0.05,Mobile Money,604.29
T00401,2024-07-27,C048,P047,S005,1,0.0,Cash,1197.18
T00402,2025-05-13,C172,P021,S001,1,0.15,Credit Card,1043.15
T00403,2024-05-04,C162,P029,S002,1,0.05,Cash,1410.8
T00404,2025-01-20,C056,P048,S005,4,0.1,Cash,4378.9
T00405,2024-08-06,C159,P022,S005,4,0.15,Cash,86.94
T00406,2025-05-21,C002,P031,S005,5,0.15,Cash,4656.81
T00407,2025-06-13,C005,P034,S005,3,0.1,Cash,1155.74
T00408,2024-12-22,C129,P015,S004,2,0.0,Cash,540.9
T00409,2025-01-21,C135,P037,S002,2,0.05,Bank Transfer,3710.04
T00410,2024-05-18,C091,P048,S003,4,0.0,Bank Transfer,4865.44
T00411,2024-09-24,C104,P002,S004,5,0.05,Credit Card,3889.11
T00412,2023-10-03,C077,P005,S001,1,0.0,Mobile Money,1396.22
T00413,2024-01-20,C098,P030,S004,5,0.15,Cash,124.27
T00414,2023-09-19,C164,P034,S001,2,0.0,Mobile Money,856.1
T00415,2025-06-13,C112,P029,S003,5,0.0,Cash,7425.25
T00416,2025-04-18,C059,P036,S002,5,0.15,Bank Transfer,6381.2
T00417,2023-10-19,C012,P004,S001,3,0.0,Credit Card,5561.31
T00418,2024-11-12,C081,P033,S001,2,0.05,Mobile Money,3418.04
T00419,2024-01-30,C020,P029,S003,2,0.05,Mobile Money,2821.6
T00420,2024-03-30,C174,P029,S005,3,0.15,Credit Card,3786.88
T00421,2023-11-28,C177,P019,S001,5,0.1,Cash,7933.14
T00422,2025-07-13,C026,P046,S004,2,0.0,Bank Transfer,2330.74
T00423,2023-12-06,C155,P001,S005,5,0.15,Bank Transfer,7113.18
T00424,2024-04-13,C008,P014,S003,4,0.15,Credit Card,4565.35
T00425,2024-10-09,C092,P004,S005,4,0.15,Credit Card,6302.82
T00426,2023-09-11,C175,P024,S005,4,0.0,Bank Transfer,5949.64
T00427,2024-12-10,C064,P030,S001,1,0.1,Credit Card,26.32
T00428,2025-08-30,C098,P033,S002,4,0.1,Bank Transfer,6476.29
T00429,2024-02-18,C028,P010,S001,1,0.1,Mobile Money,1074.71
T00430,2024-03-03,C093,P026,S003,1,0.05,Cash,964.97
T00431,2024-01-10,C048,P015,S004,4,0.15,Cash,919.53
T00432,2023-12-18,C007,P048,S001,3,0.0,Bank Transfer,3649.08
T00433,2024-02-12,C099,P010,S001,3,0.15,Mobile Money,3045.01
T00434,2025-02-21,C200,P030,S001,5,0.05,Credit Card,138.89
T00435,2025-02-20,C176,P028,S004,2,0.05,Bank Transfer,1280.18
T00436,2024-03-16,C078,P011,S003,4,0.05,Cash,944.57
T00437,2024-03-20,C043,P025,S004,3,0.15,Bank Transfer,1094.33
T00438,2025-05-29,C124,P027,S001,3,0.1,Credit Card,3435.02
T00439,2024-05-15,C185,P046,S004,5,0.05,Mobile Money,5535.51
T00440,2023-09-26,C028,P048,S002,3,0.0,Mobile Money,3649.08
T00441,2025-08-28,C086,P012,S005,4,0.1,Mobile Money,4295.12
T00442,2024-08-17,C086,P027,S004,5,0.05,Bank Transfer,6043.09
T00443,2025-04-06,C083,P028,S005,2,0.15,Bank Transfer,1145.43
T00444,2024-04-01,C046,P018,S004,3,0.1,Mobile Money,2915.7
T00445,2025-01-17,C148,P002,S002,3,0.15,Bank Transfer,2087.84
T00446,2024-10-12,C101,P016,S003,1,0.05,Credit Card,1765.81
T00447,2025-05-02,C175,P015,S005,1,0.15,Credit Card,229.88
T00448,2024-03-31,C113,P044,S003,1,0.15,Mobile Money,1093.57
T00449,2025-01-02,C036,P038,S003,2,0.1,Credit Card,660.47
T00450,2025-05-29,C184,P017,S004,4,0.0,Mobile Money,4984.44
T00451,2024-10-24,C154,P041,S004,5,0.15,Mobile Money,6948.79
T00452,2025-03-31,C140,P033,S001,3,0.0,Cash,5396.91
T00453,2024-01-01,C197,P010,S002,3,0.05,Cash,3403.24
T00454,2025-07-01,C145,P036,S004,3,0.15,Cash,3828.72
T00455,2025-07-15,C003,P030,S001,3,0.05,Credit Card,83.33
T00456,2025-01-17,C115,P043,S003,4,0.15,Credit Card,1919.03
T00457,2025-04-27,C089,P045,S001,4,0.0,Bank Transfer,7516.32
T00458,2025-07-04,C107,P035,S001,1,0.05,Bank Transfer,1484.31
T00459,2023-11-07,C080,P015,S003,4,0.05,Mobile Money,1027.71
T00460,2025-03-10,C090,P028,S004,1,0.15,Mobile Money,572.71
T00461,2025-01-15,C082,P012,S001,3,0.0,Cash,3579.27
T00462,2023-12-06,C006,P043,S003,1,0.05,Credit Card,536.2
T00463,2024-11-09,C133,P038,S002,5,0.05,Bank Transfer,1742.92
T00464,2024-06-04,C144,P012,S004,4,0.05,Mobile Money,4533.74
T00465,2024-08-12,C162,P049,S002,2,0.15,Mobile Money,660.04
T00466,2024-10-03,C008,P007,S005,2,0.15,Mobile Money,2506.0
T00467,2024-07-08,C100,P011,S001,2,0.05,Bank Transfer,472.28
T00468,2024-06-11,C193,P028,S001,5,0.0,Credit Card,3368.9
T00469,2024-10-30,C094,P030,S003,2,0.15,Cash,49.71
T00470,2025-06-04,C068,P048,S004,5,0.1,Mobile Money,5473.62
T00471,2023-11-04,C157,P049,S004,5,0.0,Bank Transfer,1941.3
T00472,2024-12-09,C091,P019,S004,5,0.05,Bank Transfer,8373.87
T00473,2024-09-26,C158,P013,S005,1,0.05,Bank Transfer,1078.06
T00474,2024-01-06,C031,P026,S002,3,0.0,Credit Card,3047.28
T00475,2025-03-13,C096,P003,S002,5,0.15,Mobile Money,1434.93
T00476,2024-05-29,C153,P016,S002,5,0.15,Mobile Money,7899.69
T00477,2025-03-27,C048,P029,S004,5,0.05,Credit Card,7053.99
T00478,2024-06-23,C126,P013,S003,2,0.05,Bank Transfer,2156.12
T00479,2024-11-09,C116,P025,S005,1,0.1,Cash,386.24
T00480,2024-12-08,C125,P004,S002,2,0.15,Mobile Money,3151.41
T00481,2024-12-26,C105,P032,S004,4,0.15,Mobile Money,1036.01
T00482,2024-07-05,C043,P006,S001,5,0.0,Credit Card,1590.25
T00483,2023-09-16,C075,P009,S001,3,0.05,Bank Transfer,351.09
T00484,2025-08-30,C044,P029,S004,5,0.15,Cash,6311.46
T00485,2025-08-13,C147,P028,S001,3,0.1,Cash,1819.21
T00486,2024-10-28,C195,P027,S004,5,0.05,Mobile Money,6043.09
T00487,2024-04-13,C027,P013,S002,3,0.0,Mobile Money,3404.4
T00488,2024-04-23,C068,P012,S003,1,0.15,Cash,1014.13
T00489,2025-03-19,C199,P009,S002,2,0.1,Mobile Money,221.74
T00490,2025-05-29,C043,P043,S005,2,0.05,Credit Card,1072.4
T00491,2024-10-13,C016,P028,S005,3,0.1,Credit Card,1819.21
T00492,2025-04-29,C083,P004,S003,3,0.1,Cash,5005.18
T00493,2025-03-09,C035,P048,S004,1,0.1,Credit Card,1094.72
T00494,2024-01-06,C180,P034,S002,2,0.05,Bank Transfer,813.3
T00495,2024-07-18,C064,P019,S004,4,0.05,Bank Transfer,6699.1
T00496,2024-10-05,C161,P043,S004,4,0.15,Cash,1919.03
T00497,2025-01-05,C163,P042,S001,4,0.1,Bank Transfer,1633.03
T00498,2024-06-19,C117,P029,S004,3,0.0,Cash,4455.15
T00499,2025-08-13,C188,P030,S004,3,0.0,Mobile Money,87.72
T00500,2024-04-25,C056,P050,S004,2,0.15,Bank Transfer,1775.89
T00501,2023-12-04,C083,P004,S003,3,0.05,Mobile Money,5283.24
T00502,2025-07-18,C088,P035,S001,1,0.0,Mobile Money,1562.43
T00503,2024-11-26,C005,P015,S001,2,0.15,Mobile Money,459.76
T00504,2025-08-28,C001,P029,S004,2,0.05,Bank Transfer,2821.6
T00505,2025-04-25,C041,P045,S003,1,0.1,Bank Transfer,1691.17
T00506,2023-12-12,C022,P033,S003,2,0.0,Mobile Money,3597.94
T00507,2025-01-31,C161,P045,S003,2,0.15,Cash,3194.44
T00508,2024-08-28,C181,P018,S001,1,0.05,Mobile Money,1025.9
T00509,2025-07-03,C020,P029,S002,5,0.05,Mobile Money,7053.99
T00510,2023-12-28,C003,P007,S001,3,0.0,Mobile Money,4422.36
T00511,2024-02-16,C178,P011,S002,4,0.0,Credit Card,994.28
T00512,2024-01-03,C099,P019,S001,1,0.0,Bank Transfer,1762.92
T00513,2024-12-13,C095,P043,S003,2,0.15,Credit Card,959.51
T00514,2025-08-15,C165,P004,S002,1,0.0,Credit Card,1853.77
T00515,2025-01-01,C113,P002,S003,2,0.05,Mobile Money,1555.64
T00516,2023-12-02,C158,P038,S004,2,0.0,Cash,733.86
T00517,2024-06-02,C036,P050,S001,5,0.15,Bank Transfer,4439.72
T00518,2024-07-13,C110,P023,S003,2,0.05,Bank Transfer,3569.09
T00519,2025-08-25,C166,P042,S001,2,0.1,Cash,816.52
T00520,2025-08-24,C169,P040,S003,2,0.05,Mobile Money,3316.66
T00521,2024-09-01,C076,P028,S001,2,0.15,Mobile Money,1145.43
T00522,2023-12-23,C029,P001,S002,4,0.0,Cash,6694.76
T00523,2025-08-12,C093,P046,S003,2,0.15,Mobile Money,1981.13
T00524,2024-01-25,C094,P049,S005,2,0.15,Cash,660.04
T00525,2024-08-18,C005,P016,S005,1,0.0,Bank Transfer,1858.75
T00526,2024-10-21,C056,P010,S001,1,0.15,Bank Transfer,1015.0
T00527,2024-11-26,C161,P047,S005,4,0.15,Mobile Money,4070.41
T00528,2024-05-28,C022,P047,S005,5,0.05,Bank Transfer,5686.6
T00529,2025-04-30,C022,P031,S003,1,0.05,Credit Card,1040.93
T00530,2025-05-14,C138,P014,S003,4,0.0,Bank Transfer,5371.0
T00531,2023-10-14,C179,P030,S004,2,0.0,Credit Card,58.48
T00532,2025-04-23,C023,P031,S004,1,0.15,Cash,931.36
T00533,2023-11-22,C080,P023,S002,1,0.0,Credit Card,1878.47
T00534,2025-06-30,C180,P048,S001,2,0.15,Bank Transfer,2067.81
T00535,2024-03-13,C134,P017,S005,3,0.05,Bank Transfer,3551.41
T00536,2023-09-16,C033,P047,S003,1,0.0,Bank Transfer,1197.18
T00537,2024-11-18,C110,P032,S003,5,0.0,Bank Transfer,1523.55
T00538,2025-05-24,C183,P026,S005,1,0.15,Mobile Money,863.4
T00539,2025-07-31,C131,P009,S003,1,0.15,Credit Card,104.71
T00540,2024-09-18,C095,P021,S002,3,0.0,Cash,3681.72
T00541,2024-08-23,C059,P024,S005,1,0.0,Cash,1487.41
T00542,2025-08-28,C063,P004,S001,4,0.1,Mobile Money,6673.57
T00543,2024-03-08,C039,P008,S002,1,0.15,Credit Card,93.31
T00544,2023-10-29,C083,P039,S002,4,0.1,Bank Transfer,1947.38
T00545,2025-01-09,C020,P040,S005,3,0.0,Cash,5236.83
T00546,2025-06-15,C046,P006,S002,5,0.0,Mobile Money,1590.25
T00547,2023-11-24,C018,P042,S004,3,0.1,Bank Transfer,1224.77
T00548,2023-09-18,C023,P047,S005,4,0.0,Bank Transfer,4788.72
T00549,2023-12-26,C052,P031,S003,5,0.1,Credit Card,4930.74
T00550,2024-12-16,C119,P047,S003,5,0.15,Credit Card,5088.02
T00551,2023-12-25,C188,P050,S005,2,0.05,Cash,1984.82
T00552,2025-02-14,C105,P009,S001,2,0.1,Cash,221.74
T00553,2024-10-10,C086,P031,S001,4,0.1,Cash,3944.59
T00554,2024-06-19,C053,P029,S005,2,0.15,Mobile Money,2524.58
T00555,2025-02-18,C016,P046,S002,3,0.0,Cash,3496.11
T00556,2025-02-03,C060,P024,S005,4,0.1,Mobile Money,5354.68
T00557,2024-10-13,C192,P045,S001,5,0.0,Credit Card,9395.4
T00558,2024-11-03,C164,P045,S004,1,0.0,Mobile Money,1879.08
T00559,2024-01-25,C170,P004,S002,2,0.1,Bank Transfer,3336.79
T00560,2024-07-23,C081,P029,S004,3,0.1,Mobile Money,4009.64
T00561,2024-11-20,C070,P050,S002,1,0.05,Credit Card,992.41
T00562,2023-09-14,C200,P036,S005,1,0.05,Cash,1426.39
T00563,2024-05-07,C043,P039,S004,4,0.1,Mobile Money,1947.38
T00564,2024-04-07,C031,P049,S005,3,0.05,Mobile Money,1106.54
T00565,2025-07-17,C079,P036,S004,3,0.0,Cash,4504.38
T00566,2024-03-16,C041,P006,S003,5,0.0,Credit Card,1590.25
T00567,2024-03-23,C084,P031,S002,1,0.05,Bank Transfer,1040.93
T00568,2025-04-01,C102,P045,S005,1,0.1,Bank Transfer,1691.17
T00569,2024-07-27,C045,P037,S001,4,0.15,Credit Card,6639.01
T00570,2024-03-11,C025,P011,S004,1,0.05,Cash,236.14
T00571,2023-12-16,C004,P003,S001,2,0.05,Credit Card,641.5
T00572,2025-07-30,C103,P050,S003,1,0.1,Cash,940.18
T00573,2025-07-12,C006,P012,S001,2,0.15,Credit Card,2028.25
T00574,2023-12-07,C024,P014,S003,1,0.0,Mobile Money,1342.75
T00575,2025-03-29,C013,P020,S002,5,0.15,Mobile Money,1376.66
T00576,2024-07-12,C128,P049,S001,4,0.15,Credit Card,1320.08
T00577,2025-01-05,C091,P037,S002,2,0.1,Bank Transfer,3514.77
T00578,2024-12-19,C115,P028,S002,1,0.05,Bank Transfer,640.09
T00579,2024-01-09,C128,P018,S004,5,0.15,Cash,4589.53
T00580,2023-09-30,C023,P046,S003,4,0.05,Mobile Money,4428.41
T00581,2025-01-01,C052,P025,S005,2,0.0,Mobile Money,858.3
T00582,2025-07-01,C183,P047,S003,4,0.15,Bank Transfer,4070.41
T00583,2025-04-25,C145,P047,S005,3,0.15,Bank Transfer,3052.81
T00584,2024-10-01,C047,P050,S001,3,0.05,Cash,2977.22
T00585,2024-03-21,C200,P027,S003,1,0.15,Bank Transfer,1081.4
T00586,2024-02-02,C197,P039,S005,2,0.05,Cash,1027.79
T00587,2024-05-14,C064,P017,S002,3,0.0,Credit Card,3738.33
T00588,2024-01-13,C148,P019,S004,3,0.05,Credit Card,5024.32
T00589,2025-04-02,C061,P025,S005,3,0.1,Cash,1158.7
T00590,2024-12-09,C181,P047,S003,5,0.05,Credit Card,5686.6
T00591,2024-05-04,C127,P011,S005,3,0.05,Mobile Money,708.42
T00592,2024-02-03,C010,P005,S001,1,0.05,Credit Card,1326.41
T00593,2025-03-31,C006,P015,S005,4,0.0,Bank Transfer,1081.8
T00594,2025-07-16,C158,P024,S002,2,0.1,Credit Card,2677.34
T00595,2023-09-12,C083,P028,S001,1,0.05,Credit Card,640.09
T00596,2024-12-06,C199,P008,S001,5,0.1,Cash,494.01
T00597,2024-08-20,C096,P039,S004,5,0.0,Bank Transfer,2704.7
T00598,2024-12-27,C078,P043,S003,2,0.05,Mobile Money,1072.4
T00599,2024-03-29,C164,P040,S004,3,0.05,Bank Transfer,4974.99
T00600,2025-08-16,C058,P050,S005,2,0.15,Bank Transfer,1775.89
T00601,2025-06-10,C188,P016,S003,2,0.05,Cash,3531.62
T00602,2024-06-05,C180,P020,S005,4,0.0,Credit Card,1295.68
T00603,2024-06-25,C155,P009,S003,5,0.05,Cash,585.15
T00604,2023-11-26,C128,P032,S002,3,0.0,Credit Card,914.13
T00605,2024-07-01,C089,P003,S003,2,0.0,Bank Transfer,675.26
T00606,2024-03-04,C115,P036,S001,3,0.05,Credit Card,4279.16
T00607,2025-05-28,C178,P015,S001,3,0.1,Cash,730.21
T00608,2024-06-05,C185,P003,S001,1,0.15,Mobile Money,286.99
T00609,2023-09-25,C188,P044,S004,2,0.15,Mobile Money,2187.13
T00610,2024-04-05,C097,P026,S003,5,0.15,Cash,4316.98
T00611,2025-05-12,C123,P010,S005,2,0.05,Mobile Money,2268.83
T00612,2024-04-26,C019,P030,S001,3,0.0,Bank Transfer,87.72
T00613,2025-08-31,C067,P013,S001,1,0.1,Credit Card,1021.32
T00614,2025-07-29,C097,P025,S002,1,0.0,Bank Transfer,429.15
T00615,2024-02-28,C153,P033,S005,4,0.0,Mobile Money,7195.88
T00616,2025-01-10,C168,P023,S002,5,0.15,Credit Card,7983.5
T00617,2024-01-23,C014,P007,S001,3,0.05,Credit Card,4201.24
T00618,2025-08-08,C105,P036,S005,5,0.1,Bank Transfer,6756.57
T00619,2024-07-02,C077,P017,S002,1,0.0,Mobile Money,1246.11
T00620,2024-08-21,C147,P034,S005,4,0.05,Cash,1626.59
T00621,2024-08-27,C093,P040,S001,4,0.0,Bank Transfer,6982.44
T00622,2024-03-06,C170,P016,S005,4,0.05,Cash,7063.25
T00623,2025-03-12,C007,P020,S002,2,0.1,Cash,583.06
T00624,2024-09-21,C122,P020,S001,3,0.15,Mobile Money,826.0
T00625,2023-12-07,C126,P038,S003,1,0.15,Credit Card,311.89
T00626,2023-11-17,C095,P020,S004,3,0.05,Mobile Money,923.17
T00627,2025-06-24,C012,P016,S003,4,0.15,Bank Transfer,6319.75
T00628,2024-10-07,C058,P041,S003,5,0.0,Credit Card,8175.05
T00629,2025-01-22,C193,P031,S001,1,0.1,Mobile Money,986.15
T00630,2024-03-04,C194,P018,S005,2,0.0,Mobile Money,2159.78
T00631,2023-11-12,C134,P008,S004,5,0.15,Credit Card,466.56
T00632,2024-08-30,C122,P031,S003,1,0.15,Cash,931.36
T00633,2025-07-16,C129,P010,S005,5,0.05,Cash,5672.07
T00634,2024-12-24,C194,P048,S004,2,0.05,Credit Card,2311.08
T00635,2024-01-18,C050,P044,S002,1,0.15,Cash,1093.57
T00636,2024-12-17,C175,P011,S004,2,0.05,Bank Transfer,472.28
T00637,2023-09-10,C082,P008,S001,1,0.15,Mobile Money,93.31
T00638,2024-09-20,C142,P008,S003,3,0.15,Cash,279.94
T00639,2024-04-03,C180,P018,S005,5,0.15,Cash,4589.53
T00640,2023-12-23,C107,P039,S002,2,0.0,Cash,1081.88
T00641,2024-02-14,C145,P038,S001,3,0.1,Mobile Money,990.71
T00642,2024-04-01,C068,P037,S004,4,0.15,Cash,6639.01
T00643,2024-02-12,C045,P043,S003,4,0.05,Mobile Money,2144.8
T00644,2024-04-26,C010,P014,S004,3,0.05,Cash,3826.84
T00645,2024-02-20,C191,P041,S004,3,0.1,Cash,4414.53
T00646,2025-03-18,C087,P037,S003,3,0.1,Mobile Money,5272.16
T00647,2023-12-04,C179,P041,S001,2,0.05,Bank Transfer,3106.52
T00648,2025-01-18,C191,P033,S004,3,0.1,Mobile Money,4857.22
T00649,2025-09-02,C155,P043,S001,2,0.15,Credit Card,959.51
T00650,2025-07-05,C105,P016,S004,5,0.1,Cash,8364.38
T00651,2023-11-08,C132,P045,S002,1,0.1,Mobile Money,1691.17
T00652,2024-04-25,C035,P025,S005,5,0.0,Credit Card,2145.75
T00653,2024-06-16,C050,P044,S002,1,0.05,Cash,1222.22
T00654,2024-03-23,C117,P045,S001,3,0.05,Bank Transfer,5355.38
T00655,2025-01-09,C095,P021,S004,5,0.15,Cash,5215.77
T00656,2024-11-27,C175,P009,S001,2,0.1,Mobile Money,221.74
T00657,2024-10-28,C153,P015,S004,2,0.15,Bank Transfer,459.76
T00658,2024-12-14,C089,P046,S002,3,0.0,Bank Transfer,3496.11
T00659,2024-08-12,C008,P036,S004,1,0.05,Credit Card,1426.39
T00660,2023-12-05,C057,P023,S002,2,0.1,Mobile Money,3381.25
T00661,2024-10-04,C132,P024,S001,1,0.15,Credit Card,1264.3
T00662,2024-06-06,C166,P014,S002,5,0.0,Credit Card,6713.75
T00663,2024-02-21,C065,P004,S005,3,0.1,Mobile Money,5005.18
T00664,2025-03-21,C097,P032,S003,4,0.1,Credit Card,1096.96
T00665,2025-04-11,C120,P003,S003,5,0.15,Cash,1434.93
T00666,2024-01-27,C002,P018,S005,3,0.1,Bank Transfer,2915.7
T00667,2025-07-12,C176,P021,S001,4,0.0,Bank Transfer,4908.96
T00668,2023-11-23,C071,P048,S003,3,0.1,Bank Transfer,3284.17
T00669,2023-12-01,C049,P032,S002,5,0.05,Cash,1447.37
T00670,2024-11-10,C154,P001,S004,3,0.05,Cash,4770.02
T00671,2024-08-05,C168,P010,S004,3,0.1,Mobile Money,3224.12
T00672,2024-01-09,C104,P023,S004,1,0.05,Bank Transfer,1784.55
T00673,2024-03-16,C186,P038,S002,5,0.15,Bank Transfer,1559.45
T00674,2025-04-16,C130,P021,S003,2,0.05,Bank Transfer,2331.76
T00675,2024-11-14,C025,P036,S004,2,0.1,Credit Card,2702.63
T00676,2024-06-11,C175,P027,S003,1,0.05,Bank Transfer,1208.62
T00677,2023-11-17,C058,P029,S003,4,0.1,Bank Transfer,5346.18
T00678,2024-10-12,C067,P008,S005,3,0.15,Cash,279.94
T00679,2024-02-18,C121,P027,S001,5,0.0,Mobile Money,6361.15
T00680,2025-08-07,C050,P039,S005,1,0.15,Bank Transfer,459.8
T00681,2024-04-18,C106,P020,S001,2,0.05,Credit Card,615.45
T00682,2023-09-16,C088,P013,S004,5,0.15,Credit Card,4822.9
T00683,2025-07-04,C081,P030,S002,1,0.15,Bank Transfer,24.85
T00684,2024-09-02,C162,P008,S002,3,0.0,Cash,329.34
T00685,2024-09-14,C116,P050,S003,2,0.05,Credit Card,1984.82
T00686,2023-09-29,C126,P014,S001,2,0.15,Mobile Money,2282.67
T00687,2025-07-29,C104,P032,S004,4,0.15,Cash,1036.01
T00688,2025-06-17,C010,P041,S005,2,0.1,Cash,2943.02
T00689,2024-01-18,C083,P028,S005,2,0.0,Cash,1347.56
T00690,2024-05-15,C161,P031,S002,2,0.1,Bank Transfer,1972.3
T00691,2024-12-06,C034,P016,S001,4,0.1,Credit Card,6691.5
T00692,2025-06-19,C017,P033,S001,3,0.1,Mobile Money,4857.22
T00693,2023-10-30,C187,P024,S005,5,0.1,Mobile Money,6693.34
T00694,2025-06-24,C176,P019,S002,3,0.15,Bank Transfer,4495.45
T00695,2024-06-30,C193,P050,S002,2,0.15,Cash,1775.89
T00696,2023-09-28,C059,P050,S002,2,0.05,Cash,1984.82
T00697,2024-03-12,C151,P028,S005,2,0.0,Bank Transfer,1347.56
T00698,2023-09-30,C183,P035,S001,4,0.1,Cash,5624.75
T00699,2024-02-19,C153,P031,S001,1,0.0,Cash,1095.72
T00700,2024-03-09,C177,P039,S001,4,0.15,Mobile Money,1839.2
T00701,2023-10-01,C032,P001,S005,3,0.15,Credit Card,4267.91
T00702,2024-03-30,C053,P039,S001,3,0.15,Cash,1379.4
T00703,2025-06-13,C170,P025,S005,3,0.05,Mobile Money,1223.08
T00704,2023-10-08,C027,P008,S005,5,0.0,Bank Transfer,548.9
T00705,2024-05-23,C030,P007,S001,4,0.05,Credit Card,5601.66
T00706,2024-04-19,C200,P014,S003,5,0.05,Bank Transfer,6378.06
T00707,2024-02-14,C181,P005,S004,3,0.05,Cash,3979.23
T00708,2024-11-25,C141,P038,S004,2,0.15,Bank Transfer,623.78
T00709,2024-04-10,C061,P032,S001,1,0.0,Cash,304.71
T00710,2024-06-03,C147,P006,S004,2,0.0,Cash,636.1
T00711,2024-06-05,C186,P027,S001,3,0.05,Mobile Money,3625.86
T00712,2024-02-03,C076,P001,S003,4,0.0,Cash,6694.76
T00713,2024-06-26,C045,P008,S001,3,0.1,Bank Transfer,296.41
T00714,2023-12-20,C110,P021,S001,1,0.0,Cash,1227.24
T00715,2023-10-01,C036,P029,S002,3,0.1,Mobile Money,4009.64
T00716,2025-08-21,C160,P044,S003,1,0.1,Bank Transfer,1157.9
T00717,2024-05-08,C047,P049,S001,4,0.15,Mobile Money,1320.08
T00718,2025-07-25,C070,P050,S004,4,0.15,Credit Card,3551.78
T00719,2025-07-24,C029,P038,S002,1,0.05,Cash,348.58
T00720,2025-04-13,C107,P017,S005,4,0.15,Credit Card,4236.77
T00721,2024-06-24,C157,P001,S004,3,0.0,Credit Card,5021.07
T00722,2025-05-12,C124,P018,S004,1,0.15,Mobile Money,917.91
T00723,2024-07-26,C012,P015,S001,3,0.1,Cash,730.21
T00724,2025-06-14,C181,P015,S005,5,0.05,Bank Transfer,1284.64
T00725,2024-03-20,C133,P034,S005,5,0.0,Mobile Money,2140.25
T00726,2024-05-26,C170,P037,S002,4,0.1,Mobile Money,7029.54
T00727,2023-11-13,C039,P035,S005,5,0.0,Cash,7812.15
T00728,2024-06-30,C165,P014,S002,5,0.15,Mobile Money,5706.69
T00729,2025-04-20,C043,P019,S001,4,0.1,Credit Card,6346.51
T00730,2024-10-01,C085,P026,S003,1,0.05,Mobile Money,964.97
T00731,2025-04-05,C104,P019,S002,1,0.15,Mobile Money,1498.48
T00732,2025-07-30,C147,P004,S004,1,0.15,Mobile Money,1575.7
T00733,2024-09-01,C081,P002,S001,4,0.0,Cash,3275.04
T00734,2023-11-19,C104,P040,S004,1,0.0,Cash,1745.61
T00735,2025-03-02,C155,P005,S005,3,0.05,Mobile Money,3979.23
T00736,2025-08-16,C088,P047,S003,1,0.05,Mobile Money,1137.32
T00737,2024-01-08,C085,P016,S005,5,0.15,Bank Transfer,7899.69
T00738,2024-08-13,C184,P040,S004,1,0.0,Credit Card,1745.61
T00739,2024-11-28,C001,P005,S003,3,0.1,Bank Transfer,3769.79
T00740,2023-10-08,C180,P037,S001,1,0.05,Mobile Money,1855.02
T00741,2023-10-12,C036,P049,S004,1,0.1,Credit Card,349.43
T00742,2024-05-09,C049,P017,S001,4,0.05,Mobile Money,4735.22
T00743,2024-03-19,C049,P004,S003,1,0.15,Cash,1575.7
T00744,2024-06-12,C163,P042,S005,1,0.15,Mobile Money,385.58
T00745,2024-04-09,C169,P023,S005,5,0.05,Mobile Money,8922.73
T00746,2025-03-01,C002,P037,S005,1,0.15,Mobile Money,1659.75
T00747,2023-09-28,C131,P008,S002,5,0.05,Credit Card,521.45
T00748,2024-11-12,C027,P022,S004,5,0.1,Mobile Money,115.06
T00749,2023-12-07,C108,P010,S005,2,0.1,Mobile Money,2149.42
T00750,2024-12-30,C088,P004,S003,4,0.05,Credit Card,7044.33
T00751,2025-05-06,C106,P009,S005,5,0.1,Bank Transfer,554.36
T00752,2025-07-21,C183,P005,S005,2,0.05,Credit Card,2652.82
T00753,2024-02-02,C160,P020,S003,3,0.05,Credit Card,923.17
T00754,2023-10-05,C129,P013,S005,3,0.0,Bank Transfer,3404.4
T00755,2024-11-05,C144,P025,S004,5,0.15,Bank Transfer,1823.89
T00756,2025-06-09,C109,P040,S001,5,0.0,Cash,8728.05
T00757,2023-09-18,C098,P042,S002,1,0.0,Credit Card,453.62
T00758,2024-12-29,C069,P004,S002,3,0.1,Credit Card,5005.18
T00759,2023-09-19,C016,P006,S003,2,0.0,Bank Transfer,636.1
T00760,2025-04-30,C116,P016,S001,5,0.05,Mobile Money,8829.06
T00761,2025-04-24,C061,P008,S005,3,0.0,Mobile Money,329.34
T00762,2023-10-29,C100,P018,S004,3,0.0,Cash,3239.67
T00763,2023-09-23,C191,P022,S003,2,0.15,Credit Card,43.47
T00764,2025-08-24,C163,P029,S003,5,0.05,Credit Card,7053.99
T00765,2025-04-03,C076,P046,S004,2,0.0,Credit Card,2330.74
T00766,2025-06-20,C045,P039,S005,1,0.15,Cash,459.8
T00767,2025-03-31,C110,P021,S003,5,0.1,Credit Card,5522.58
T00768,2024-12-13,C042,P039,S005,3,0.0,Bank Transfer,1622.82
T00769,2025-07-20,C120,P007,S002,1,0.05,Bank Transfer,1400.41
T00770,2023-12-13,C153,P050,S001,5,0.1,Mobile Money,4700.88
T00771,2024-07-01,C147,P046,S005,3,0.0,Bank Transfer,3496.11
T00772,2025-09-07,C135,P040,S002,2,0.0,Credit Card,3491.22
T00773,2023-10-28,C107,P028,S005,5,0.15,Cash,2863.56
T00774,2024-02-16,C090,P013,S002,2,0.1,Bank Transfer,2042.64
T00775,2024-10-19,C093,P008,S003,2,0.15,Cash,186.63
T00776,2025-03-03,C030,P022,S003,4,0.05,Credit Card,97.17
T00777,2024-12-10,C011,P021,S003,4,0.0,Mobile Money,4908.96
T00778,2024-11-27,C066,P015,S005,3,0.0,Bank Transfer,811.35
T00779,2024-08-20,C132,P010,S005,4,0.15,Cash,4060.01
T00780,2024-12-11,C076,P022,S002,3,0.0,Cash,76.71
T00781,2025-08-02,C043,P017,S005,5,0.0,Cash,6230.55
T00782,2025-02-23,C054,P044,S002,4,0.0,Credit Card,5146.2
T00783,2024-07-09,C138,P026,S004,1,0.05,Cash,964.97
T00784,2025-06-27,C118,P038,S003,1,0.0,Cash,366.93
T00785,2024-05-19,C014,P008,S002,3,0.0,Credit Card,329.34
T00786,2024-05-31,C067,P049,S004,4,0.15,Mobile Money,1320.08
T00787,2025-07-08,C111,P007,S003,1,0.15,Cash,1253.0
T00788,2024-01-30,C137,P022,S001,5,0.0,Cash,127.85
T00789,2023-12-03,C180,P030,S001,3,0.0,Bank Transfer,87.72
T00790,2025-03-28,C176,P008,S003,5,0.0,Bank Transfer,548.9
T00791,2025-03-23,C196,P050,S004,4,0.15,Cash,3551.78
T00792,2024-12-06,C122,P049,S002,5,0.05,Credit Card,1844.24
T00793,2024-12-05,C192,P027,S004,5,0.1,Credit Card,5725.04
T00794,2024-09-02,C077,P015,S003,1,0.05,Cash,256.93
T00795,2024-03-26,C011,P049,S001,5,0.15,Cash,1650.1
T00796,2023-10-03,C079,P014,S002,3,0.05,Mobile Money,3826.84
T00797,2023-09-20,C166,P037,S005,2,0.05,Credit Card,3710.04
T00798,2025-07-30,C057,P005,S005,3,0.05,Cash,3979.23
T00799,2025-02-04,C047,P002,S005,1,0.15,Cash,695.95
T00800,2024-04-23,C075,P013,S001,3,0.0,Credit Card,3404.4
T00801,2024-02-05,C186,P029,S005,4,0.1,Bank Transfer,5346.18
T00802,2025-05-06,C033,P017,S002,1,0.1,Cash,1121.5
T00803,2023-09-28,C050,P027,S003,4,0.15,Bank Transfer,4325.58
T00804,2025-06-29,C158,P027,S003,5,0.05,Bank Transfer,6043.09
T00805,2023-10-06,C081,P048,S004,2,0.0,Bank Transfer,2432.72
T00806,2025-06-27,C064,P041,S002,4,0.1,Bank Transfer,5886.04
T00807,2024-11-04,C035,P050,S003,4,0.15,Mobile Money,3551.78
T00808,2024-03-18,C092,P006,S003,4,0.0,Credit Card,1272.2
T00809,2025-06-11,C166,P041,S005,1,0.1,Credit Card,1471.51
T00810,2025-04-02,C138,P008,S002,3,0.0,Cash,329.34
T00811,2024-10-06,C005,P032,S005,1,0.15,Credit Card,259.0
T00812,2024-05-01,C010,P020,S005,3,0.15,Credit Card,826.0
T00813,2023-12-29,C094,P035,S004,2,0.1,Credit Card,2812.37
T00814,2024-02-13,C119,P040,S005,5,0.0,Mobile Money,8728.05
T00815,2025-01-16,C094,P004,S005,1,0.05,Credit Card,1761.08
T00816,2024-08-13,C194,P016,S005,2,0.15,Credit Card,3159.88
T00817,2025-05-12,C046,P005,S005,5,0.05,Mobile Money,6632.04
T00818,2024-11-08,C092,P001,S001,2,0.15,Credit Card,2845.27
T00819,2025-08-24,C017,P025,S003,3,0.05,Cash,1223.08
T00820,2025-03-01,C172,P046,S002,5,0.1,Mobile Money,5244.16
T00821,2024-07-07,C121,P006,S004,1,0.0,Bank Transfer,318.05
T00822,2025-01-04,C027,P015,S005,3,0.1,Credit Card,730.21
T00823,2025-03-23,C097,P006,S004,3,0.0,Bank Transfer,954.15
T00824,2025-06-01,C097,P001,S002,5,0.15,Bank Transfer,7113.18
T00825,2024-02-24,C089,P011,S004,4,0.0,Credit Card,994.28
T00826,2023-11-15,C113,P038,S002,2,0.0,Bank Transfer,733.86
T00827,2025-02-25,C055,P026,S002,2,0.05,Bank Transfer,1929.94
T00828,2024-09-03,C155,P019,S001,2,0.15,Bank Transfer,2996.96
T00829,2023-12-11,C185,P021,S001,4,0.15,Mobile Money,4172.62
T00830,2024-03-19,C054,P008,S005,2,0.15,Cash,186.63
T00831,2023-11-07,C063,P005,S001,2,0.05,Credit Card,2652.82
T00832,2025-04-26,C162,P049,S005,1,0.05,Cash,368.85
T00833,2024-10-16,C043,P038,S003,2,0.15,Cash,623.78
T00834,2025-07-06,C185,P010,S003,1,0.05,Mobile Money,1134.41
T00835,2025-01-09,C156,P044,S004,4,0.05,Credit Card,4888.89
T00836,2025-07-22,C106,P044,S005,2,0.05,Bank Transfer,2444.44
T00837,2024-08-30,C043,P025,S003,4,0.0,Credit Card,1716.6
T00838,2024-08-05,C097,P025,S004,2,0.0,Cash,858.3
T00839,2024-09-11,C052,P011,S005,5,0.15,Credit Card,1056.42
T00840,2024-07-24,C156,P025,S001,2,0.15,Cash,729.56
T00841,2024-10-25,C137,P038,S005,1,0.0,Mobile Money,366.93
T00842,2025-08-16,C169,P010,S002,5,0.0,Mobile Money,5970.6
T00843,2025-08-06,C134,P023,S004,3,0.0,Mobile Money,5635.41
T00844,2023-10-04,C059,P005,S004,4,0.1,Cash,5026.39
T00845,2024-08-17,C109,P033,S002,3,0.15,Credit Card,4587.37
T00846,2024-08-11,C022,P036,S003,5,0.15,Bank Transfer,6381.2
T00847,2024-09-16,C049,P022,S001,1,0.0,Cash,25.57
T00848,2024-05-01,C097,P002,S002,3,0.15,Bank Transfer,2087.84
T00849,2025-05-30,C028,P005,S002,4,0.1,Bank Transfer,5026.39
T00850,2025-08-03,C138,P045,S004,5,0.1,Bank Transfer,8455.86
T00851,2024-07-16,C175,P040,S004,2,0.15,Mobile Money,2967.54
T00852,2024-04-01,C046,P048,S003,5,0.15,Bank Transfer,5169.53
T00853,2024-11-05,C079,P003,S005,3,0.15,Credit Card,860.96
T00854,2024-08-30,C169,P009,S001,2,0.15,Credit Card,209.42
T00855,2023-11-14,C026,P012,S002,5,0.15,Bank Transfer,5070.63
T00856,2024-07-03,C141,P039,S005,1,0.05,Mobile Money,513.89
T00857,2025-01-03,C163,P022,S001,1,0.05,Mobile Money,24.29
T00858,2025-04-16,C154,P031,S004,1,0.0,Bank Transfer,1095.72
T00859,2024-03-06,C057,P004,S003,1,0.0,Mobile Money,1853.77
T00860,2024-08-23,C103,P013,S005,5,0.1,Cash,5106.6
T00861,2025-07-24,C199,P043,S002,4,0.15,Cash,1919.03
T00862,2024-10-28,C052,P003,S005,3,0.05,Cash,962.25
T00863,2025-03-29,C154,P045,S005,5,0.05,Credit Card,8925.63
T00864,2024-02-12,C173,P005,S001,3,0.05,Cash,3979.23
T00865,2023-11-19,C041,P037,S001,3,0.15,Bank Transfer,4979.26
T00866,2025-04-11,C172,P002,S004,4,0.05,Cash,3111.29
T00867,2024-06-01,C189,P043,S001,1,0.1,Bank Transfer,507.98
T00868,2024-09-09,C089,P025,S003,2,0.05,Mobile Money,815.38
T00869,2024-12-08,C104,P011,S005,1,0.1,Credit Card,223.71
T00870,2023-10-07,C105,P012,S005,1,0.0,Bank Transfer,1193.09
T00871,2024-11-21,C088,P038,S001,5,0.1,Bank Transfer,1651.19
T00872,2025-07-20,C178,P041,S004,4,0.15,Credit Card,5559.03
T00873,2024-09-28,C194,P047,S003,4,0.15,Cash,4070.41
T00874,2024-10-05,C124,P040,S001,3,0.0,Mobile Money,5236.83
T00875,2024-11-30,C163,P022,S002,2,0.1,Mobile Money,46.03
T00876,2024-05-23,C091,P048,S005,5,0.0,Bank Transfer,6081.8
T00877,2023-11-16,C064,P014,S003,1,0.15,Bank Transfer,1141.34
T00878,2023-12-27,C020,P018,S005,2,0.15,Bank Transfer,1835.81
T00879,2024-09-05,C091,P049,S002,5,0.1,Credit Card,1747.17
T00880,2024-01-18,C192,P043,S002,4,0.05,Credit Card,2144.8
T00881,2024-08-16,C189,P030,S002,3,0.05,Credit Card,83.33
T00882,2024-12-08,C052,P038,S002,5,0.1,Credit Card,1651.19
T00883,2025-04-29,C200,P013,S001,1,0.0,Mobile Money,1134.8
T00884,2025-05-03,C158,P044,S001,5,0.0,Mobile Money,6432.75
T00885,2024-09-27,C096,P001,S005,3,0.15,Bank Transfer,4267.91
T00886,2024-11-25,C126,P019,S002,5,0.1,Mobile Money,7933.14
T00887,2025-06-17,C057,P006,S005,2,0.0,Mobile Money,636.1
T00888,2024-06-24,C123,P027,S005,1,0.1,Mobile Money,1145.01
T00889,2025-08-05,C176,P025,S002,4,0.0,Mobile Money,1716.6
T00890,2025-01-21,C081,P021,S001,1,0.05,Mobile Money,1165.88
T00891,2025-02-17,C149,P017,S001,3,0.1,Bank Transfer,3364.5
T00892,2025-07-11,C048,P023,S005,3,0.05,Bank Transfer,5353.64
T00893,2023-11-01,C121,P023,S005,3,0.1,Credit Card,5071.87
T00894,2024-07-17,C128,P049,S004,2,0.15,Bank Transfer,660.04
T00895,2024-11-11,C094,P039,S004,3,0.15,Credit Card,1379.4
T00896,2025-06-13,C147,P015,S002,5,0.05,Cash,1284.64
T00897,2024-02-17,C185,P020,S003,2,0.15,Mobile Money,550.66
T00898,2025-01-10,C051,P035,S002,2,0.15,Cash,2656.13
T00899,2024-07-28,C046,P031,S004,4,0.05,Bank Transfer,4163.74
T00900,2024-08-13,C125,P042,S003,3,0.0,Mobile Money,1360.86
T00901,2024-11-30,C026,P018,S002,1,0.05,Bank Transfer,1025.9
T00902,2024-02-20,C122,P005,S001,4,0.1,Bank Transfer,5026.39
T00903,2024-08-03,C093,P027,S003,5,0.1,Bank Transfer,5725.04
T00904,2024-08-10,C006,P018,S004,1,0.1,Credit Card,971.9
T00905,2025-04-28,C148,P001,S005,5,0.05,Bank Transfer,7950.03
T00906,2025-07-13,C091,P032,S003,5,0.15,Mobile Money,1295.02
T00907,2025-01-26,C021,P045,S004,5,0.1,Mobile Money,8455.86
T00908,2023-11-08,C162,P038,S002,2,0.1,Mobile Money,660.47
T00909,2024-07-31,C162,P024,S005,5,0.15,Cash,6321.49
T00910,2024-03-10,C021,P007,S002,3,0.05,Bank Transfer,4201.24
T00911,2024-08-03,C082,P018,S003,3,0.15,Bank Transfer,2753.72
T00912,2024-03-10,C114,P013,S003,5,0.15,Mobile Money,4822.9
T00913,2025-03-17,C043,P001,S002,1,0.05,Credit Card,1590.01
T00914,2025-03-10,C170,P008,S003,1,0.05,Credit Card,104.29
T00915,2024-02-28,C102,P013,S001,1,0.0,Mobile Money,1134.8
T00916,2025-06-30,C141,P041,S001,1,0.15,Cash,1389.76
T00917,2024-03-03,C027,P043,S003,5,0.05,Cash,2681.0
T00918,2025-03-01,C168,P024,S004,3,0.05,Credit Card,4239.12
T00919,2024-12-10,C189,P026,S003,4,0.05,Credit Card,3859.89
T00920,2025-03-10,C135,P039,S002,1,0.0,Bank Transfer,540.94
T00921,2025-04-01,C084,P035,S004,4,0.1,Mobile Money,5624.75
T00922,2025-02-23,C035,P024,S005,2,0.15,Mobile Money,2528.6
T00923,2024-11-04,C135,P013,S005,3,0.1,Mobile Money,3063.96
T00924,2024-12-13,C139,P011,S002,1,0.15,Bank Transfer,211.28
T00925,2025-01-22,C094,P027,S004,3,0.05,Bank Transfer,3625.86
T00926,2024-11-10,C003,P001,S001,5,0.05,Bank Transfer,7950.03
T00927,2025-02-16,C074,P016,S004,5,0.0,Mobile Money,9293.75
T00928,2023-10-05,C194,P026,S004,3,0.0,Mobile Money,3047.28
T00929,2024-07-20,C075,P001,S005,2,0.0,Bank Transfer,3347.38
T00930,2025-08-03,C049,P005,S004,5,0.15,Mobile Money,5933.94
T00931,2025-04-09,C064,P026,S002,4,0.15,Credit Card,3453.58
T00932,2025-08-25,C068,P003,S001,4,0.05,Bank Transfer,1282.99
T00933,2023-12-18,C073,P015,S005,3,0.15,Credit Card,689.65
T00934,2025-02-03,C018,P042,S002,2,0.1,Cash,816.52
T00935,2024-05-11,C164,P048,S004,5,0.15,Bank Transfer,5169.53
T00936,2024-09-21,C180,P026,S005,4,0.05,Bank Transfer,3859.89
T00937,2024-02-11,C005,P037,S002,1,0.0,Credit Card,1952.65
T00938,2024-05-12,C027,P022,S003,3,0.05,Mobile Money,72.87
T00939,2025-04-17,C187,P033,S001,2,0.0,Credit Card,3597.94
T00940,2024-07-18,C004,P016,S004,2,0.1,Mobile Money,3345.75
T00941,2024-01-24,C080,P032,S004,3,0.15,Cash,777.01
T00942,2025-05-02,C085,P014,S001,2,0.0,Bank Transfer,2685.5
T00943,2025-06-20,C199,P045,S004,1,0.15,Credit Card,1597.22
T00944,2024-11-21,C050,P019,S003,4,0.0,Cash,7051.68
T00945,2025-08-06,C197,P010,S002,4,0.15,Credit Card,4060.01
T00946,2025-07-20,C189,P015,S001,2,0.15,Cash,459.76
T00947,2024-12-28,C134,P036,S002,4,0.15,Bank Transfer,5104.96
T00948,2024-09-17,C083,P011,S002,1,0.0,Bank Transfer,248.57
T00949,2023-11-24,C124,P023,S003,2,0.1,Cash,3381.25
T00950,2023-12-15,C171,P040,S002,1,0.05,Mobile Money,1658.33
T00951,2025-07-18,C084,P025,S001,2,0.1,Cash,772.47
T00952,2024-07-30,C102,P039,S002,1,0.0,Mobile Money,540.94
T00953,2024-08-31,C177,P014,S005,2,0.1,Cash,2416.95
T00954,2024-08-11,C064,P007,S002,4,0.0,Bank Transfer,5896.48
T00955,2024-05-08,C195,P038,S001,1,0.1,Credit Card,330.24
T00956,2024-11-25,C180,P042,S005,1,0.05,Mobile Money,430.94
T00957,2024-08-26,C060,P017,S003,5,0.1,Mobile Money,5607.5
T00958,2023-10-11,C188,P019,S002,1,0.15,Bank Transfer,1498.48
T00959,2024-04-17,C186,P033,S002,3,0.0,Mobile Money,5396.91
T00960,2025-07-18,C181,P020,S004,5,0.1,Mobile Money,1457.64
T00961,2025-05-30,C049,P015,S005,2,0.1,Bank Transfer,486.81
T00962,2025-06-14,C188,P031,S004,3,0.05,Cash,3122.8
T00963,2023-09-20,C136,P047,S002,4,0.1,Bank Transfer,4309.85
T00964,2024-07-31,C139,P046,S003,4,0.0,Mobile Money,4661.48
T00965,2025-03-23,C188,P030,S002,1,0.1,Credit Card,26.32
T00966,2024-02-02,C083,P003,S001,5,0.15,Credit Card,1434.93
T00967,2024-09-07,C135,P022,S004,5,0.05,Bank Transfer,121.46
T00968,2025-01-20,C083,P031,S004,3,0.0,Cash,3287.16
T00969,2024-01-05,C134,P011,S001,1,0.05,Credit Card,236.14
T00970,2024-11-03,C009,P042,S002,1,0.15,Credit Card,385.58
T00971,2025-07-18,C026,P016,S001,5,0.15,Mobile Money,7899.69
T00972,2025-03-17,C135,P037,S005,5,0.1,Cash,8786.93
T00973,2025-05-31,C094,P044,S002,5,0.0,Cash,6432.75
T00974,2024-03-26,C054,P045,S004,1,0.15,Cash,1597.22
T00975,2024-03-21,C093,P045,S005,4,0.1,Cash,6764.69
T00976,2025-04-13,C158,P045,S003,5,0.0,Cash,9395.4
T00977,2024-08-09,C078,P045,S001,2,0.0,Cash,3758.16
T00978,2025-01-02,C186,P033,S002,5,0.15,Credit Card,7645.62
T00979,2023-10-31,C050,P014,S005,2,0.05,Mobile Money,2551.22
T00980,2024-12-12,C192,P001,S001,5,0.1,Mobile Money,7531.6
T00981,2024-06-29,C180,P031,S004,1,0.05,Credit Card,1040.93
T00982,2025-07-29,C141,P002,S004,5,0.1,Credit Card,3684.42
T00983,2025-07-23,C137,P019,S005,4,0.1,Bank Transfer,6346.51
T00984,2024-10-18,C141,P029,S003,3,0.15,Mobile Money,3786.88
T00985,2024-07-04,C186,P026,S003,5,0.05,Credit Card,4824.86
T00986,2024-08-21,C097,P024,S005,3,0.1,Mobile Money,4016.01
T00987,2024-08-29,C115,P030,S004,1,0.0,Bank Transfer,29.24
T00988,2024-09-24,C153,P030,S001,5,0.05,Bank Transfer,138.89
T00989,2023-11-05,C002,P007,S003,2,0.05,Bank Transfer,2800.83
T00990,2025-05-26,C006,P020,S003,5,0.05,Cash,1538.62
T00991,2024-07-02,C010,P046,S004,3,0.05,Credit Card,3321.3
T00992,2023-12-13,C068,P011,S003,5,0.05,Credit Card,1180.71
T00993,2024-01-26,C066,P029,S003,1,0.15,Credit Card,1262.29
T00994,2024-09-05,C188,P016,S001,3,0.15,Credit Card,4739.81
T00995,2024-09-04,C125,P021,S005,1,0.1,Cash,1104.52
T00996,2024-08-29,C188,P032,S005,4,0.0,Cash,1218.84
T00997,2024-05-24,C198,P050,S003,3,0.15,Mobile Money,2663.83
T00998,2024-10-31,C031,P014,S002,5,0.0,Mobile Money,6713.75
T00999,2024-01-12,C014,P024,S003,5,0.0,Bank Transfer,7437.05
T01000,2025-08-12,C139,P037,S005,2,0.1,Credit Card,3514.77
T01001,2024-12-28,C040,P047,S001,4,0.15,Cash,4070.41
T01002,2024-11-28,C057,P015,S004,3,0.15,Credit Card,689.65
T01003,2024-02-23,C034,P030,S003,1,0.15,Cash,24.85
T01004,2024-12-08,C141,P019,S004,3,0.0,Mobile Money,5288.76
T01005,2024-05-30,C129,P014,S004,2,0.05,Mobile Money,2551.22
T01006,2024-12-11,C144,P002,S002,4,0.15,Credit Card,2783.78
T01007,2024-03-19,C144,P018,S005,5,0.05,Credit Card,5129.48
T01008,2025-06-10,C019,P014,S003,4,0.1,Cash,4833.9
T01009,2023-11-01,C029,P047,S004,4,0.1,Bank Transfer,4309.85
T01010,2024-05-09,C049,P036,S003,3,0.0,Bank Transfer,4504.38
T01011,2024-04-21,C044,P001,S003,5,0.15,Credit Card,7113.18
T01012,2024-02-21,C113,P028,S001,2,0.05,Bank Transfer,1280.18
T01013,2024-02-19,C040,P020,S001,1,0.0,Credit Card,323.92
T01014,2025-05-13,C159,P008,S002,3,0.0,Bank Transfer,329.34
T01015,2025-06-20,C178,P005,S001,3,0.15,Mobile Money,3560.36
T01016,2024-07-07,C006,P026,S003,2,0.05,Credit Card,1929.94
T01017,2023-11-13,C140,P046,S005,3,0.15,Credit Card,2971.69
T01018,2024-06-08,C178,P032,S001,4,0.0,Bank Transfer,1218.84
T01019,2024-06-27,C044,P039,S001,3,0.05,Bank Transfer,1541.68
T01020,2025-08-21,C014,P010,S004,1,0.0,Mobile Money,1194.12
T01021,2024-02-11,C170,P006,S003,3,0.0,Cash,954.15
T01022,2024-03-08,C075,P026,S004,2,0.15,Cash,1726.79
T01023,2024-07-10,C081,P001,S004,5,0.0,Credit Card,8368.45
T01024,2024-12-04,C051,P039,S005,4,0.0,Cash,2163.76
T01025,2023-12-27,C064,P023,S005,3,0.1,Mobile Money,5071.87
T01026,2023-09-26,C101,P044,S002,1,0.1,Bank Transfer,1157.9
T01027,2024-10-31,C091,P040,S003,2,0.1,Cash,3142.1
T01028,2025-03-10,C161,P002,S003,4,0.0,Bank Transfer,3275.04
T01029,2024-02-20,C058,P031,S002,3,0.15,Credit Card,2794.09
T01030,2023-12-10,C023,P001,S004,5,0.05,Mobile Money,7950.03
T01031,2024-03-27,C062,P037,S005,2,0.15,Bank Transfer,3319.5
T01032,2024-06-10,C155,P019,S003,4,0.05,Credit Card,6699.1
T01033,2025-01-14,C168,P027,S002,5,0.05,Credit Card,6043.09
T01034,2023-10-12,C080,P010,S005,2,0.15,Credit Card,2030.0
T01035,2025-02-06,C168,P023,S005,2,0.1,Cash,3381.25
T01036,2024-08-04,C143,P002,S005,1,0.05,Bank Transfer,777.82
T01037,2024-10-23,C038,P050,S001,3,0.15,Mobile Money,2663.83
T01038,2024-01-08,C078,P019,S004,3,0.05,Credit Card,5024.32
T01039,2025-06-13,C028,P030,S002,2,0.0,Bank Transfer,58.48
T01040,2024-03-26,C156,P044,S005,5,0.05,Credit Card,6111.11
T01041,2025-05-22,C060,P002,S001,3,0.0,Mobile Money,2456.28
T01042,2024-10-19,C035,P001,S005,5,0.15,Bank Transfer,7113.18
T01043,2024-05-01,C048,P001,S004,4,0.15,Credit Card,5690.55
T01044,2024-07-12,C042,P028,S002,2,0.0,Mobile Money,1347.56
T01045,2024-11-04,C196,P049,S001,3,0.15,Credit Card,990.06
T01046,2025-03-03,C191,P019,S002,2,0.0,Credit Card,3525.84
T01047,2023-09-15,C113,P036,S005,4,0.1,Mobile Money,5405.26
T01048,2024-01-17,C064,P024,S004,4,0.0,Mobile Money,5949.64
T01049,2023-12-22,C185,P020,S003,4,0.0,Cash,1295.68
T01050,2024-06-11,C116,P048,S004,1,0.05,Mobile Money,1155.54
T01051,2024-08-26,C189,P016,S001,5,0.15,Cash,7899.69
T01052,2024-12-17,C049,P032,S003,4,0.15,Bank Transfer,1036.01
T01053,2024-06-05,C199,P049,S003,4,0.05,Mobile Money,1475.39
T01054,2025-02-22,C076,P012,S005,1,0.05,Mobile Money,1133.44
T01055,2023-11-28,C166,P013,S004,1,0.0,Credit Card,1134.8
T01056,2023-12-15,C200,P014,S005,5,0.05,Mobile Money,6378.06
T01057,2023-12-25,C106,P002,S003,4,0.0,Credit Card,3275.04
T01058,2024-03-12,C117,P042,S005,2,0.15,Cash,771.15
T01059,2025-07-22,C065,P015,S003,2,0.0,Cash,540.9
T01060,2025-01-08,C030,P034,S004,3,0.0,Mobile Money,1284.15
T01061,2024-09-28,C187,P038,S005,5,0.05,Mobile Money,1742.92
T01062,2024-04-06,C141,P033,S004,1,0.05,Bank Transfer,1709.02
T01063,2024-05-31,C145,P045,S002,2,0.05,Credit Card,3570.25
T01064,2023-11-26,C197,P040,S001,4,0.1,Bank Transfer,6284.2
T01065,2024-06-18,C187,P048,S004,3,0.05,Cash,3466.63
T01066,2025-03-08,C034,P037,S002,1,0.1,Cash,1757.39
T01067,2025-01-03,C118,P013,S004,4,0.0,Mobile Money,4539.2
T01068,2024-10-29,C061,P049,S002,5,0.15,Mobile Money,1650.1
T01069,2024-11-27,C105,P022,S004,1,0.0,Credit Card,25.57
T01070,2024-07-05,C141,P003,S003,5,0.05,Cash,1603.74
T01071,2025-03-06,C048,P039,S002,1,0.1,Cash,486.85
T01072,2024-02-26,C038,P013,S001,5,0.1,Bank Transfer,5106.6
T01073,2025-02-20,C023,P041,S001,1,0.15,Credit Card,1389.76
T01074,2024-07-07,C042,P045,S003,5,0.05,Mobile Money,8925.63
T01075,2025-01-28,C192,P006,S005,3,0.0,Cash,954.15
T01076,2025-06-28,C197,P028,S003,3,0.1,Mobile Money,1819.21
T01077,2025-05-23,C018,P017,S004,5,0.0,Bank Transfer,6230.55
T01078,2024-12-24,C121,P009,S002,1,0.1,Bank Transfer,110.87
T01079,2024-12-24,C135,P047,S004,5,0.05,Credit Card,5686.6
T01080,2024-09-05,C157,P004,S001,1,0.0,Mobile Money,1853.77
T01081,2023-12-26,C186,P002,S005,3,0.15,Bank Transfer,2087.84
T01082,2023-12-10,C067,P019,S005,5,0.1,Credit Card,7933.14
T01083,2024-04-17,C158,P025,S005,4,0.15,Mobile Money,1459.11
T01084,2025-03-29,C047,P009,S005,2,0.1,Credit Card,221.74
T01085,2024-11-25,C001,P015,S001,1,0.15,Cash,229.88
T01086,2025-04-04,C189,P038,S002,5,0.15,Mobile Money,1559.45
T01087,2025-01-06,C012,P046,S003,3,0.05,Cash,3321.3
T01088,2024-03-02,C164,P005,S002,3,0.1,Cash,3769.79
T01089,2024-04-03,C079,P026,S003,5,0.1,Cash,4570.92
T01090,2024-03-20,C030,P009,S003,3,0.15,Cash,314.13
T01091,2025-01-23,C045,P040,S002,3,0.1,Mobile Money,4713.15
T01092,2025-07-12,C122,P041,S001,2,0.15,Credit Card,2779.52
T01093,2024-07-29,C161,P033,S004,5,0.1,Mobile Money,8095.37
T01094,2024-05-29,C106,P020,S001,5,0.1,Bank Transfer,1457.64
T01095,2025-06-14,C143,P034,S005,1,0.05,Bank Transfer,406.65
T01096,2025-03-30,C091,P031,S001,2,0.1,Cash,1972.3
T01097,2024-09-15,C087,P002,S004,5,0.05,Mobile Money,3889.11
T01098,2024-11-12,C048,P023,S005,1,0.1,Bank Transfer,1690.62
T01099,2025-07-06,C182,P012,S001,3,0.15,Cash,3042.38
T01100,2024-11-19,C128,P035,S002,3,0.15,Bank Transfer,3984.2
T01101,2025-04-30,C056,P017,S005,3,0.05,Cash,3551.41
T01102,2025-06-27,C096,P034,S001,2,0.0,Mobile Money,856.1
T01103,2025-06-07,C130,P018,S001,4,0.05,Credit Card,4103.58
T01104,2024-01-09,C088,P013,S004,5,0.1,Bank Transfer,5106.6
T01105,2025-05-02,C037,P011,S001,5,0.05,Credit Card,1180.71
T01106,2024-04-06,C186,P027,S001,4,0.15,Cash,4325.58
T01107,2025-05-31,C002,P009,S003,1,0.0,Bank Transfer,123.19
T01108,2025-08-19,C120,P016,S001,1,0.1,Cash,1672.88
T01109,2025-05-08,C148,P004,S003,2,0.1,Credit Card,3336.79
T01110,2024-02-08,C050,P006,S003,3,0.1,Mobile Money,858.74
T01111,2024-08-29,C172,P021,S001,3,0.05,Credit Card,3497.63
T01112,2025-01-13,C071,P045,S001,1,0.0,Credit Card,1879.08
T01113,2023-11-25,C139,P025,S003,5,0.1,Bank Transfer,1931.18
T01114,2025-05-11,C037,P029,S003,5,0.05,Credit Card,7053.99
T01115,2023-12-28,C019,P042,S003,5,0.1,Mobile Money,2041.29
T01116,2023-10-13,C013,P020,S002,1,0.15,Cash,275.33
T01117,2023-12-23,C028,P012,S004,1,0.0,Mobile Money,1193.09
T01118,2024-07-14,C101,P002,S002,5,0.15,Bank Transfer,3479.73
T01119,2024-04-26,C080,P022,S003,2,0.0,Mobile Money,51.14
T01120,2025-06-09,C146,P021,S002,1,0.15,Cash,1043.15
T01121,2023-11-04,C117,P026,S003,4,0.15,Credit Card,3453.58
T01122,2024-06-29,C058,P040,S002,5,0.1,Bank Transfer,7855.24
T01123,2025-07-24,C101,P021,S002,3,0.1,Mobile Money,3313.55
T01124,2024-10-16,C125,P021,S001,1,0.15,Cash,1043.15
T01125,2025-03-19,C090,P032,S004,4,0.05,Bank Transfer,1157.9
T01126,2025-03-01,C197,P035,S003,5,0.05,Cash,7421.54
T01127,2025-06-27,C104,P026,S001,3,0.0,Bank Transfer,3047.28
T01128,2023-11-21,C137,P031,S004,4,0.15,Credit Card,3725.45
T01129,2024-01-29,C159,P036,S002,5,0.05,Mobile Money,7131.94
T01130,2024-02-26,C099,P012,S001,3,0.05,Mobile Money,3400.31
T01131,2023-12-13,C112,P006,S005,3,0.05,Credit Card,906.44
T01132,2023-10-02,C170,P024,S001,5,0.15,Cash,6321.49
T01133,2024-09-21,C152,P013,S005,4,0.1,Cash,4085.28
T01134,2025-01-14,C114,P017,S002,3,0.15,Cash,3177.58
T01135,2025-01-06,C154,P023,S001,5,0.15,Bank Transfer,7983.5
T01136,2025-03-13,C127,P037,S001,1,0.05,Credit Card,1855.02
T01137,2025-08-13,C149,P034,S001,2,0.05,Mobile Money,813.3
T01138,2024-07-12,C137,P042,S003,4,0.15,Credit Card,1542.31
T01139,2025-05-16,C053,P047,S003,3,0.1,Mobile Money,3232.39
T01140,2025-08-14,C184,P017,S003,1,0.0,Mobile Money,1246.11
T01141,2025-02-13,C033,P019,S003,1,0.1,Cash,1586.63
T01142,2024-03-01,C001,P046,S005,3,0.0,Bank Transfer,3496.11
T01143,2025-02-05,C008,P023,S002,4,0.15,Bank Transfer,6386.8
T01144,2024-04-12,C183,P021,S004,4,0.15,Mobile Money,4172.62
T01145,2025-08-01,C140,P020,S002,2,0.15,Credit Card,550.66
T01146,2024-09-09,C049,P042,S005,4,0.1,Mobile Money,1633.03
T01147,2023-12-02,C040,P041,S003,2,0.05,Cash,3106.52
T01148,2024-09-29,C019,P002,S001,2,0.15,Mobile Money,1391.89
T01149,2025-07-20,C035,P034,S001,2,0.15,Mobile Money,727.68
T01150,2024-04-20,C179,P029,S005,4,0.05,Mobile Money,5643.19
T01151,2024-11-01,C131,P029,S004,5,0.15,Mobile Money,6311.46
T01152,2024-02-01,C091,P009,S002,2,0.15,Cash,209.42
T01153,2023-12-23,C148,P046,S004,2,0.1,Mobile Money,2097.67
T01154,2024-12-25,C140,P031,S005,3,0.0,Cash,3287.16
T01155,2025-05-15,C146,P045,S004,3,0.0,Mobile Money,5637.24
T01156,2024-01-28,C177,P038,S001,2,0.1,Mobile Money,660.47
T01157,2024-10-13,C133,P034,S001,5,0.0,Credit Card,2140.25
T01158,2025-05-26,C121,P031,S001,5,0.1,Cash,4930.74
T01159,2024-11-07,C088,P011,S005,1,0.15,Mobile Money,211.28
T01160,2025-01-26,C132,P045,S004,5,0.1,Mobile Money,8455.86
T01161,2025-08-24,C091,P009,S003,3,0.05,Cash,351.09
T01162,2024-10-02,C178,P041,S005,3,0.1,Cash,4414.53
T01163,2023-10-07,C162,P033,S004,5,0.05,Cash,8545.11
T01164,2023-12-27,C169,P033,S003,5,0.0,Bank Transfer,8994.85
T01165,2025-03-07,C125,P023,S001,2,0.0,Bank Transfer,3756.94
T01166,2025-03-27,C065,P003,S002,5,0.1,Bank Transfer,1519.34
T01167,2025-07-03,C066,P002,S001,1,0.05,Credit Card,777.82
T01168,2023-12-23,C169,P042,S004,3,0.05,Bank Transfer,1292.82
T01169,2025-01-13,C180,P016,S002,4,0.05,Cash,7063.25
T01170,2025-05-02,C088,P050,S001,2,0.05,Mobile Money,1984.82
T01171,2024-09-05,C193,P004,S004,4,0.05,Mobile Money,7044.33
T01172,2025-06-22,C186,P045,S002,2,0.1,Cash,3382.34
T01173,2025-05-29,C165,P031,S003,1,0.0,Credit Card,1095.72
T01174,2024-04-14,C119,P041,S004,4,0.1,Mobile Money,5886.04
T01175,2024-10-02,C192,P034,S005,2,0.15,Mobile Money,727.68
T01176,2025-08-15,C122,P036,S003,2,0.15,Cash,2552.48
T01177,2023-10-21,C074,P021,S004,4,0.1,Cash,4418.06
T01178,2024-04-17,C025,P011,S005,3,0.15,Bank Transfer,633.85
T01179,2025-01-12,C086,P026,S003,3,0.0,Bank Transfer,3047.28
T01180,2023-11-23,C168,P028,S005,4,0.15,Credit Card,2290.85
T01181,2023-12-17,C188,P001,S005,2,0.1,Credit Card,3012.64
T01182,2025-07-10,C081,P026,S005,1,0.0,Cash,1015.76
T01183,2025-05-18,C004,P050,S004,1,0.0,Mobile Money,1044.64
T01184,2024-02-09,C090,P015,S002,3,0.1,Credit Card,730.21
T01185,2024-11-29,C009,P035,S001,5,0.0,Cash,7812.15
T01186,2024-12-22,C153,P037,S002,5,0.0,Cash,9763.25
T01187,2024-12-16,C023,P008,S005,2,0.15,Credit Card,186.63
T01188,2025-03-05,C029,P024,S002,3,0.1,Mobile Money,4016.01
T01189,2025-02-18,C170,P035,S001,4,0.1,Mobile Money,5624.75
T01190,2025-08-31,C178,P017,S003,3,0.05,Cash,3551.41
T01191,2024-03-31,C071,P023,S001,4,0.15,Bank Transfer,6386.8
T01192,2023-12-14,C016,P016,S003,3,0.05,Mobile Money,5297.44
T01193,2024-08-07,C018,P010,S004,2,0.15,Credit Card,2030.0
T01194,2024-07-13,C166,P025,S004,1,0.05,Mobile Money,407.69
T01195,2025-08-26,C056,P032,S005,1,0.15,Bank Transfer,259.0
T01196,2025-03-11,C027,P031,S001,1,0.0,Bank Transfer,1095.72
T01197,2024-02-26,C199,P019,S004,1,0.15,Credit Card,1498.48
T01198,2025-07-11,C168,P037,S001,1,0.15,Bank Transfer,1659.75
T01199,2025-09-06,C039,P018,S003,4,0.0,Mobile Money,4319.56
T01200,2023-11-18,C123,P007,S004,4,0.0,Credit Card,5896.48
T01201,2023-12-11,C001,P048,S004,4,0.0,Bank Transfer,4865.44
T01202,2025-02-07,C086,P046,S003,4,0.0,Cash,4661.48
T01203,2025-01-09,C094,P042,S005,3,0.0,Mobile Money,1360.86
T01204,2024-01-16,C195,P018,S003,2,0.05,Cash,2051.79
T01205,2025-09-02,C099,P004,S002,3,0.15,Cash,4727.11
T01206,2024-06-12,C162,P047,S003,4,0.0,Mobile Money,4788.72
T01207,2024-02-04,C189,P016,S002,2,0.0,Credit Card,3717.5
T01208,2025-05-04,C007,P009,S005,2,0.15,Mobile Money,209.42
T01209,2025-06-21,C017,P032,S005,3,0.15,Mobile Money,777.01
T01210,2024-02-03,C005,P028,S001,3,0.0,Bank Transfer,2021.34
T01211,2024-12-22,C185,P029,S001,4,0.0,Credit Card,5940.2
T01212,2024-11-25,C168,P020,S005,4,0.05,Credit Card,1230.9
T01213,2023-12-05,C019,P023,S001,2,0.15,Cash,3193.4
T01214,2024-12-04,C121,P015,S005,1,0.05,Credit Card,256.93
T01215,2025-04-17,C004,P045,S002,1,0.1,Cash,1691.17
T01216,2025-09-06,C117,P046,S005,2,0.0,Cash,2330.74
T01217,2024-12-16,C030,P021,S004,5,0.05,Cash,5829.39
T01218,2025-05-21,C052,P001,S004,3,0.15,Bank Transfer,4267.91
T01219,2025-07-15,C031,P034,S005,5,0.05,Bank Transfer,2033.24
T01220,2024-10-16,C055,P048,S001,5,0.05,Bank Transfer,5777.71
T01221,2025-05-05,C017,P041,S001,3,0.05,Mobile Money,4659.78
T01222,2025-07-31,C044,P046,S003,5,0.05,Mobile Money,5535.51
T01223,2024-06-30,C063,P029,S005,1,0.05,Cash,1410.8
T01224,2024-01-26,C162,P002,S005,4,0.05,Cash,3111.29
T01225,2024-04-07,C125,P006,S001,1,0.0,Credit Card,318.05
T01226,2023-10-15,C023,P029,S005,3,0.15,Mobile Money,3786.88
T01227,2024-01-19,C178,P023,S002,2,0.05,Bank Transfer,3569.09
T01228,2024-06-16,C134,P029,S004,4,0.05,Credit Card,5643.19
T01229,2023-10-11,C157,P004,S001,5,0.05,Mobile Money,8805.41
T01230,2024-06-25,C157,P031,S001,3,0.1,Mobile Money,2958.44
T01231,2024-05-23,C002,P037,S005,2,0.05,Cash,3710.04
T01232,2025-07-27,C136,P038,S001,5,0.1,Credit Card,1651.19
T01233,2025-02-03,C119,P013,S002,3,0.0,Credit Card,3404.4
T01234,2024-02-21,C029,P015,S002,4,0.15,Credit Card,919.53
T01235,2024-05-13,C041,P029,S001,1,0.1,Bank Transfer,1336.54
T01236,2024-07-02,C054,P004,S004,3,0.1,Mobile Money,5005.18
T01237,2024-07-17,C012,P023,S001,1,0.05,Credit Card,1784.55
T01238,2025-01-28,C008,P014,S004,5,0.0,Cash,6713.75
T01239,2024-11-30,C061,P021,S004,5,0.1,Mobile Money,5522.58
T01240,2024-10-13,C051,P039,S003,2,0.0,Bank Transfer,1081.88
T01241,2023-10-27,C059,P050,S001,2,0.15,Credit Card,1775.89
T01242,2023-11-08,C097,P009,S002,1,0.15,Mobile Money,104.71
T01243,2023-09-22,C014,P043,S004,2,0.05,Mobile Money,1072.4
T01244,2024-08-14,C046,P043,S004,3,0.05,Mobile Money,1608.6
T01245,2024-02-14,C185,P044,S002,3,0.1,Credit Card,3473.68
T01246,2024-10-21,C086,P028,S002,1,0.0,Bank Transfer,673.78
T01247,2025-02-21,C035,P015,S001,4,0.15,Mobile Money,919.53
T01248,2024-10-03,C044,P013,S003,2,0.1,Credit Card,2042.64
T01249,2024-08-27,C164,P050,S005,2,0.05,Cash,1984.82
T01250,2025-05-11,C106,P029,S005,4,0.05,Mobile Money,5643.19
T01251,2024-02-03,C119,P026,S003,1,0.15,Credit Card,863.4
T01252,2025-02-23,C064,P041,S003,4,0.05,Credit Card,6213.04
T01253,2024-03-24,C147,P017,S001,4,0.0,Cash,4984.44
T01254,2025-05-04,C121,P050,S005,1,0.15,Mobile Money,887.94
T01255,2025-04-17,C123,P043,S001,4,0.15,Credit Card,1919.03
T01256,2024-12-28,C022,P026,S005,1,0.15,Credit Card,863.4
T01257,2025-05-09,C034,P020,S003,3,0.05,Cash,923.17
T01258,2025-07-22,C005,P012,S004,3,0.05,Mobile Money,3400.31
T01259,2024-03-15,C147,P045,S005,1,0.15,Mobile Money,1597.22
T01260,2024-08-22,C198,P031,S002,4,0.05,Bank Transfer,4163.74
T01261,2023-11-12,C161,P011,S004,1,0.0,Mobile Money,248.57
T01262,2024-05-10,C177,P030,S003,5,0.0,Bank Transfer,146.2
T01263,2025-05-06,C110,P033,S003,5,0.05,Cash,8545.11
T01264,2024-02-17,C159,P007,S003,1,0.1,Cash,1326.71
T01265,2024-06-28,C029,P013,S004,3,0.15,Cash,2893.74
T01266,2024-05-27,C094,P046,S003,2,0.0,Credit Card,2330.74
T01267,2024-11-01,C036,P020,S003,2,0.0,Mobile Money,647.84
T01268,2025-07-29,C189,P027,S005,2,0.05,Bank Transfer,2417.24
T01269,2025-04-21,C091,P050,S003,5,0.15,Bank Transfer,4439.72
T01270,2024-12-03,C014,P010,S001,3,0.1,Mobile Money,3224.12
T01271,2024-03-27,C125,P023,S005,5,0.0,Mobile Money,9392.35
T01272,2024-04-04,C182,P016,S005,5,0.1,Mobile Money,8364.38
T01273,2023-12-03,C159,P027,S003,1,0.05,Mobile Money,1208.62
T01274,2024-09-04,C023,P032,S001,4,0.05,Bank Transfer,1157.9
T01275,2024-01-08,C020,P016,S001,2,0.1,Cash,3345.75
T01276,2025-03-16,C179,P023,S002,4,0.05,Credit Card,7138.19
T01277,2024-09-19,C134,P041,S001,3,0.15,Credit Card,4169.28
T01278,2023-10-04,C122,P023,S003,4,0.15,Cash,6386.8
T01279,2024-06-24,C075,P041,S002,1,0.0,Credit Card,1635.01
T01280,2024-02-12,C134,P014,S003,4,0.1,Bank Transfer,4833.9
T01281,2025-06-20,C125,P014,S005,5,0.15,Mobile Money,5706.69
T01282,2025-08-29,C078,P038,S005,2,0.1,Credit Card,660.47
T01283,2023-12-14,C067,P001,S002,4,0.1,Bank Transfer,6025.28
T01284,2024-06-27,C198,P042,S001,2,0.1,Bank Transfer,816.52
T01285,2024-08-29,C117,P020,S002,5,0.05,Bank Transfer,1538.62
T01286,2024-02-17,C047,P019,S002,2,0.05,Credit Card,3349.55
T01287,2025-08-24,C030,P014,S001,3,0.05,Mobile Money,3826.84
T01288,2023-10-14,C067,P001,S003,2,0.05,Cash,3180.01
T01289,2024-09-05,C171,P041,S003,3,0.05,Bank Transfer,4659.78
T01290,2024-08-09,C115,P022,S005,2,0.1,Cash,46.03
T01291,2025-09-05,C007,P032,S004,4,0.05,Mobile Money,1157.9
T01292,2024-12-01,C082,P036,S002,1,0.1,Bank Transfer,1351.31
T01293,2025-04-06,C122,P010,S003,5,0.05,Mobile Money,5672.07
T01294,2025-07-18,C087,P028,S001,4,0.0,Credit Card,2695.12
T01295,2024-01-04,C174,P025,S005,1,0.1,Cash,386.24
T01296,2024-12-06,C103,P007,S005,2,0.15,Bank Transfer,2506.0
T01297,2025-04-10,C024,P047,S003,1,0.05,Credit Card,1137.32
T01298,2025-06-27,C197,P037,S003,2,0.0,Cash,3905.3
T01299,2023-12-06,C138,P031,S004,1,0.15,Credit Card,931.36
T01300,2023-12-31,C126,P003,S003,5,0.0,Bank Transfer,1688.15
T01301,2025-04-28,C102,P022,S002,4,0.1,Mobile Money,92.05
T01302,2024-10-19,C096,P012,S001,3,0.1,Bank Transfer,3221.34
T01303,2024-07-18,C079,P003,S004,5,0.0,Credit Card,1688.15
T01304,2025-04-30,C187,P041,S004,4,0.15,Bank Transfer,5559.03
T01305,2025-05-14,C042,P002,S004,4,0.05,Cash,3111.29
T01306,2025-08-21,C037,P042,S002,3,0.15,Bank Transfer,1156.73
T01307,2024-12-22,C017,P026,S005,4,0.0,Cash,4063.04
T01308,2024-02-29,C105,P030,S003,4,0.05,Mobile Money,111.11
T01309,2024-11-20,C182,P027,S005,2,0.05,Credit Card,2417.24
T01310,2023-11-10,C098,P017,S003,5,0.15,Cash,5295.97
T01311,2025-03-29,C078,P042,S005,3,0.15,Mobile Money,1156.73
T01312,2025-06-18,C058,P032,S001,1,0.05,Bank Transfer,289.47
T01313,2025-07-26,C077,P009,S004,1,0.1,Mobile Money,110.87
T01314,2025-05-02,C046,P012,S004,2,0.0,Cash,2386.18
T01315,2025-01-21,C196,P022,S003,4,0.0,Bank Transfer,102.28
T01316,2023-11-20,C149,P049,S004,5,0.15,Bank Transfer,1650.1
T01317,2024-05-11,C161,P001,S004,1,0.1,Cash,1506.32
T01318,2024-01-22,C067,P047,S002,5,0.0,Credit Card,5985.9
T01319,2024-05-28,C082,P004,S004,2,0.1,Credit Card,3336.79
T01320,2024-12-16,C014,P049,S003,3,0.15,Bank Transfer,990.06
T01321,2024-07-08,C013,P002,S003,3,0.0,Credit Card,2456.28
T01322,2024-09-14,C197,P021,S002,1,0.05,Bank Transfer,1165.88
T01323,2025-08-02,C081,P019,S003,3,0.1,Cash,4759.88
T01324,2024-04-20,C137,P043,S005,3,0.05,Cash,1608.6
T01325,2025-01-24,C036,P042,S005,3,0.1,Mobile Money,1224.77
T01326,2023-12-28,C106,P019,S003,2,0.0,Credit Card,3525.84
T01327,2025-04-02,C040,P031,S005,2,0.05,Cash,2081.87
T01328,2025-05-14,C107,P011,S004,1,0.0,Credit Card,248.57
T01329,2024-05-25,C005,P014,S004,3,0.1,Bank Transfer,3625.42
T01330,2024-06-10,C036,P033,S004,5,0.1,Credit Card,8095.37
T01331,2024-09-15,C182,P044,S003,1,0.0,Credit Card,1286.55
T01332,2025-04-17,C033,P029,S002,2,0.1,Credit Card,2673.09
T01333,2024-07-31,C054,P044,S002,1,0.15,Cash,1093.57
T01334,2024-11-15,C020,P018,S001,4,0.15,Cash,3671.63
T01335,2024-07-05,C051,P001,S001,1,0.0,Mobile Money,1673.69
T01336,2025-08-22,C031,P011,S003,1,0.0,Bank Transfer,248.57
T01337,2023-09-20,C171,P045,S001,1,0.0,Credit Card,1879.08
T01338,2024-08-22,C151,P045,S002,2,0.1,Cash,3382.34
T01339,2024-03-07,C024,P006,S002,3,0.1,Bank Transfer,858.74
T01340,2025-01-24,C042,P001,S005,5,0.05,Cash,7950.03
T01341,2025-03-22,C026,P017,S005,1,0.05,Credit Card,1183.8
T01342,2025-04-07,C073,P004,S002,5,0.0,Cash,9268.85
T01343,2025-01-04,C055,P032,S005,4,0.1,Credit Card,1096.96
T01344,2023-11-25,C113,P027,S001,2,0.1,Mobile Money,2290.01
T01345,2025-08-26,C109,P005,S002,5,0.05,Mobile Money,6632.04
T01346,2024-01-24,C029,P004,S003,1,0.15,Cash,1575.7
T01347,2024-02-09,C134,P013,S002,4,0.1,Bank Transfer,4085.28
T01348,2024-08-31,C143,P025,S001,1,0.1,Mobile Money,386.24
T01349,2024-11-15,C030,P036,S004,3,0.15,Bank Transfer,3828.72
T01350,2023-11-06,C176,P013,S004,2,0.15,Bank Transfer,1929.16
T01351,2023-10-13,C110,P050,S002,1,0.15,Bank Transfer,887.94
T01352,2024-12-22,C046,P030,S001,4,0.0,Mobile Money,116.96
T01353,2024-04-17,C113,P050,S005,1,0.0,Credit Card,1044.64
T01354,2023-10-28,C102,P003,S004,5,0.0,Credit Card,1688.15
T01355,2023-12-22,C017,P006,S003,2,0.1,Credit Card,572.49
T01356,2025-06-05,C153,P018,S004,1,0.05,Mobile Money,1025.9
T01357,2025-07-26,C186,P050,S004,3,0.1,Mobile Money,2820.53
T01358,2024-06-29,C092,P046,S004,5,0.15,Mobile Money,4952.82
T01359,2025-08-14,C131,P023,S003,2,0.15,Cash,3193.4
T01360,2025-06-06,C032,P044,S003,4,0.15,Credit Card,4374.27
T01361,2023-11-09,C161,P050,S002,1,0.0,Cash,1044.64
T01362,2024-02-13,C018,P019,S004,1,0.05,Mobile Money,1674.77
T01363,2024-04-24,C155,P015,S003,2,0.1,Cash,486.81
T01364,2025-07-06,C195,P008,S001,5,0.15,Mobile Money,466.56
T01365,2024-09-02,C052,P006,S003,4,0.15,Bank Transfer,1081.37
T01366,2024-06-08,C139,P050,S003,5,0.0,Cash,5223.2
T01367,2024-03-29,C111,P048,S001,4,0.15,Bank Transfer,4135.62
T01368,2024-06-03,C097,P004,S004,4,0.0,Cash,7415.08
T01369,2025-01-02,C046,P042,S005,3,0.05,Mobile Money,1292.82
T01370,2024-04-24,C111,P010,S002,3,0.15,Mobile Money,3045.01
T01371,2023-10-19,C196,P019,S001,5,0.15,Mobile Money,7492.41
T01372,2025-08-30,C122,P005,S005,2,0.0,Mobile Money,2792.44
T01373,2024-04-01,C068,P040,S004,5,0.15,Bank Transfer,7418.84
T01374,2024-05-26,C197,P021,S003,3,0.0,Cash,3681.72
T01375,2023-11-19,C152,P042,S001,2,0.1,Bank Transfer,816.52
T01376,2024-06-05,C190,P050,S005,1,0.1,Mobile Money,940.18
T01377,2025-01-09,C025,P040,S004,3,0.1,Mobile Money,4713.15
T01378,2024-04-26,C090,P049,S001,2,0.05,Credit Card,737.69
T01379,2024-01-30,C166,P003,S003,5,0.0,Cash,1688.15
T01380,2024-02-05,C079,P020,S001,3,0.05,Cash,923.17
T01381,2023-10-17,C138,P042,S003,1,0.15,Mobile Money,385.58
T01382,2024-05-28,C146,P025,S005,4,0.1,Cash,1544.94
T01383,2024-11-01,C179,P021,S004,5,0.0,Bank Transfer,6136.2
T01384,2025-07-28,C097,P036,S005,4,0.1,Cash,5405.26
T01385,2024-02-15,C126,P037,S001,2,0.1,Mobile Money,3514.77
T01386,2024-01-28,C129,P017,S003,2,0.1,Bank Transfer,2243.0
T01387,2024-03-09,C112,P040,S002,4,0.0,Credit Card,6982.44
T01388,2025-05-08,C074,P045,S003,1,0.1,Mobile Money,1691.17
T01389,2025-03-18,C058,P016,S005,1,0.0,Bank Transfer,1858.75
T01390,2024-04-14,C070,P026,S001,5,0.15,Mobile Money,4316.98
T01391,2023-12-10,C054,P007,S003,1,0.1,Bank Transfer,1326.71
T01392,2025-05-23,C111,P008,S005,3,0.05,Mobile Money,312.87
T01393,2024-11-24,C103,P031,S003,5,0.15,Credit Card,4656.81
T01394,2024-09-18,C005,P050,S005,2,0.15,Credit Card,1775.89
T01395,2025-04-08,C170,P016,S004,3,0.15,Cash,4739.81
T01396,2025-03-31,C134,P017,S002,3,0.15,Credit Card,3177.58
T01397,2024-04-09,C062,P028,S002,3,0.15,Mobile Money,1718.14
T01398,2025-01-28,C082,P020,S001,2,0.15,Bank Transfer,550.66
T01399,2025-06-23,C074,P003,S002,3,0.05,Mobile Money,962.25
T01400,2025-04-19,C062,P024,S001,2,0.05,Cash,2826.08
T01401,2025-07-21,C063,P013,S003,4,0.15,Mobile Money,3858.32
T01402,2024-03-31,C109,P018,S001,2,0.05,Bank Transfer,2051.79
T01403,2023-12-02,C035,P026,S001,3,0.1,Credit Card,2742.55
T01404,2024-08-04,C165,P031,S001,4,0.0,Cash,4382.88
T01405,2025-02-17,C022,P048,S003,5,0.1,Cash,5473.62
T01406,2024-08-27,C105,P036,S003,1,0.15,Credit Card,1276.24
T01407,2024-10-09,C061,P019,S001,5,0.0,Bank Transfer,8814.6
T01408,2024-09-25,C128,P029,S001,2,0.0,Bank Transfer,2970.1
T01409,2025-08-25,C085,P001,S005,4,0.05,Mobile Money,6360.02
T01410,2025-05-21,C056,P026,S002,1,0.05,Credit Card,964.97
T01411,2024-02-08,C071,P008,S004,4,0.1,Cash,395.21
T01412,2023-12-18,C126,P043,S005,3,0.0,Bank Transfer,1693.26
T01413,2024-06-06,C140,P005,S004,4,0.05,Bank Transfer,5305.64
T01414,2024-08-12,C038,P050,S003,4,0.1,Bank Transfer,3760.7
T01415,2024-04-21,C006,P050,S005,1,0.0,Credit Card,1044.64
T01416,2025-03-03,C065,P026,S005,4,0.1,Bank Transfer,3656.74
T01417,2025-05-27,C176,P050,S001,5,0.05,Mobile Money,4962.04
T01418,2024-05-13,C100,P005,S001,4,0.1,Bank Transfer,5026.39
T01419,2024-09-24,C024,P034,S002,3,0.05,Credit Card,1219.94
T01420,2024-03-28,C113,P026,S003,4,0.0,Bank Transfer,4063.04
T01421,2024-07-01,C021,P002,S004,4,0.15,Bank Transfer,2783.78
T01422,2023-09-10,C184,P016,S004,1,0.05,Bank Transfer,1765.81
T01423,2025-05-11,C130,P039,S001,3,0.15,Bank Transfer,1379.4
T01424,2024-06-05,C117,P038,S001,1,0.05,Mobile Money,348.58
T01425,2024-04-08,C165,P031,S002,1,0.15,Credit Card,931.36
T01426,2023-11-06,C161,P023,S003,3,0.0,Cash,5635.41
T01427,2025-04-05,C041,P023,S002,5,0.05,Mobile Money,8922.73
T01428,2024-03-07,C082,P039,S004,4,0.05,Bank Transfer,2055.57
T01429,2024-05-17,C045,P030,S005,3,0.1,Credit Card,78.95
T01430,2024-07-18,C022,P010,S004,3,0.05,Mobile Money,3403.24
T01431,2024-12-25,C097,P040,S005,2,0.0,Cash,3491.22
T01432,2023-11-29,C143,P020,S005,2,0.0,Mobile Money,647.84
T01433,2024-07-10,C051,P044,S003,2,0.0,Mobile Money,2573.1
T01434,2024-02-21,C159,P048,S004,5,0.1,Credit Card,5473.62
T01435,2025-03-31,C023,P003,S003,2,0.0,Cash,675.26
T01436,2025-05-16,C184,P043,S005,4,0.15,Mobile Money,1919.03
T01437,2024-04-02,C031,P041,S002,2,0.05,Bank Transfer,3106.52
T01438,2025-02-06,C074,P029,S004,4,0.05,Mobile Money,5643.19
T01439,2023-09-28,C053,P017,S005,2,0.1,Credit Card,2243.0
T01440,2024-11-13,C108,P015,S002,4,0.05,Cash,1027.71
T01441,2025-04-01,C075,P036,S003,2,0.15,Credit Card,2552.48
T01442,2024-01-18,C095,P015,S005,4,0.0,Cash,1081.8
T01443,2025-07-28,C121,P020,S002,3,0.15,Credit Card,826.0
T01444,2024-08-20,C183,P041,S004,4,0.1,Cash,5886.04
T01445,2024-07-20,C025,P019,S005,1,0.0,Bank Transfer,1762.92
T01446,2025-04-15,C061,P022,S004,3,0.0,Cash,76.71
T01447,2024-02-08,C065,P011,S005,5,0.15,Bank Transfer,1056.42
T01448,2024-07-31,C102,P003,S003,2,0.0,Credit Card,675.26
T01449,2024-10-03,C067,P006,S002,5,0.15,Bank Transfer,1351.71
T01450,2024-11-25,C120,P035,S002,1,0.1,Mobile Money,1406.19
T01451,2023-10-19,C037,P031,S003,1,0.1,Cash,986.15
T01452,2023-11-21,C033,P019,S004,3,0.1,Mobile Money,4759.88
T01453,2023-09-21,C073,P030,S003,5,0.1,Bank Transfer,131.58
T01454,2025-01-19,C112,P016,S002,3,0.15,Credit Card,4739.81
T01455,2025-07-24,C143,P020,S004,1,0.05,Credit Card,307.72
T01456,2024-01-09,C014,P017,S002,2,0.0,Mobile Money,2492.22
T01457,2024-09-27,C067,P048,S002,4,0.15,Cash,4135.62
T01458,2024-12-05,C127,P033,S001,4,0.1,Mobile Money,6476.29
T01459,2025-04-11,C118,P019,S004,1,0.05,Cash,1674.77
T01460,2024-02-07,C090,P031,S001,2,0.1,Credit Card,1972.3
T01461,2025-05-28,C044,P045,S005,3,0.05,Cash,5355.38
T01462,2025-03-20,C135,P033,S005,2,0.15,Cash,3058.25
T01463,2024-02-10,C064,P012,S004,1,0.1,Cash,1073.78
T01464,2025-05-03,C073,P035,S001,4,0.1,Cash,5624.75
T01465,2025-06-11,C083,P049,S002,1,0.0,Mobile Money,388.26
T01466,2024-03-10,C182,P038,S004,4,0.1,Cash,1320.95
T01467,2025-03-19,C085,P035,S001,5,0.15,Bank Transfer,6640.33
T01468,2024-01-17,C188,P006,S005,2,0.05,Cash,604.29
T01469,2024-07-17,C165,P029,S003,3,0.0,Cash,4455.15
T01470,2025-05-09,C141,P028,S005,4,0.0,Mobile Money,2695.12
T01471,2024-12-29,C066,P031,S002,2,0.15,Cash,1862.72
T01472,2025-03-09,C006,P003,S002,2,0.15,Mobile Money,573.97
T01473,2024-05-08,C073,P011,S002,1,0.1,Mobile Money,223.71
T01474,2024-12-18,C111,P016,S003,5,0.05,Bank Transfer,8829.06
T01475,2024-05-30,C171,P021,S001,3,0.05,Mobile Money,3497.63
T01476,2024-12-09,C115,P008,S004,4,0.1,Mobile Money,395.21
T01477,2024-10-20,C024,P042,S004,3,0.05,Mobile Money,1292.82
T01478,2024-04-05,C162,P049,S004,1,0.0,Bank Transfer,388.26
T01479,2025-03-24,C119,P022,S002,2,0.15,Cash,43.47
T01480,2025-06-23,C075,P005,S004,4,0.0,Mobile Money,5584.88
T01481,2024-10-11,C077,P010,S002,2,0.1,Credit Card,2149.42
T01482,2025-07-15,C134,P044,S004,3,0.0,Cash,3859.65
T01483,2024-04-09,C012,P008,S005,1,0.15,Mobile Money,93.31
T01484,2024-06-07,C025,P034,S004,5,0.1,Bank Transfer,1926.22
T01485,2024-11-04,C066,P042,S005,1,0.0,Cash,453.62
T01486,2023-10-05,C190,P041,S004,2,0.05,Mobile Money,3106.52
T01487,2025-04-14,C012,P004,S001,4,0.1,Bank Transfer,6673.57
T01488,2024-07-10,C151,P037,S004,4,0.1,Bank Transfer,7029.54
T01489,2023-12-04,C048,P006,S002,2,0.0,Bank Transfer,636.1
T01490,2023-11-09,C173,P010,S001,4,0.0,Cash,4776.48
T01491,2024-11-19,C102,P036,S001,1,0.05,Mobile Money,1426.39
T01492,2024-07-23,C118,P048,S004,5,0.15,Bank Transfer,5169.53
T01493,2024-12-09,C159,P009,S005,3,0.15,Bank Transfer,314.13
T01494,2024-05-25,C023,P049,S002,2,0.0,Credit Card,776.52
T01495,2023-11-24,C029,P021,S001,2,0.0,Credit Card,2454.48
T01496,2025-07-30,C124,P027,S002,2,0.15,Credit Card,2162.79
T01497,2024-10-25,C023,P046,S003,4,0.05,Mobile Money,4428.41
T01498,2024-11-03,C109,P030,S001,1,0.05,Credit Card,27.78
T01499,2024-06-19,C190,P007,S004,4,0.15,Cash,5012.01
T01500,2025-03-25,C116,P046,S005,2,0.05,Bank Transfer,2214.2
T01501,2023-11-29,C146,P018,S004,1,0.1,Cash,971.9
T01502,2024-01-29,C027,P036,S004,4,0.15,Bank Transfer,5104.96
T01503,2024-03-07,C010,P031,S004,4,0.15,Mobile Money,3725.45
T01504,2025-01-13,C060,P022,S001,5,0.0,Mobile Money,127.85
T01505,2024-05-27,C148,P010,S003,5,0.0,Bank Transfer,5970.6
T01506,2025-03-21,C166,P044,S004,4,0.0,Mobile Money,5146.2
T01507,2024-04-10,C160,P044,S003,4,0.15,Cash,4374.27
T01508,2024-07-22,C042,P032,S003,2,0.15,Bank Transfer,518.01
T01509,2024-04-19,C113,P045,S002,5,0.05,Bank Transfer,8925.63
T01510,2025-08-02,C155,P023,S004,2,0.1,Mobile Money,3381.25
T01511,2024-07-08,C107,P005,S003,4,0.05,Credit Card,5305.64
T01512,2024-02-20,C073,P030,S001,4,0.05,Credit Card,111.11
T01513,2025-05-23,C052,P015,S002,5,0.15,Cash,1149.41
T01514,2024-01-24,C107,P040,S004,3,0.05,Credit Card,4974.99
T01515,2025-06-08,C143,P043,S001,1,0.1,Bank Transfer,507.98
T01516,2025-04-30,C092,P005,S002,2,0.0,Cash,2792.44
T01517,2023-10-16,C087,P016,S004,1,0.05,Cash,1765.81
T01518,2023-12-31,C144,P007,S002,4,0.1,Bank Transfer,5306.83
T01519,2023-11-27,C091,P003,S001,5,0.1,Credit Card,1519.34
T01520,2023-12-11,C177,P027,S005,5,0.0,Cash,6361.15
T01521,2024-12-17,C113,P018,S004,1,0.0,Cash,1079.89
T01522,2025-06-21,C144,P011,S001,5,0.0,Credit Card,1242.85
T01523,2024-10-27,C162,P031,S001,2,0.1,Credit Card,1972.3
T01524,2025-01-24,C187,P013,S003,4,0.15,Cash,3858.32
T01525,2024-06-25,C040,P012,S003,3,0.05,Cash,3400.31
T01526,2024-07-05,C052,P009,S004,4,0.0,Credit Card,492.76
T01527,2024-09-05,C122,P012,S003,3,0.05,Cash,3400.31
T01528,2025-01-29,C069,P018,S003,4,0.1,Credit Card,3887.6
T01529,2024-04-28,C039,P015,S005,4,0.05,Credit Card,1027.71
T01530,2023-11-14,C110,P010,S004,4,0.15,Bank Transfer,4060.01
T01531,2025-03-18,C008,P032,S004,2,0.0,Cash,609.42
T01532,2024-10-12,C022,P039,S003,3,0.15,Credit Card,1379.4
T01533,2024-09-22,C112,P030,S001,4,0.0,Credit Card,116.96
T01534,2024-12-31,C148,P040,S001,5,0.1,Mobile Money,7855.24
T01535,2025-07-04,C103,P042,S005,3,0.1,Bank Transfer,1224.77
T01536,2025-06-06,C003,P045,S003,5,0.05,Mobile Money,8925.63
T01537,2025-04-30,C115,P017,S002,5,0.15,Bank Transfer,5295.97
T01538,2023-12-02,C167,P035,S004,2,0.1,Cash,2812.37
T01539,2025-03-08,C010,P036,S005,3,0.15,Credit Card,3828.72
T01540,2023-09-20,C134,P005,S005,3,0.05,Cash,3979.23
T01541,2024-10-11,C131,P026,S005,3,0.1,Credit Card,2742.55
T01542,2025-05-19,C006,P027,S001,5,0.1,Credit Card,5725.04
T01543,2025-02-09,C199,P037,S003,4,0.0,Cash,7810.6
T01544,2024-12-01,C096,P040,S003,5,0.1,Cash,7855.24
T01545,2024-09-30,C013,P005,S001,4,0.1,Cash,5026.39
T01546,2024-03-19,C117,P008,S003,2,0.05,Bank Transfer,208.58
T01547,2024-03-01,C077,P019,S003,5,0.05,Mobile Money,8373.87
T01548,2024-07-04,C134,P036,S002,1,0.1,Credit Card,1351.31
T01549,2025-07-24,C200,P038,S003,4,0.0,Credit Card,1467.72
T01550,2025-05-08,C183,P007,S004,4,0.0,Cash,5896.48
T01551,2024-12-04,C016,P038,S004,2,0.15,Credit Card,623.78
T01552,2024-08-06,C115,P007,S001,3,0.15,Mobile Money,3759.01
T01553,2025-04-11,C068,P009,S005,4,0.15,Mobile Money,418.85
T01554,2025-01-22,C177,P031,S004,4,0.05,Credit Card,4163.74
T01555,2023-10-18,C130,P030,S002,4,0.15,Credit Card,99.42
T01556,2025-02-26,C181,P041,S005,5,0.0,Credit Card,8175.05
T01557,2024-09-14,C117,P003,S004,1,0.05,Bank Transfer,320.75
T01558,2024-08-22,C031,P042,S005,4,0.0,Cash,1814.48
T01559,2024-10-30,C095,P007,S005,3,0.0,Credit Card,4422.36
T01560,2025-04-30,C031,P037,S003,3,0.1,Bank Transfer,5272.16
T01561,2023-11-16,C076,P016,S004,1,0.05,Credit Card,1765.81
T01562,2024-09-17,C151,P041,S004,1,0.1,Bank Transfer,1471.51
T01563,2023-12-10,C056,P029,S002,4,0.0,Cash,5940.2
T01564,2025-03-02,C141,P030,S003,1,0.0,Mobile Money,29.24
T01565,2024-10-13,C124,P022,S005,3,0.15,Bank Transfer,65.2
T01566,2025-02-26,C097,P029,S004,5,0.05,Credit Card,7053.99
T01567,2024-11-26,C130,P041,S004,4,0.15,Credit Card,5559.03
T01568,2024-02-02,C187,P017,S003,1,0.15,Mobile Money,1059.19
T01569,2024-02-15,C060,P039,S004,3,0.0,Mobile Money,1622.82
T01570,2025-07-19,C189,P022,S003,1,0.05,Cash,24.29
T01571,2025-02-16,C147,P008,S003,5,0.0,Cash,548.9
T01572,2024-11-12,C050,P014,S005,5,0.0,Credit Card,6713.75
T01573,2024-01-07,C193,P023,S004,5,0.0,Cash,9392.35
T01574,2024-09-14,C169,P012,S005,2,0.0,Bank Transfer,2386.18
T01575,2025-06-23,C053,P046,S002,5,0.15,Cash,4952.82
T01576,2023-11-01,C137,P027,S005,3,0.15,Cash,3244.19
T01577,2025-01-17,C126,P022,S001,3,0.15,Credit Card,65.2
T01578,2024-09-11,C107,P039,S001,5,0.1,Mobile Money,2434.23
T01579,2024-07-08,C066,P022,S001,1,0.0,Credit Card,25.57
T01580,2025-09-07,C074,P003,S002,2,0.1,Cash,607.73
T01581,2025-03-09,C040,P014,S003,4,0.05,Cash,5102.45
T01582,2025-02-22,C158,P048,S003,2,0.0,Cash,2432.72
T01583,2024-09-13,C077,P017,S004,1,0.1,Credit Card,1121.5
T01584,2025-05-25,C106,P033,S003,3,0.15,Cash,4587.37
T01585,2025-05-12,C014,P028,S002,2,0.05,Mobile Money,1280.18
T01586,2024-10-08,C131,P028,S005,4,0.0,Bank Transfer,2695.12
T01587,2024-10-20,C016,P041,S003,4,0.15,Cash,5559.03
T01588,2023-12-28,C124,P041,S001,4,0.05,Cash,6213.04
T01589,2024-11-19,C069,P020,S005,5,0.0,Credit Card,1619.6
T01590,2024-09-07,C196,P004,S005,2,0.1,Mobile Money,3336.79
T01591,2023-10-27,C115,P002,S001,5,0.05,Credit Card,3889.11
T01592,2024-09-05,C096,P049,S005,2,0.05,Mobile Money,737.69
T01593,2024-03-12,C143,P030,S004,1,0.0,Mobile Money,29.24
T01594,2024-07-10,C159,P047,S003,2,0.0,Cash,2394.36
T01595,2023-12-06,C124,P011,S003,5,0.1,Mobile Money,1118.56
T01596,2025-06-11,C090,P015,S002,5,0.1,Cash,1217.03
T01597,2024-09-12,C042,P045,S005,5,0.0,Bank Transfer,9395.4
T01598,2023-10-01,C023,P019,S004,1,0.05,Bank Transfer,1674.77
T01599,2024-07-24,C111,P043,S002,5,0.1,Bank Transfer,2539.89
T01600,2024-10-30,C163,P003,S003,4,0.1,Credit Card,1215.47
T01601,2025-08-25,C170,P033,S003,3,0.05,Mobile Money,5127.06
T01602,2024-02-03,C154,P037,S003,1,0.05,Cash,1855.02
T01603,2024-03-26,C156,P014,S004,1,0.0,Credit Card,1342.75
T01604,2025-06-04,C106,P011,S005,4,0.15,Cash,845.14
T01605,2025-05-13,C167,P030,S001,5,0.0,Mobile Money,146.2
T01606,2024-11-08,C173,P023,S001,3,0.15,Bank Transfer,4790.1
T01607,2024-09-02,C100,P006,S002,1,0.0,Mobile Money,318.05
T01608,2025-04-02,C095,P035,S002,4,0.0,Credit Card,6249.72
T01609,2023-10-07,C191,P049,S001,3,0.1,Credit Card,1048.3
T01610,2025-01-14,C024,P027,S005,3,0.05,Credit Card,3625.86
T01611,2024-12-04,C127,P026,S003,1,0.1,Mobile Money,914.18
T01612,2025-02-23,C181,P039,S005,2,0.0,Credit Card,1081.88
T01613,2024-01-10,C164,P006,S004,1,0.1,Mobile Money,286.24
T01614,2023-09-20,C044,P033,S005,2,0.05,Cash,3418.04
T01615,2023-11-20,C151,P032,S002,1,0.05,Bank Transfer,289.47
T01616,2025-05-30,C146,P002,S002,5,0.1,Credit Card,3684.42
T01617,2025-08-23,C174,P003,S001,5,0.1,Mobile Money,1519.34
T01618,2025-03-02,C001,P003,S004,1,0.1,Mobile Money,303.87
T01619,2024-01-21,C105,P033,S003,1,0.15,Mobile Money,1529.12
T01620,2025-03-30,C093,P026,S005,1,0.05,Cash,964.97
T01621,2025-08-11,C072,P025,S004,5,0.15,Bank Transfer,1823.89
T01622,2025-03-03,C002,P035,S004,2,0.1,Cash,2812.37
T01623,2024-09-03,C147,P032,S001,2,0.15,Cash,518.01
T01624,2025-08-05,C064,P011,S002,2,0.1,Bank Transfer,447.43
T01625,2024-01-07,C017,P027,S001,1,0.15,Mobile Money,1081.4
T01626,2024-06-22,C007,P040,S005,3,0.1,Credit Card,4713.15
T01627,2024-04-10,C028,P029,S004,2,0.1,Cash,2673.09
T01628,2024-12-31,C086,P027,S005,2,0.0,Mobile Money,2544.46
T01629,2024-10-28,C196,P044,S001,4,0.0,Cash,5146.2
T01630,2025-05-08,C016,P042,S001,4,0.1,Cash,1633.03
T01631,2025-07-31,C033,P007,S001,4,0.0,Bank Transfer,5896.48
T01632,2024-08-10,C157,P008,S004,1,0.0,Cash,109.78
T01633,2024-06-25,C144,P006,S001,3,0.15,Mobile Money,811.03
T01634,2024-10-14,C025,P047,S005,4,0.05,Cash,4549.28
T01635,2024-07-27,C117,P024,S004,4,0.15,Cash,5057.19
T01636,2024-09-09,C087,P033,S001,4,0.1,Credit Card,6476.29
T01637,2024-05-26,C028,P016,S001,1,0.0,Credit Card,1858.75
T01638,2025-08-05,C147,P014,S002,5,0.1,Bank Transfer,6042.38
T01639,2024-07-25,C108,P005,S004,5,0.15,Credit Card,5933.94
T01640,2025-09-07,C063,P011,S002,1,0.0,Credit Card,248.57
T01641,2023-09-18,C080,P046,S005,4,0.1,Bank Transfer,4195.33
T01642,2025-08-22,C150,P047,S005,2,0.05,Mobile Money,2274.64
T01643,2024-01-21,C080,P001,S005,3,0.1,Bank Transfer,4518.96
T01644,2024-03-01,C003,P018,S005,5,0.05,Cash,5129.48
T01645,2023-10-22,C061,P037,S005,5,0.0,Mobile Money,9763.25
T01646,2023-12-27,C089,P038,S002,2,0.05,Cash,697.17
T01647,2023-11-20,C088,P026,S002,4,0.15,Bank Transfer,3453.58
T01648,2025-05-22,C149,P019,S005,3,0.1,Mobile Money,4759.88
T01649,2025-02-12,C085,P040,S002,1,0.15,Cash,1483.77
T01650,2024-12-10,C127,P033,S002,1,0.05,Credit Card,1709.02
T01651,2024-08-18,C120,P021,S005,2,0.05,Mobile Money,2331.76
T01652,2024-03-30,C189,P004,S003,4,0.05,Mobile Money,7044.33
T01653,2025-08-08,C048,P036,S001,3,0.0,Cash,4504.38
T01654,2024-06-05,C092,P006,S001,5,0.0,Credit Card,1590.25
T01655,2025-01-08,C075,P003,S004,2,0.1,Cash,607.73
T01656,2025-05-01,C008,P009,S002,2,0.1,Credit Card,221.74
T01657,2023-12-01,C057,P048,S003,2,0.1,Credit Card,2189.45
T01658,2025-01-03,C046,P018,S002,1,0.05,Bank Transfer,1025.9
T01659,2024-02-09,C026,P001,S001,2,0.15,Cash,2845.27
T01660,2024-02-10,C087,P003,S002,3,0.15,Credit Card,860.96
T01661,2023-10-26,C095,P015,S003,2,0.15,Cash,459.76
T01662,2024-11-07,C031,P031,S002,2,0.05,Credit Card,2081.87
T01663,2025-07-19,C137,P047,S004,3,0.1,Mobile Money,3232.39
T01664,2025-01-25,C163,P020,S002,1,0.05,Bank Transfer,307.72
T01665,2024-01-17,C039,P036,S003,2,0.0,Bank Transfer,3002.92
T01666,2024-01-03,C033,P048,S005,5,0.15,Credit Card,5169.53
T01667,2025-02-18,C187,P022,S001,4,0.0,Credit Card,102.28
T01668,2025-08-30,C131,P042,S004,5,0.1,Mobile Money,2041.29
T01669,2025-01-26,C133,P002,S004,2,0.1,Bank Transfer,1473.77
T01670,2024-06-21,C135,P026,S004,4,0.15,Bank Transfer,3453.58
T01671,2023-12-13,C149,P043,S004,5,0.0,Credit Card,2822.1
T01672,2024-07-18,C057,P003,S002,4,0.05,Mobile Money,1282.99
T01673,2024-05-04,C056,P009,S003,4,0.15,Credit Card,418.85
T01674,2024-12-05,C096,P021,S003,5,0.0,Credit Card,6136.2
T01675,2024-05-19,C193,P021,S001,3,0.15,Bank Transfer,3129.46
T01676,2025-01-28,C059,P038,S005,1,0.15,Bank Transfer,311.89
T01677,2023-11-15,C110,P037,S004,4,0.15,Mobile Money,6639.01
T01678,2024-02-06,C095,P050,S004,3,0.1,Mobile Money,2820.53
T01679,2024-08-09,C007,P050,S002,4,0.05,Bank Transfer,3969.63
T01680,2023-09-15,C166,P044,S001,3,0.0,Bank Transfer,3859.65
T01681,2024-06-22,C129,P029,S005,5,0.0,Bank Transfer,7425.25
T01682,2024-09-27,C059,P005,S001,1,0.0,Bank Transfer,1396.22
T01683,2023-11-22,C010,P039,S005,2,0.1,Credit Card,973.69
T01684,2024-11-07,C173,P012,S003,3,0.1,Bank Transfer,3221.34
T01685,2024-08-11,C049,P035,S005,2,0.1,Cash,2812.37
T01686,2023-10-01,C198,P036,S003,3,0.1,Mobile Money,4053.94
T01687,2024-06-20,C104,P036,S005,1,0.15,Credit Card,1276.24
T01688,2023-10-05,C102,P027,S002,2,0.05,Mobile Money,2417.24
T01689,2025-05-04,C060,P009,S005,5,0.15,Mobile Money,523.56
T01690,2025-03-05,C088,P008,S001,3,0.05,Mobile Money,312.87
T01691,2024-04-26,C198,P022,S004,2,0.15,Mobile Money,43.47
T01692,2023-12-05,C143,P046,S001,3,0.05,Credit Card,3321.3
T01693,2024-10-03,C079,P040,S001,4,0.1,Bank Transfer,6284.2
T01694,2024-07-03,C058,P033,S004,4,0.15,Bank Transfer,6116.5
T01695,2024-07-06,C084,P010,S005,1,0.0,Credit Card,1194.12
T01696,2024-10-09,C040,P024,S003,5,0.15,Mobile Money,6321.49
T01697,2024-03-09,C053,P003,S004,1,0.15,Credit Card,286.99
T01698,2024-08-17,C122,P036,S001,3,0.15,Bank Transfer,3828.72
T01699,2025-01-19,C024,P034,S002,1,0.05,Cash,406.65
T01700,2024-05-09,C177,P047,S005,4,0.0,Credit Card,4788.72
T01701,2025-03-25,C051,P032,S001,4,0.1,Credit Card,1096.96
T01702,2024-05-23,C060,P041,S003,5,0.0,Mobile Money,8175.05
T01703,2025-01-22,C015,P036,S003,5,0.0,Credit Card,7507.3
T01704,2023-11-05,C084,P046,S004,4,0.05,Cash,4428.41
T01705,2023-12-09,C034,P032,S005,4,0.15,Cash,1036.01
T01706,2025-05-28,C100,P001,S002,2,0.05,Bank Transfer,3180.01
T01707,2025-03-05,C111,P048,S004,2,0.1,Credit Card,2189.45
T01708,2025-07-08,C129,P041,S004,3,0.05,Cash,4659.78
T01709,2024-10-10,C037,P016,S004,1,0.15,Credit Card,1579.94
T01710,2025-02-12,C135,P025,S003,5,0.15,Mobile Money,1823.89
T01711,2023-09-17,C119,P028,S005,1,0.0,Bank Transfer,673.78
T01712,2024-11-15,C166,P006,S004,3,0.1,Mobile Money,858.74
T01713,2024-10-04,C157,P027,S002,4,0.05,Credit Card,4834.47
T01714,2023-10-11,C159,P008,S004,4,0.15,Credit Card,373.25
T01715,2025-08-09,C179,P023,S005,1,0.15,Cash,1596.7
T01716,2024-07-04,C062,P009,S002,3,0.1,Cash,332.61
T01717,2024-01-19,C179,P003,S002,4,0.15,Cash,1147.94
T01718,2023-09-20,C095,P050,S001,1,0.1,Mobile Money,940.18
T01719,2024-09-20,C116,P022,S002,3,0.05,Cash,72.87
T01720,2025-08-24,C119,P037,S001,1,0.15,Mobile Money,1659.75
T01721,2024-02-15,C088,P042,S004,2,0.15,Cash,771.15
T01722,2024-09-27,C003,P045,S003,1,0.05,Bank Transfer,1785.13
T01723,2024-05-26,C172,P025,S004,4,0.15,Cash,1459.11
T01724,2025-08-10,C022,P013,S005,2,0.15,Credit Card,1929.16
T01725,2024-06-26,C121,P015,S003,2,0.05,Cash,513.85
T01726,2023-09-13,C156,P040,S001,2,0.1,Cash,3142.1
T01727,2025-05-18,C137,P036,S004,2,0.0,Cash,3002.92
T01728,2024-05-19,C174,P018,S003,2,0.15,Bank Transfer,1835.81
T01729,2025-08-24,C046,P033,S002,1,0.05,Mobile Money,1709.02
T01730,2025-08-22,C179,P002,S001,5,0.0,Mobile Money,4093.8
T01731,2025-06-08,C177,P011,S003,4,0.0,Cash,994.28
T01732,2024-12-28,C013,P034,S004,2,0.05,Bank Transfer,813.3
T01733,2024-09-15,C062,P046,S002,1,0.0,Mobile Money,1165.37
T01734,2024-04-02,C008,P032,S001,3,0.05,Cash,868.42
T01735,2025-08-11,C057,P018,S001,2,0.05,Cash,2051.79
T01736,2024-08-05,C107,P050,S005,1,0.1,Bank Transfer,940.18
T01737,2024-07-29,C144,P006,S002,5,0.05,Mobile Money,1510.74
T01738,2025-07-28,C110,P010,S001,2,0.05,Cash,2268.83
T01739,2023-09-21,C092,P033,S003,2,0.0,Mobile Money,3597.94
T01740,2025-09-08,C168,P050,S003,1,0.15,Credit Card,887.94
T01741,2024-06-29,C118,P013,S002,1,0.1,Bank Transfer,1021.32
T01742,2024-04-24,C012,P004,S001,2,0.15,Bank Transfer,3151.41
T01743,2024-07-08,C197,P024,S005,4,0.0,Credit Card,5949.64
T01744,2024-08-19,C065,P019,S001,5,0.1,Mobile Money,7933.14
T01745,2024-02-20,C174,P040,S002,3,0.05,Bank Transfer,4974.99
T01746,2025-03-22,C171,P001,S004,1,0.1,Cash,1506.32
T01747,2024-05-01,C156,P007,S005,4,0.15,Credit Card,5012.01
T01748,2024-06-24,C129,P047,S005,1,0.05,Cash,1137.32
T01749,2025-04-01,C158,P014,S001,3,0.05,Mobile Money,3826.84
T01750,2024-06-25,C194,P050,S002,5,0.0,Cash,5223.2
T01751,2025-05-26,C036,P013,S003,4,0.1,Credit Card,4085.28
T01752,2024-10-02,C039,P010,S004,2,0.0,Credit Card,2388.24
T01753,2024-12-11,C186,P027,S005,4,0.1,Credit Card,4580.03
T01754,2024-09-21,C072,P049,S003,1,0.15,Bank Transfer,330.02
T01755,2023-10-10,C193,P017,S001,2,0.1,Bank Transfer,2243.0
T01756,2024-10-04,C063,P048,S002,5,0.0,Credit Card,6081.8
T01757,2024-12-24,C176,P003,S002,5,0.15,Bank Transfer,1434.93
T01758,2025-03-23,C047,P047,S004,1,0.0,Mobile Money,1197.18
T01759,2023-10-31,C018,P026,S002,1,0.05,Credit Card,964.97
T01760,2024-07-03,C033,P001,S001,2,0.05,Credit Card,3180.01
T01761,2025-04-30,C130,P011,S001,4,0.15,Bank Transfer,845.14
T01762,2024-09-21,C043,P013,S002,2,0.15,Credit Card,1929.16
T01763,2024-10-27,C156,P027,S002,3,0.1,Mobile Money,3435.02
T01764,2025-05-27,C163,P008,S002,3,0.15,Cash,279.94
T01765,2025-05-13,C093,P033,S004,4,0.05,Mobile Money,6836.09
T01766,2024-03-18,C113,P014,S004,5,0.15,Credit Card,5706.69
T01767,2024-05-07,C124,P034,S001,4,0.15,Cash,1455.37
T01768,2023-10-13,C195,P019,S003,5,0.05,Credit Card,8373.87
T01769,2025-09-09,C066,P022,S004,4,0.1,Mobile Money,92.05
T01770,2025-06-18,C073,P028,S004,5,0.15,Cash,2863.56
T01771,2024-01-13,C086,P016,S002,4,0.05,Credit Card,7063.25
T01772,2023-10-10,C049,P035,S001,1,0.1,Mobile Money,1406.19
T01773,2025-08-17,C104,P043,S004,4,0.1,Mobile Money,2031.91
T01774,2024-08-30,C126,P029,S003,5,0.0,Mobile Money,7425.25
T01775,2025-03-09,C010,P030,S001,4,0.05,Credit Card,111.11
T01776,2025-04-22,C196,P026,S004,3,0.1,Mobile Money,2742.55
T01777,2025-05-05,C163,P010,S003,1,0.15,Mobile Money,1015.0
T01778,2025-08-04,C189,P033,S002,2,0.15,Cash,3058.25
T01779,2024-04-20,C093,P022,S001,2,0.1,Mobile Money,46.03
T01780,2025-02-02,C175,P038,S002,3,0.05,Credit Card,1045.75
T01781,2025-07-22,C004,P035,S001,1,0.15,Mobile Money,1328.07
T01782,2023-09-22,C181,P028,S005,1,0.05,Mobile Money,640.09
T01783,2024-03-19,C043,P026,S004,3,0.1,Mobile Money,2742.55
T01784,2024-10-12,C151,P026,S003,4,0.0,Cash,4063.04
T01785,2023-11-04,C163,P022,S005,3,0.05,Bank Transfer,72.87
T01786,2025-07-27,C192,P008,S002,4,0.1,Cash,395.21
T01787,2023-10-02,C044,P021,S004,1,0.0,Cash,1227.24
T01788,2024-04-08,C199,P038,S004,5,0.15,Bank Transfer,1559.45
T01789,2024-06-03,C188,P049,S004,2,0.05,Bank Transfer,737.69
T01790,2023-09-27,C048,P048,S002,2,0.15,Credit Card,2067.81
T01791,2025-06-18,C129,P040,S001,4,0.05,Credit Card,6633.32
T01792,2025-01-11,C052,P007,S001,2,0.05,Bank Transfer,2800.83
T01793,2024-11-21,C105,P004,S004,5,0.0,Credit Card,9268.85
T01794,2024-10-05,C021,P024,S003,1,0.15,Cash,1264.3
T01795,2024-04-20,C071,P021,S001,3,0.0,Credit Card,3681.72
T01796,2025-05-12,C123,P034,S004,1,0.0,Cash,428.05
T01797,2024-04-22,C069,P014,S001,5,0.0,Cash,6713.75
T01798,2024-02-03,C055,P043,S005,1,0.15,Bank Transfer,479.76
T01799,2024-07-16,C125,P028,S004,3,0.15,Bank Transfer,1718.14
T01800,2023-11-10,C095,P006,S003,3,0.05,Bank Transfer,906.44
T01801,2025-01-06,C171,P026,S004,4,0.0,Bank Transfer,4063.04
T01802,2024-06-22,C085,P037,S001,1,0.15,Mobile Money,1659.75
T01803,2024-02-03,C186,P009,S002,1,0.0,Bank Transfer,123.19
T01804,2025-01-05,C180,P039,S002,3,0.15,Mobile Money,1379.4
T01805,2024-01-07,C132,P005,S004,2,0.0,Bank Transfer,2792.44
T01806,2025-05-09,C005,P033,S003,1,0.1,Mobile Money,1619.07
T01807,2025-07-25,C060,P045,S005,4,0.15,Cash,6388.87
T01808,2024-06-03,C090,P023,S004,4,0.0,Mobile Money,7513.88
T01809,2024-07-22,C076,P015,S005,2,0.05,Cash,513.85
T01810,2023-10-18,C033,P019,S004,1,0.1,Mobile Money,1586.63
T01811,2024-09-21,C044,P024,S004,1,0.15,Credit Card,1264.3
T01812,2024-10-08,C063,P021,S002,2,0.0,Cash,2454.48
T01813,2024-08-06,C112,P046,S001,2,0.1,Mobile Money,2097.67
T01814,2025-06-21,C197,P035,S003,2,0.1,Mobile Money,2812.37
T01815,2023-12-31,C172,P039,S001,2,0.15,Cash,919.6
T01816,2025-03-13,C178,P043,S003,2,0.0,Bank Transfer,1128.84
T01817,2024-09-13,C097,P004,S004,5,0.15,Credit Card,7878.52
T01818,2024-08-27,C058,P019,S003,1,0.1,Cash,1586.63
T01819,2024-11-11,C029,P037,S001,3,0.05,Cash,5565.05
T01820,2024-01-25,C147,P013,S003,2,0.1,Mobile Money,2042.64
T01821,2024-10-23,C148,P040,S001,3,0.0,Credit Card,5236.83
T01822,2024-10-08,C100,P008,S004,3,0.1,Credit Card,296.41
T01823,2024-09-09,C134,P039,S005,5,0.05,Cash,2569.46
T01824,2025-02-23,C102,P026,S001,5,0.15,Bank Transfer,4316.98
T01825,2023-12-15,C038,P009,S003,2,0.15,Mobile Money,209.42
T01826,2025-01-19,C038,P002,S005,3,0.05,Cash,2333.47
T01827,2023-09-18,C154,P022,S003,3,0.0,Bank Transfer,76.71
T01828,2024-04-15,C181,P049,S005,4,0.05,Mobile Money,1475.39
T01829,2024-01-02,C075,P041,S004,1,0.1,Credit Card,1471.51
T01830,2024-02-25,C184,P034,S002,2,0.0,Credit Card,856.1
T01831,2024-10-08,C125,P047,S004,3,0.05,Cash,3411.96
T01832,2024-08-09,C141,P049,S004,3,0.15,Mobile Money,990.06
T01833,2025-02-20,C090,P004,S004,4,0.0,Bank Transfer,7415.08
T01834,2025-05-09,C073,P020,S002,5,0.15,Cash,1376.66
T01835,2025-07-23,C034,P046,S003,5,0.0,Bank Transfer,5826.85
T01836,2025-08-25,C118,P025,S002,5,0.05,Mobile Money,2038.46
T01837,2025-01-22,C179,P049,S004,3,0.05,Credit Card,1106.54
T01838,2024-08-24,C056,P046,S002,1,0.1,Cash,1048.83
T01839,2025-06-22,C174,P020,S002,4,0.15,Credit Card,1101.33
T01840,2023-11-18,C015,P026,S001,3,0.15,Credit Card,2590.19
T01841,2024-03-09,C014,P029,S001,5,0.1,Mobile Money,6682.72
T01842,2024-04-05,C039,P030,S004,2,0.0,Cash,58.48
T01843,2023-10-21,C062,P009,S004,4,0.1,Credit Card,443.48
T01844,2024-11-20,C168,P038,S004,1,0.15,Mobile Money,311.89
T01845,2024-12-16,C071,P017,S004,3,0.0,Cash,3738.33
T01846,2023-11-06,C030,P003,S001,1,0.15,Credit Card,286.99
T01847,2025-03-28,C006,P041,S005,5,0.15,Bank Transfer,6948.79
T01848,2024-03-23,C178,P003,S001,5,0.05,Mobile Money,1603.74
T01849,2024-06-17,C124,P040,S004,3,0.05,Cash,4974.99
T01850,2025-02-28,C084,P041,S001,5,0.05,Mobile Money,7766.3
T01851,2025-05-02,C180,P037,S001,4,0.15,Cash,6639.01
T01852,2024-12-15,C133,P013,S005,5,0.0,Credit Card,5674.0
T01853,2024-12-25,C169,P002,S001,2,0.05,Cash,1555.64
T01854,2024-11-03,C143,P005,S004,3,0.0,Cash,4188.66
T01855,2024-11-01,C033,P004,S005,2,0.05,Cash,3522.16
T01856,2024-11-28,C144,P035,S003,1,0.0,Cash,1562.43
T01857,2025-06-16,C130,P039,S003,3,0.05,Mobile Money,1541.68
T01858,2024-04-03,C169,P017,S001,2,0.1,Cash,2243.0
T01859,2025-06-13,C133,P011,S003,5,0.15,Credit Card,1056.42
T01860,2024-06-05,C148,P009,S004,3,0.1,Credit Card,332.61
T01861,2024-03-06,C177,P022,S001,1,0.05,Cash,24.29
T01862,2023-09-19,C049,P041,S002,3,0.05,Credit Card,4659.78
T01863,2025-05-11,C155,P040,S005,2,0.1,Bank Transfer,3142.1
T01864,2025-01-27,C033,P040,S005,4,0.0,Bank Transfer,6982.44
T01865,2025-01-01,C067,P017,S004,2,0.15,Mobile Money,2118.39
T01866,2025-04-24,C022,P024,S003,4,0.05,Credit Card,5652.16
T01867,2025-02-26,C019,P033,S003,2,0.1,Credit Card,3238.15
T01868,2025-03-28,C108,P041,S002,3,0.15,Mobile Money,4169.28
T01869,2025-03-13,C007,P011,S005,2,0.0,Bank Transfer,497.14
T01870,2025-07-24,C032,P026,S005,1,0.15,Cash,863.4
T01871,2024-09-23,C085,P042,S001,3,0.1,Bank Transfer,1224.77
T01872,2025-03-28,C038,P008,S002,3,0.0,Cash,329.34
T01873,2025-04-20,C097,P004,S002,4,0.0,Cash,7415.08
T01874,2024-01-12,C045,P037,S005,3,0.15,Cash,4979.26
T01875,2025-07-26,C136,P023,S003,5,0.1,Bank Transfer,8453.12
T01876,2024-11-25,C156,P003,S001,1,0.05,Bank Transfer,320.75
T01877,2024-01-14,C193,P002,S004,2,0.1,Mobile Money,1473.77
T01878,2024-11-24,C123,P011,S005,2,0.1,Cash,447.43
T01879,2025-09-02,C176,P003,S005,2,0.05,Credit Card,641.5
T01880,2024-03-25,C097,P020,S005,3,0.0,Bank Transfer,971.76
T01881,2023-12-20,C182,P032,S002,5,0.15,Mobile Money,1295.02
T01882,2025-05-26,C047,P004,S004,3,0.15,Bank Transfer,4727.11
T01883,2025-07-27,C071,P033,S004,5,0.05,Bank Transfer,8545.11
T01884,2025-03-12,C163,P027,S001,3,0.15,Bank Transfer,3244.19
T01885,2023-11-09,C024,P021,S001,1,0.05,Cash,1165.88
T01886,2025-08-21,C043,P046,S005,1,0.0,Bank Transfer,1165.37
T01887,2024-12-09,C142,P033,S004,1,0.15,Credit Card,1529.12
T01888,2024-09-20,C123,P014,S004,5,0.0,Mobile Money,6713.75
T01889,2023-09-12,C004,P030,S005,2,0.0,Mobile Money,58.48
T01890,2024-09-23,C180,P043,S005,3,0.05,Cash,1608.6
T01891,2025-03-09,C156,P009,S004,2,0.05,Credit Card,234.06
T01892,2024-04-21,C020,P010,S003,2,0.1,Cash,2149.42
T01893,2024-06-02,C109,P002,S004,4,0.05,Bank Transfer,3111.29
T01894,2025-08-28,C029,P040,S003,2,0.0,Bank Transfer,3491.22
T01895,2025-02-23,C077,P028,S004,3,0.1,Credit Card,1819.21
T01896,2025-05-30,C001,P009,S005,4,0.05,Bank Transfer,468.12
T01897,2024-01-03,C165,P047,S005,1,0.15,Mobile Money,1017.6
T01898,2025-02-05,C015,P018,S003,1,0.15,Bank Transfer,917.91
T01899,2024-11-11,C077,P016,S003,1,0.0,Bank Transfer,1858.75
T01900,2025-06-03,C185,P050,S002,4,0.1,Cash,3760.7
T01901,2024-10-21,C026,P041,S004,4,0.05,Cash,6213.04
T01902,2024-01-14,C136,P025,S005,2,0.15,Cash,729.56
T01903,2023-09-30,C125,P049,S001,2,0.1,Credit Card,698.87
T01904,2024-08-06,C121,P013,S004,3,0.1,Bank Transfer,3063.96
T01905,2025-09-09,C110,P023,S002,5,0.1,Cash,8453.12
T01906,2024-02-10,C113,P024,S004,2,0.05,Bank Transfer,2826.08
T01907,2024-05-01,C192,P027,S004,1,0.1,Credit Card,1145.01
T01908,2024-09-01,C029,P046,S002,3,0.0,Credit Card,3496.11
T01909,2024-09-30,C102,P048,S004,3,0.0,Credit Card,3649.08
T01910,2023-09-14,C171,P041,S002,4,0.1,Cash,5886.04
T01911,2025-08-28,C108,P050,S004,5,0.15,Credit Card,4439.72
T01912,2023-09-21,C084,P036,S004,5,0.15,Credit Card,6381.2
T01913,2024-02-29,C029,P047,S001,1,0.05,Credit Card,1137.32
T01914,2025-02-09,C089,P032,S005,1,0.05,Cash,289.47
T01915,2023-09-17,C174,P034,S003,4,0.0,Mobile Money,1712.2
T01916,2023-12-30,C123,P021,S003,3,0.15,Cash,3129.46
T01917,2025-06-09,C195,P001,S004,2,0.05,Credit Card,3180.01
T01918,2025-08-13,C064,P004,S003,1,0.1,Credit Card,1668.39
T01919,2024-10-29,C171,P017,S004,2,0.15,Cash,2118.39
T01920,2024-04-25,C180,P048,S005,5,0.05,Credit Card,5777.71
T01921,2024-11-05,C152,P017,S002,2,0.0,Credit Card,2492.22
T01922,2025-03-18,C103,P040,S001,3,0.05,Credit Card,4974.99
T01923,2025-08-06,C110,P035,S001,5,0.05,Cash,7421.54
T01924,2024-08-21,C014,P035,S004,4,0.1,Credit Card,5624.75
T01925,2024-07-27,C057,P014,S003,4,0.15,Cash,4565.35
T01926,2025-02-24,C131,P013,S004,1,0.1,Cash,1021.32
T01927,2024-04-13,C069,P049,S003,3,0.1,Mobile Money,1048.3
T01928,2024-03-25,C064,P033,S003,1,0.05,Cash,1709.02
T01929,2025-06-28,C001,P002,S001,3,0.05,Bank Transfer,2333.47
T01930,2024-06-18,C121,P050,S003,5,0.0,Mobile Money,5223.2
T01931,2024-01-23,C048,P016,S003,4,0.1,Bank Transfer,6691.5
T01932,2023-10-24,C078,P049,S001,1,0.0,Credit Card,388.26
T01933,2025-06-24,C085,P037,S003,3,0.1,Credit Card,5272.16
T01934,2024-06-23,C167,P038,S003,2,0.15,Cash,623.78
T01935,2024-09-24,C028,P009,S002,5,0.0,Cash,615.95
T01936,2025-09-09,C151,P004,S002,2,0.15,Cash,3151.41
T01937,2023-11-12,C020,P041,S005,5,0.1,Bank Transfer,7357.54
T01938,2024-08-02,C186,P017,S004,2,0.05,Cash,2367.61
T01939,2025-02-25,C033,P034,S002,4,0.1,Bank Transfer,1540.98
T01940,2025-06-28,C094,P025,S004,1,0.15,Cash,364.78
T01941,2025-06-07,C124,P039,S004,5,0.0,Credit Card,2704.7
T01942,2025-06-04,C154,P026,S003,2,0.1,Cash,1828.37
T01943,2024-10-20,C145,P013,S001,2,0.15,Mobile Money,1929.16
T01944,2024-03-04,C176,P045,S005,5,0.0,Credit Card,9395.4
T01945,2024-05-21,C113,P025,S005,4,0.15,Mobile Money,1459.11
T01946,2025-06-23,C156,P042,S003,2,0.05,Cash,861.88
T01947,2025-06-02,C041,P039,S005,2,0.0,Mobile Money,1081.88
T01948,2024-07-05,C129,P047,S005,3,0.1,Credit Card,3232.39
T01949,2024-07-09,C076,P002,S003,5,0.0,Credit Card,4093.8
T01950,2025-03-02,C058,P011,S001,5,0.05,Bank Transfer,1180.71
T01951,2025-06-15,C011,P036,S002,3,0.05,Bank Transfer,4279.16
T01952,2025-04-11,C014,P002,S002,2,0.0,Cash,1637.52
T01953,2023-11-10,C167,P018,S003,5,0.1,Bank Transfer,4859.51
T01954,2025-06-30,C022,P011,S005,3,0.05,Mobile Money,708.42
T01955,2024-09-02,C157,P002,S003,3,0.0,Cash,2456.28
T01956,2025-03-01,C092,P038,S002,3,0.05,Bank Transfer,1045.75
T01957,2025-01-17,C005,P024,S005,5,0.0,Mobile Money,7437.05
T01958,2024-03-24,C168,P035,S003,5,0.05,Mobile Money,7421.54
T01959,2023-12-22,C057,P030,S003,3,0.05,Mobile Money,83.33
T01960,2024-08-05,C040,P024,S004,2,0.15,Bank Transfer,2528.6
T01961,2024-11-09,C038,P021,S004,1,0.15,Credit Card,1043.15
T01962,2024-01-01,C118,P036,S002,2,0.05,Mobile Money,2852.77
T01963,2024-09-18,C187,P045,S002,3,0.0,Bank Transfer,5637.24
T01964,2024-08-14,C042,P049,S002,4,0.05,Cash,1475.39
T01965,2024-06-10,C037,P021,S001,4,0.05,Mobile Money,4663.51
T01966,2024-02-20,C166,P002,S004,1,0.05,Cash,777.82
T01967,2023-10-09,C155,P030,S001,4,0.15,Cash,99.42
T01968,2024-03-19,C029,P030,S001,1,0.05,Credit Card,27.78
T01969,2025-02-21,C198,P009,S001,3,0.05,Cash,351.09
T01970,2023-12-02,C003,P041,S001,5,0.1,Cash,7357.54
T01971,2024-08-21,C052,P011,S002,4,0.15,Credit Card,845.14
T01972,2025-05-15,C079,P046,S003,4,0.05,Credit Card,4428.41
T01973,2024-07-22,C015,P001,S005,3,0.0,Cash,5021.07
T01974,2024-05-18,C012,P024,S001,5,0.1,Cash,6693.34
T01975,2023-11-16,C131,P032,S004,2,0.0,Credit Card,609.42
T01976,2024-10-02,C007,P013,S002,4,0.15,Credit Card,3858.32
T01977,2024-10-24,C091,P021,S003,2,0.15,Cash,2086.31
T01978,2023-09-21,C126,P012,S002,1,0.05,Cash,1133.44
T01979,2024-11-08,C073,P024,S003,1,0.1,Cash,1338.67
T01980,2025-01-28,C093,P018,S001,1,0.05,Credit Card,1025.9
T01981,2025-05-06,C110,P019,S005,3,0.05,Mobile Money,5024.32
T01982,2023-10-18,C039,P028,S003,5,0.1,Bank Transfer,3032.01
T01983,2025-01-16,C027,P019,S003,4,0.1,Bank Transfer,6346.51
T01984,2025-03-03,C183,P024,S001,1,0.05,Credit Card,1413.04
T01985,2025-01-04,C082,P024,S002,4,0.15,Mobile Money,5057.19
T01986,2025-02-02,C018,P032,S001,5,0.15,Bank Transfer,1295.02
T01987,2025-01-08,C038,P021,S001,3,0.05,Credit Card,3497.63
T01988,2024-04-04,C197,P049,S004,3,0.1,Mobile Money,1048.3
T01989,2023-12-25,C109,P042,S004,4,0.1,Credit Card,1633.03
T01990,2025-01-10,C168,P036,S002,4,0.15,Mobile Money,5104.96
T01991,2024-05-17,C138,P010,S005,4,0.05,Mobile Money,4537.66
T01992,2024-11-07,C022,P037,S005,4,0.05,Cash,7420.07
T01993,2023-09-15,C061,P013,S003,1,0.05,Cash,1078.06
T01994,2025-09-07,C093,P029,S005,4,0.05,Cash,5643.19
T01995,2024-04-04,C016,P043,S003,3,0.05,Bank Transfer,1608.6
T01996,2023-10-24,C118,P034,S002,5,0.15,Credit Card,1819.21
T01997,2023-12-29,C054,P027,S002,1,0.05,Cash,1208.62
T01998,2024-01-05,C179,P009,S002,4,0.0,Mobile Money,492.76
T01999,2024-04-24,C096,P020,S001,1,0.0,Mobile Money,323.92
T02000,2025-01-06,C153,P010,S002,1,0.05,Bank Transfer,1134.41
T02001,2024-08-07,C037,P001,S001,2,0.0,Cash,3347.38
T02002,2024-12-29,C146,P038,S004,2,0.05,Mobile Money,697.17
T02003,2023-09-17,C191,P048,S002,5,0.1,Mobile Money,5473.62
T02004,2025-06-25,C106,P039,S003,4,0.0,Bank Transfer,2163.76
T02005,2025-08-06,C029,P047,S002,1,0.0,Credit Card,1197.18
T02006,2024-03-13,C129,P040,S002,1,0.15,Mobile Money,1483.77
T02007,2024-10-13,C175,P011,S004,5,0.1,Bank Transfer,1118.56
T02008,2024-03-26,C182,P024,S002,4,0.05,Bank Transfer,5652.16
T02009,2024-03-28,C024,P008,S005,4,0.05,Credit Card,417.16
T02010,2025-04-04,C103,P025,S005,1,0.05,Mobile Money,407.69
T02011,2024-10-03,C048,P003,S005,5,0.0,Mobile Money,1688.15
T02012,2023-12-15,C123,P047,S003,4,0.15,Credit Card,4070.41
T02013,2024-04-07,C014,P016,S003,4,0.05,Bank Transfer,7063.25
T02014,2023-12-19,C028,P050,S001,1,0.1,Bank Transfer,940.18
T02015,2025-02-11,C008,P025,S002,3,0.05,Cash,1223.08
T02016,2024-02-20,C017,P036,S002,5,0.0,Bank Transfer,7507.3
T02017,2023-09-30,C049,P005,S005,2,0.0,Credit Card,2792.44
T02018,2024-12-15,C069,P046,S001,5,0.0,Mobile Money,5826.85
T02019,2023-12-08,C012,P029,S001,3,0.0,Bank Transfer,4455.15
T02020,2025-03-20,C003,P045,S003,3,0.15,Credit Card,4791.65
T02021,2023-11-15,C081,P017,S004,3,0.05,Cash,3551.41
T02022,2024-02-25,C085,P047,S004,5,0.0,Credit Card,5985.9
T02023,2024-07-05,C007,P005,S005,4,0.15,Cash,4747.15
T02024,2023-12-01,C075,P028,S002,2,0.15,Cash,1145.43
T02025,2024-10-06,C161,P021,S001,2,0.05,Credit Card,2331.76
T02026,2023-12-08,C197,P008,S002,5,0.1,Mobile Money,494.01
T02027,2024-12-12,C034,P024,S003,3,0.1,Mobile Money,4016.01
T02028,2024-07-01,C011,P011,S004,2,0.05,Cash,472.28
T02029,2025-01-30,C040,P032,S005,4,0.0,Cash,1218.84
T02030,2025-02-16,C037,P025,S003,5,0.0,Mobile Money,2145.75
T02031,2024-03-29,C025,P036,S004,3,0.05,Bank Transfer,4279.16
T02032,2023-12-31,C042,P010,S001,3,0.1,Bank Transfer,3224.12
T02033,2024-03-28,C023,P025,S001,2,0.15,Bank Transfer,729.56
T02034,2025-05-18,C122,P041,S003,4,0.05,Cash,6213.04
T02035,2024-02-12,C146,P048,S004,1,0.1,Bank Transfer,1094.72
T02036,2024-07-20,C103,P022,S004,5,0.05,Mobile Money,121.46
T02037,2025-03-23,C094,P027,S005,5,0.1,Bank Transfer,5725.04
T02038,2025-05-06,C022,P022,S004,5,0.15,Bank Transfer,108.67
T02039,2023-10-08,C175,P022,S001,5,0.0,Credit Card,127.85
T02040,2025-07-07,C180,P018,S005,1,0.05,Cash,1025.9
T02041,2023-11-21,C075,P024,S004,2,0.15,Cash,2528.6
T02042,2024-08-07,C058,P046,S004,4,0.0,Bank Transfer,4661.48
T02043,2024-09-29,C120,P015,S004,5,0.15,Cash,1149.41
T02044,2025-03-27,C022,P013,S002,1,0.15,Mobile Money,964.58
T02045,2024-09-20,C052,P044,S004,3,0.0,Bank Transfer,3859.65
T02046,2024-07-11,C088,P033,S005,4,0.05,Mobile Money,6836.09
T02047,2025-07-13,C030,P022,S003,4,0.0,Credit Card,102.28
T02048,2024-04-03,C121,P050,S002,2,0.1,Cash,1880.35
T02049,2024-06-24,C154,P048,S004,1,0.1,Mobile Money,1094.72
T02050,2025-01-02,C122,P006,S002,1,0.05,Cash,302.15
T02051,2024-01-05,C195,P043,S004,3,0.1,Credit Card,1523.93
T02052,2025-05-26,C022,P036,S002,1,0.1,Mobile Money,1351.31
T02053,2025-01-24,C021,P019,S003,4,0.15,Credit Card,5993.93
T02054,2024-12-01,C172,P035,S003,2,0.0,Cash,3124.86
T02055,2024-08-18,C110,P042,S003,3,0.05,Credit Card,1292.82
T02056,2024-12-10,C090,P026,S004,4,0.15,Credit Card,3453.58
T02057,2024-12-09,C179,P032,S004,3,0.15,Cash,777.01
T02058,2025-07-03,C144,P013,S005,2,0.0,Credit Card,2269.6
T02059,2025-05-10,C083,P019,S003,1,0.05,Mobile Money,1674.77
T02060,2024-07-05,C038,P027,S004,3,0.0,Mobile Money,3816.69
T02061,2023-12-23,C068,P040,S005,1,0.15,Credit Card,1483.77
T02062,2024-12-03,C163,P028,S004,5,0.0,Cash,3368.9
T02063,2024-08-07,C056,P042,S002,4,0.05,Mobile Money,1723.76
T02064,2024-02-11,C056,P045,S003,2,0.05,Cash,3570.25
T02065,2025-06-26,C095,P007,S003,1,0.1,Bank Transfer,1326.71
T02066,2024-02-23,C129,P010,S001,4,0.15,Mobile Money,4060.01
T02067,2023-12-28,C106,P006,S003,3,0.15,Bank Transfer,811.03
T02068,2024-11-14,C030,P002,S002,4,0.15,Bank Transfer,2783.78
T02069,2025-07-22,C046,P041,S005,5,0.05,Mobile Money,7766.3
T02070,2025-03-30,C098,P013,S003,4,0.1,Cash,4085.28
T02071,2024-04-13,C023,P004,S001,1,0.0,Mobile Money,1853.77
T02072,2025-06-29,C027,P038,S004,5,0.0,Mobile Money,1834.65
T02073,2023-12-11,C129,P029,S005,1,0.1,Mobile Money,1336.54
T02074,2024-02-23,C055,P018,S002,4,0.15,Cash,3671.63
T02075,2024-02-06,C051,P008,S004,1,0.1,Mobile Money,98.8
T02076,2024-01-04,C106,P010,S004,1,0.1,Credit Card,1074.71
T02077,2024-10-26,C130,P024,S003,3,0.1,Bank Transfer,4016.01
T02078,2024-06-15,C107,P009,S002,1,0.15,Cash,104.71
T02079,2025-08-03,C004,P020,S001,2,0.1,Bank Transfer,583.06
T02080,2025-05-13,C086,P012,S002,5,0.15,Credit Card,5070.63
T02081,2024-10-26,C143,P050,S004,2,0.15,Cash,1775.89
T02082,2023-09-16,C148,P013,S004,2,0.15,Credit Card,1929.16
T02083,2025-06-08,C104,P028,S003,5,0.05,Mobile Money,3200.45
T02084,2024-01-22,C060,P016,S001,2,0.0,Mobile Money,3717.5
T02085,2025-03-07,C196,P049,S003,5,0.05,Bank Transfer,1844.24
T02086,2024-02-15,C053,P042,S001,1,0.0,Mobile Money,453.62
T02087,2024-08-03,C003,P015,S005,2,0.0,Cash,540.9
T02088,2024-08-18,C147,P019,S004,1,0.05,Mobile Money,1674.77
T02089,2024-10-31,C163,P031,S003,2,0.05,Credit Card,2081.87
T02090,2025-02-07,C077,P045,S002,5,0.05,Mobile Money,8925.63
T02091,2025-05-10,C198,P038,S003,1,0.1,Cash,330.24
T02092,2025-08-08,C037,P050,S001,5,0.0,Cash,5223.2
T02093,2025-07-20,C118,P049,S005,1,0.0,Credit Card,388.26
T02094,2024-02-17,C073,P003,S003,2,0.0,Cash,675.26
T02095,2024-07-15,C127,P011,S003,2,0.15,Cash,422.57
T02096,2025-05-21,C126,P030,S001,4,0.0,Mobile Money,116.96
T02097,2023-09-20,C161,P041,S001,2,0.15,Mobile Money,2779.52
T02098,2023-11-10,C081,P022,S004,2,0.05,Bank Transfer,48.58
T02099,2024-09-11,C003,P046,S002,5,0.0,Cash,5826.85
T02100,2024-12-11,C088,P008,S003,4,0.0,Credit Card,439.12
T02101,2025-03-28,C134,P015,S003,1,0.05,Cash,256.93
T02102,2024-01-09,C138,P009,S001,5,0.05,Credit Card,585.15
T02103,2024-11-09,C094,P003,S001,2,0.0,Bank Transfer,675.26
T02104,2024-08-26,C036,P021,S002,1,0.05,Bank Transfer,1165.88
T02105,2025-04-14,C071,P040,S004,2,0.0,Bank Transfer,3491.22
T02106,2024-05-17,C182,P045,S005,3,0.15,Mobile Money,4791.65
T02107,2024-12-16,C112,P022,S005,4,0.05,Bank Transfer,97.17
T02108,2025-06-24,C045,P032,S002,3,0.15,Cash,777.01
T02109,2024-11-29,C150,P022,S005,3,0.05,Credit Card,72.87
T02110,2025-04-18,C185,P009,S004,4,0.15,Mobile Money,418.85
T02111,2025-01-12,C153,P012,S003,3,0.0,Mobile Money,3579.27
T02112,2024-03-22,C110,P031,S002,5,0.1,Bank Transfer,4930.74
T02113,2025-04-12,C162,P008,S001,4,0.05,Cash,417.16
T02114,2023-11-19,C131,P034,S003,5,0.15,Bank Transfer,1819.21
T02115,2025-05-27,C155,P046,S005,3,0.15,Cash,2971.69
T02116,2024-05-29,C030,P012,S002,3,0.15,Credit Card,3042.38
T02117,2025-05-04,C092,P008,S002,1,0.05,Bank Transfer,104.29
T02118,2024-01-15,C096,P015,S002,3,0.0,Cash,811.35
T02119,2024-08-07,C082,P030,S001,3,0.05,Mobile Money,83.33
T02120,2023-09-17,C146,P050,S003,2,0.0,Mobile Money,2089.28
T02121,2023-10-23,C073,P042,S005,2,0.05,Cash,861.88
T02122,2024-04-14,C144,P038,S003,5,0.0,Mobile Money,1834.65
T02123,2025-07-08,C175,P004,S004,3,0.1,Credit Card,5005.18
T02124,2024-10-27,C051,P015,S001,4,0.15,Cash,919.53
T02125,2024-02-03,C071,P018,S004,1,0.0,Mobile Money,1079.89
T02126,2025-05-17,C044,P006,S005,3,0.15,Credit Card,811.03
T02127,2025-04-19,C148,P015,S001,3,0.0,Cash,811.35
T02128,2024-12-20,C119,P037,S003,2,0.15,Cash,3319.5
T02129,2025-05-01,C137,P006,S005,1,0.1,Cash,286.24
T02130,2025-03-25,C018,P019,S004,1,0.15,Bank Transfer,1498.48
T02131,2025-08-26,C071,P046,S003,3,0.15,Cash,2971.69
T02132,2024-06-15,C143,P035,S003,4,0.0,Mobile Money,6249.72
T02133,2024-10-31,C077,P036,S004,4,0.0,Bank Transfer,6005.84
T02134,2024-05-07,C159,P049,S001,1,0.05,Cash,368.85
T02135,2024-10-29,C003,P032,S002,1,0.1,Mobile Money,274.24
T02136,2024-02-07,C058,P018,S002,1,0.05,Bank Transfer,1025.9
T02137,2024-06-28,C138,P020,S001,1,0.1,Cash,291.53
T02138,2024-01-20,C029,P037,S001,3,0.0,Bank Transfer,5857.95
T02139,2025-04-25,C085,P022,S005,4,0.1,Credit Card,92.05
T02140,2025-07-28,C036,P004,S005,4,0.0,Credit Card,7415.08
T02141,2023-12-05,C082,P034,S002,5,0.15,Mobile Money,1819.21
T02142,2025-03-10,C172,P042,S001,5,0.05,Mobile Money,2154.69
T02143,2025-06-30,C170,P035,S004,3,0.1,Mobile Money,4218.56
T02144,2025-07-05,C058,P012,S001,3,0.1,Cash,3221.34
T02145,2025-03-27,C091,P011,S005,2,0.05,Cash,472.28
T02146,2024-07-16,C020,P041,S004,1,0.05,Cash,1553.26
T02147,2023-10-06,C172,P050,S002,4,0.15,Credit Card,3551.78
T02148,2025-06-22,C125,P017,S001,3,0.05,Bank Transfer,3551.41
T02149,2024-01-24,C195,P012,S003,4,0.05,Cash,4533.74
T02150,2024-05-04,C034,P036,S002,3,0.15,Mobile Money,3828.72
T02151,2025-02-18,C159,P008,S005,2,0.15,Credit Card,186.63
T02152,2024-11-17,C018,P016,S003,4,0.05,Bank Transfer,7063.25
T02153,2023-09-23,C148,P036,S001,2,0.15,Cash,2552.48
T02154,2025-02-23,C191,P039,S001,2,0.0,Mobile Money,1081.88
T02155,2025-08-27,C048,P025,S003,1,0.15,Mobile Money,364.78
T02156,2025-01-18,C091,P015,S003,1,0.0,Bank Transfer,270.45
T02157,2025-03-22,C111,P047,S002,2,0.15,Mobile Money,2035.21
T02158,2024-12-21,C131,P049,S003,1,0.15,Bank Transfer,330.02
T02159,2025-06-15,C095,P048,S001,1,0.15,Mobile Money,1033.91
T02160,2023-11-27,C050,P050,S003,2,0.15,Credit Card,1775.89
T02161,2024-10-16,C153,P024,S003,5,0.15,Mobile Money,6321.49
T02162,2025-08-20,C028,P025,S001,2,0.0,Credit Card,858.3
T02163,2024-12-03,C030,P017,S001,1,0.1,Credit Card,1121.5
T02164,2024-01-04,C017,P001,S005,1,0.1,Credit Card,1506.32
T02165,2025-01-03,C159,P013,S004,4,0.15,Cash,3858.32
T02166,2025-06-11,C057,P011,S003,4,0.05,Credit Card,944.57
T02167,2024-03-11,C053,P031,S003,3,0.1,Cash,2958.44
T02168,2024-07-04,C025,P005,S002,5,0.15,Bank Transfer,5933.94
T02169,2023-11-02,C177,P048,S002,2,0.1,Cash,2189.45
T02170,2024-07-27,C043,P034,S002,3,0.15,Credit Card,1091.53
T02171,2025-01-28,C004,P028,S004,4,0.1,Cash,2425.61
T02172,2024-05-25,C046,P019,S003,1,0.05,Cash,1674.77
T02173,2024-10-27,C153,P024,S003,4,0.0,Mobile Money,5949.64
T02174,2025-07-03,C064,P004,S004,1,0.0,Cash,1853.77
T02175,2024-06-06,C146,P011,S003,2,0.05,Credit Card,472.28
T02176,2025-03-29,C199,P030,S001,1,0.1,Bank Transfer,26.32
T02177,2025-05-29,C116,P046,S004,3,0.1,Mobile Money,3146.5
T02178,2024-08-18,C065,P030,S003,4,0.0,Bank Transfer,116.96
T02179,2023-10-27,C078,P019,S003,5,0.15,Cash,7492.41
T02180,2025-02-25,C070,P023,S005,1,0.05,Mobile Money,1784.55
T02181,2023-12-18,C057,P039,S002,3,0.15,Cash,1379.4
T02182,2023-11-07,C063,P028,S005,4,0.1,Credit Card,2425.61
T02183,2024-08-17,C191,P001,S001,2,0.15,Cash,2845.27
T02184,2024-01-01,C071,P047,S005,4,0.05,Bank Transfer,4549.28
T02185,2025-06-10,C174,P006,S003,3,0.15,Mobile Money,811.03
T02186,2023-12-13,C071,P033,S003,2,0.0,Bank Transfer,3597.94
T02187,2025-05-09,C157,P005,S001,4,0.15,Bank Transfer,4747.15
T02188,2025-09-03,C074,P014,S001,1,0.15,Credit Card,1141.34
T02189,2023-10-27,C120,P044,S002,5,0.1,Credit Card,5789.48
T02190,2024-12-16,C078,P029,S004,3,0.0,Bank Transfer,4455.15
T02191,2025-04-15,C004,P044,S004,1,0.05,Bank Transfer,1222.22
T02192,2024-12-31,C152,P012,S001,1,0.15,Bank Transfer,1014.13
T02193,2024-02-01,C002,P039,S004,3,0.0,Cash,1622.82
T02194,2024-06-11,C065,P007,S002,3,0.1,Credit Card,3980.12
T02195,2024-06-23,C023,P032,S003,2,0.05,Mobile Money,578.95
T02196,2025-03-11,C150,P010,S001,3,0.05,Cash,3403.24
T02197,2023-10-27,C122,P014,S003,2,0.15,Mobile Money,2282.67
T02198,2024-03-19,C103,P037,S001,3,0.1,Bank Transfer,5272.16
T02199,2024-09-03,C045,P022,S005,4,0.1,Credit Card,92.05
T02200,2024-03-29,C175,P041,S002,3,0.05,Mobile Money,4659.78
T02201,2024-09-28,C142,P041,S002,3,0.1,Cash,4414.53
T02202,2025-06-23,C077,P040,S005,4,0.05,Mobile Money,6633.32
T02203,2024-02-16,C112,P019,S001,2,0.15,Bank Transfer,2996.96
T02204,2024-03-06,C129,P049,S003,4,0.1,Mobile Money,1397.74
T02205,2024-09-25,C120,P042,S004,4,0.15,Cash,1542.31
T02206,2025-03-22,C144,P040,S001,4,0.0,Credit Card,6982.44
T02207,2024-02-26,C158,P043,S003,2,0.1,Credit Card,1015.96
T02208,2025-08-09,C159,P027,S005,5,0.1,Cash,5725.04
T02209,2024-02-03,C194,P028,S004,2,0.15,Cash,1145.43
T02210,2024-10-06,C119,P004,S005,4,0.0,Cash,7415.08
T02211,2024-04-18,C015,P011,S003,1,0.1,Cash,223.71
T02212,2025-07-08,C075,P012,S005,4,0.1,Cash,4295.12
T02213,2025-01-10,C032,P039,S005,5,0.0,Credit Card,2704.7
T02214,2024-07-04,C133,P020,S002,5,0.15,Credit Card,1376.66
T02215,2025-01-20,C058,P014,S002,3,0.1,Cash,3625.42
T02216,2024-12-14,C125,P010,S005,2,0.0,Cash,2388.24
T02217,2024-12-26,C001,P005,S002,5,0.0,Cash,6981.1
T02218,2023-11-18,C064,P021,S002,1,0.15,Cash,1043.15
T02219,2024-11-22,C130,P040,S004,4,0.0,Cash,6982.44
T02220,2023-09-22,C077,P037,S004,4,0.05,Credit Card,7420.07
T02221,2024-06-20,C140,P045,S003,5,0.15,Cash,7986.09
T02222,2024-03-29,C111,P029,S002,1,0.05,Credit Card,1410.8
T02223,2023-09-19,C191,P022,S002,2,0.05,Mobile Money,48.58
T02224,2025-06-22,C123,P023,S003,3,0.0,Mobile Money,5635.41
T02225,2023-10-10,C095,P042,S003,4,0.15,Cash,1542.31
T02226,2024-08-26,C119,P002,S004,4,0.05,Cash,3111.29
T02227,2023-11-06,C073,P050,S004,1,0.15,Cash,887.94
T02228,2025-08-15,C149,P025,S003,1,0.15,Cash,364.78
T02229,2025-08-20,C091,P043,S002,4,0.15,Bank Transfer,1919.03
T02230,2023-10-19,C003,P040,S002,3,0.05,Bank Transfer,4974.99
T02231,2024-03-30,C181,P020,S005,4,0.0,Credit Card,1295.68
T02232,2025-03-21,C168,P026,S002,3,0.1,Mobile Money,2742.55
T02233,2025-01-24,C184,P029,S002,3,0.1,Mobile Money,4009.64
T02234,2024-01-12,C018,P001,S004,4,0.15,Credit Card,5690.55
T02235,2023-09-26,C148,P048,S005,5,0.1,Credit Card,5473.62
T02236,2024-03-23,C179,P020,S003,5,0.1,Mobile Money,1457.64
T02237,2024-08-19,C018,P048,S001,1,0.05,Credit Card,1155.54
T02238,2024-09-09,C025,P050,S001,4,0.15,Bank Transfer,3551.78
T02239,2025-07-22,C195,P009,S002,2,0.0,Credit Card,246.38
T02240,2025-02-21,C187,P019,S004,4,0.0,Cash,7051.68
T02241,2024-08-24,C157,P042,S003,1,0.0,Cash,453.62
T02242,2024-08-02,C114,P029,S003,5,0.0,Credit Card,7425.25
T02243,2024-04-18,C083,P025,S001,4,0.15,Credit Card,1459.11
T02244,2024-05-30,C164,P010,S005,5,0.05,Credit Card,5672.07
T02245,2024-11-08,C065,P017,S004,4,0.1,Credit Card,4486.0
T02246,2023-11-20,C052,P008,S002,4,0.05,Cash,417.16
T02247,2023-12-13,C150,P040,S001,1,0.05,Cash,1658.33
T02248,2024-10-25,C036,P012,S001,3,0.15,Cash,3042.38
T02249,2023-09-15,C088,P035,S002,5,0.15,Credit Card,6640.33
T02250,2025-04-07,C054,P016,S005,4,0.1,Bank Transfer,6691.5
T02251,2025-03-21,C159,P008,S005,2,0.0,Mobile Money,219.56
T02252,2023-11-23,C110,P016,S004,1,0.0,Credit Card,1858.75
T02253,2024-11-22,C133,P031,S003,1,0.0,Mobile Money,1095.72
T02254,2024-09-09,C060,P034,S001,5,0.1,Cash,1926.22
T02255,2024-01-19,C058,P036,S003,3,0.15,Bank Transfer,3828.72
T02256,2025-05-24,C018,P040,S002,3,0.0,Credit Card,5236.83
T02257,2024-06-05,C133,P041,S005,5,0.1,Mobile Money,7357.54
T02258,2024-11-27,C159,P031,S001,5,0.0,Mobile Money,5478.6
T02259,2024-11-22,C068,P038,S001,1,0.1,Mobile Money,330.24
T02260,2024-01-23,C067,P015,S002,3,0.0,Credit Card,811.35
T02261,2025-01-16,C053,P038,S005,3,0.0,Credit Card,1100.79
T02262,2025-04-24,C127,P046,S001,5,0.0,Bank Transfer,5826.85
T02263,2023-11-03,C019,P009,S004,5,0.0,Mobile Money,615.95
T02264,2024-08-07,C034,P044,S003,1,0.0,Cash,1286.55
T02265,2025-03-11,C128,P049,S005,2,0.1,Mobile Money,698.87
T02266,2024-03-24,C123,P007,S003,2,0.0,Cash,2948.24
T02267,2025-06-12,C007,P017,S002,5,0.15,Cash,5295.97
T02268,2024-03-18,C142,P009,S004,1,0.15,Mobile Money,104.71
T02269,2025-04-29,C179,P003,S002,4,0.15,Credit Card,1147.94
T02270,2025-02-01,C030,P010,S004,1,0.1,Bank Transfer,1074.71
T02271,2024-05-25,C050,P017,S003,4,0.0,Credit Card,4984.44
T02272,2025-05-22,C060,P050,S001,5,0.0,Credit Card,5223.2
T02273,2025-04-06,C106,P037,S005,5,0.0,Cash,9763.25
T02274,2025-03-24,C185,P026,S002,1,0.0,Cash,1015.76
T02275,2024-01-08,C033,P016,S004,2,0.1,Cash,3345.75
T02276,2024-08-17,C081,P024,S003,5,0.05,Bank Transfer,7065.2
T02277,2023-10-23,C034,P003,S005,4,0.15,Cash,1147.94
T02278,2024-06-08,C169,P043,S001,1,0.1,Credit Card,507.98
T02279,2025-03-25,C127,P047,S003,2,0.15,Bank Transfer,2035.21
T02280,2025-03-16,C094,P023,S005,3,0.05,Bank Transfer,5353.64
T02281,2024-04-09,C082,P044,S005,5,0.0,Cash,6432.75
T02282,2023-09-13,C089,P042,S004,5,0.15,Bank Transfer,1927.88
T02283,2024-01-20,C021,P004,S002,2,0.05,Bank Transfer,3522.16
T02284,2025-01-30,C190,P016,S005,2,0.0,Bank Transfer,3717.5
T02285,2024-04-29,C186,P027,S002,1,0.05,Mobile Money,1208.62
T02286,2023-12-07,C167,P033,S004,1,0.0,Mobile Money,1798.97
T02287,2025-07-26,C009,P001,S003,3,0.15,Bank Transfer,4267.91
T02288,2024-09-28,C022,P011,S001,3,0.15,Mobile Money,633.85
T02289,2024-06-24,C005,P010,S004,4,0.15,Cash,4060.01
T02290,2024-08-28,C058,P038,S002,4,0.05,Mobile Money,1394.33
T02291,2023-10-14,C137,P013,S001,3,0.0,Bank Transfer,3404.4
T02292,2023-12-20,C007,P023,S005,3,0.1,Credit Card,5071.87
T02293,2024-11-02,C194,P001,S001,3,0.15,Mobile Money,4267.91
T02294,2023-11-29,C187,P018,S001,1,0.15,Bank Transfer,917.91
T02295,2025-02-17,C137,P019,S004,4,0.1,Credit Card,6346.51
T02296,2024-05-06,C098,P021,S004,2,0.05,Cash,2331.76
T02297,2023-10-31,C072,P041,S003,1,0.05,Bank Transfer,1553.26
T02298,2023-11-13,C087,P038,S005,4,0.0,Bank Transfer,1467.72
T02299,2025-06-23,C093,P047,S003,3,0.0,Cash,3591.54
T02300,2025-06-23,C079,P027,S005,3,0.1,Credit Card,3435.02
T02301,2025-04-21,C114,P045,S004,1,0.15,Cash,1597.22
T02302,2025-02-25,C120,P037,S001,3,0.15,Credit Card,4979.26
T02303,2025-01-09,C105,P027,S001,5,0.0,Bank Transfer,6361.15
T02304,2025-08-23,C157,P003,S005,3,0.0,Mobile Money,1012.89
T02305,2023-10-12,C047,P015,S003,3,0.1,Mobile Money,730.21
T02306,2023-10-26,C033,P033,S002,2,0.05,Cash,3418.04
T02307,2023-10-25,C060,P013,S001,1,0.05,Mobile Money,1078.06
T02308,2025-08-26,C149,P028,S003,1,0.05,Cash,640.09
T02309,2023-10-24,C183,P040,S003,3,0.0,Bank Transfer,5236.83
T02310,2024-08-03,C139,P013,S001,5,0.05,Bank Transfer,5390.3
T02311,2024-05-25,C028,P021,S001,5,0.15,Cash,5215.77
T02312,2024-11-21,C131,P035,S001,2,0.05,Bank Transfer,2968.62
T02313,2024-06-28,C147,P005,S003,4,0.0,Mobile Money,5584.88
T02314,2024-03-12,C073,P027,S002,1,0.1,Bank Transfer,1145.01
T02315,2023-10-24,C086,P036,S004,3,0.15,Bank Transfer,3828.72
T02316,2023-10-20,C160,P014,S001,2,0.1,Cash,2416.95
T02317,2025-04-23,C075,P021,S002,5,0.0,Cash,6136.2
T02318,2024-11-10,C156,P001,S002,3,0.1,Credit Card,4518.96
T02319,2023-10-22,C097,P020,S005,1,0.05,Mobile Money,307.72
T02320,2023-11-13,C196,P007,S001,1,0.05,Mobile Money,1400.41
T02321,2024-07-28,C138,P049,S001,5,0.0,Mobile Money,1941.3
T02322,2024-04-14,C169,P015,S005,5,0.15,Bank Transfer,1149.41
T02323,2024-03-26,C069,P046,S002,5,0.1,Credit Card,5244.16
T02324,2024-03-10,C085,P014,S002,3,0.05,Mobile Money,3826.84
T02325,2024-09-08,C081,P003,S001,2,0.15,Mobile Money,573.97
T02326,2023-10-24,C093,P040,S001,3,0.0,Bank Transfer,5236.83
T02327,2024-08-31,C168,P036,S004,5,0.05,Mobile Money,7131.94
T02328,2025-02-28,C108,P022,S002,5,0.05,Credit Card,121.46
T02329,2024-04-10,C199,P043,S004,5,0.05,Bank Transfer,2681.0
T02330,2024-05-05,C074,P046,S003,3,0.0,Cash,3496.11
T02331,2024-12-06,C105,P032,S004,5,0.05,Mobile Money,1447.37
T02332,2025-07-29,C162,P048,S002,2,0.15,Cash,2067.81
T02333,2025-07-18,C043,P037,S001,4,0.1,Mobile Money,7029.54
T02334,2023-10-18,C191,P038,S001,2,0.0,Mobile Money,733.86
T02335,2025-08-21,C007,P039,S002,1,0.05,Mobile Money,513.89
T02336,2024-02-18,C109,P023,S003,2,0.15,Credit Card,3193.4
T02337,2024-11-12,C183,P039,S003,1,0.1,Bank Transfer,486.85
T02338,2025-01-13,C152,P047,S005,5,0.0,Cash,5985.9
T02339,2024-06-06,C019,P032,S003,4,0.15,Mobile Money,1036.01
T02340,2024-04-27,C190,P005,S004,3,0.15,Credit Card,3560.36
T02341,2024-01-31,C188,P016,S002,5,0.0,Credit Card,9293.75
T02342,2025-06-29,C002,P028,S005,5,0.1,Mobile Money,3032.01
T02343,2024-03-10,C098,P044,S003,4,0.05,Bank Transfer,4888.89
T02344,2025-08-07,C198,P030,S001,2,0.1,Mobile Money,52.63
T02345,2025-03-11,C088,P022,S001,5,0.15,Bank Transfer,108.67
T02346,2024-04-12,C083,P013,S004,3,0.05,Credit Card,3234.18
T02347,2025-05-13,C011,P033,S002,4,0.1,Bank Transfer,6476.29
T02348,2024-06-27,C026,P047,S003,3,0.05,Cash,3411.96
T02349,2025-07-07,C074,P009,S003,4,0.15,Credit Card,418.85
T02350,2025-05-16,C044,P025,S003,3,0.0,Credit Card,1287.45
T02351,2024-06-16,C171,P017,S003,2,0.0,Credit Card,2492.22
T02352,2025-06-14,C142,P002,S005,2,0.0,Cash,1637.52
T02353,2024-04-07,C139,P014,S005,2,0.0,Mobile Money,2685.5
T02354,2024-12-22,C007,P039,S003,2,0.1,Mobile Money,973.69
T02355,2024-05-03,C188,P011,S004,5,0.05,Mobile Money,1180.71
T02356,2023-12-25,C076,P011,S001,1,0.15,Mobile Money,211.28
T02357,2023-12-20,C127,P033,S003,1,0.05,Bank Transfer,1709.02
T02358,2025-07-22,C188,P036,S001,3,0.0,Credit Card,4504.38
T02359,2024-11-05,C187,P021,S001,3,0.05,Bank Transfer,3497.63
T02360,2025-07-22,C071,P037,S004,5,0.0,Bank Transfer,9763.25
T02361,2025-03-14,C010,P012,S004,1,0.1,Credit Card,1073.78
T02362,2024-09-19,C143,P033,S001,1,0.05,Credit Card,1709.02
T02363,2024-04-11,C151,P041,S004,2,0.05,Bank Transfer,3106.52
T02364,2024-06-05,C121,P010,S002,4,0.05,Mobile Money,4537.66
T02365,2024-05-14,C073,P037,S002,2,0.0,Credit Card,3905.3
T02366,2024-05-22,C001,P019,S004,1,0.15,Credit Card,1498.48
T02367,2025-03-31,C182,P013,S002,1,0.15,Bank Transfer,964.58
T02368,2024-02-07,C158,P048,S004,5,0.05,Bank Transfer,5777.71
T02369,2023-09-24,C124,P021,S005,2,0.1,Credit Card,2209.03
T02370,2023-12-30,C075,P020,S004,4,0.15,Bank Transfer,1101.33
T02371,2023-11-07,C140,P016,S004,3,0.0,Credit Card,5576.25
T02372,2024-02-14,C029,P023,S003,4,0.15,Bank Transfer,6386.8
T02373,2023-10-24,C064,P014,S004,1,0.05,Mobile Money,1275.61
T02374,2025-02-20,C082,P040,S001,3,0.15,Credit Card,4451.31
T02375,2025-07-17,C199,P003,S004,4,0.15,Credit Card,1147.94
T02376,2025-02-01,C008,P040,S003,3,0.05,Mobile Money,4974.99
T02377,2025-04-26,C016,P047,S005,3,0.1,Bank Transfer,3232.39
T02378,2025-05-18,C106,P020,S004,4,0.15,Mobile Money,1101.33
T02379,2024-02-12,C067,P028,S001,3,0.15,Credit Card,1718.14
T02380,2023-12-01,C087,P024,S001,3,0.15,Mobile Money,3792.9
T02381,2023-12-18,C057,P007,S005,2,0.05,Cash,2800.83
T02382,2025-06-08,C158,P035,S005,3,0.05,Cash,4452.93
T02383,2024-11-22,C185,P034,S001,4,0.0,Bank Transfer,1712.2
T02384,2024-05-12,C091,P049,S005,1,0.0,Credit Card,388.26
T02385,2025-06-20,C093,P042,S005,2,0.05,Mobile Money,861.88
T02386,2025-09-03,C184,P047,S002,3,0.05,Bank Transfer,3411.96
T02387,2024-07-25,C085,P029,S004,2,0.05,Cash,2821.6
T02388,2023-10-05,C010,P050,S001,5,0.0,Mobile Money,5223.2
T02389,2024-04-07,C125,P017,S001,2,0.1,Bank Transfer,2243.0
T02390,2025-08-26,C007,P014,S002,2,0.0,Bank Transfer,2685.5
T02391,2024-11-30,C192,P017,S001,4,0.15,Credit Card,4236.77
T02392,2025-04-10,C190,P031,S003,1,0.0,Cash,1095.72
T02393,2024-01-22,C130,P030,S004,1,0.0,Credit Card,29.24
T02394,2024-07-04,C025,P034,S005,4,0.05,Bank Transfer,1626.59
T02395,2024-06-22,C083,P048,S004,5,0.0,Bank Transfer,6081.8
T02396,2025-04-19,C071,P015,S004,2,0.0,Bank Transfer,540.9
T02397,2025-07-22,C168,P039,S005,4,0.15,Bank Transfer,1839.2
T02398,2024-05-30,C110,P021,S001,2,0.15,Bank Transfer,2086.31
T02399,2024-06-23,C124,P039,S003,5,0.05,Mobile Money,2569.46
T02400,2025-03-08,C005,P038,S004,4,0.1,Cash,1320.95
T02401,2024-01-02,C116,P015,S002,5,0.0,Mobile Money,1352.25
T02402,2025-01-27,C198,P032,S002,4,0.1,Mobile Money,1096.96
T02403,2025-05-06,C145,P041,S001,3,0.1,Credit Card,4414.53
T02404,2024-05-20,C162,P014,S001,1,0.05,Credit Card,1275.61
T02405,2025-09-05,C126,P022,S005,2,0.0,Credit Card,51.14
T02406,2023-09-16,C104,P042,S005,4,0.05,Cash,1723.76
T02407,2024-10-20,C197,P012,S004,3,0.15,Bank Transfer,3042.38
T02408,2025-03-31,C190,P050,S003,2,0.0,Bank Transfer,2089.28
T02409,2024-07-03,C177,P033,S005,5,0.15,Cash,7645.62
T02410,2025-01-09,C069,P002,S002,5,0.15,Mobile Money,3479.73
T02411,2023-09-22,C081,P049,S002,3,0.15,Mobile Money,990.06
T02412,2025-04-04,C132,P014,S005,1,0.0,Mobile Money,1342.75
T02413,2025-04-18,C180,P027,S001,4,0.05,Cash,4834.47
T02414,2025-03-18,C042,P013,S005,1,0.05,Credit Card,1078.06
T02415,2025-08-16,C113,P045,S001,1,0.15,Mobile Money,1597.22
T02416,2024-09-10,C044,P021,S005,4,0.05,Mobile Money,4663.51
T02417,2024-08-09,C103,P050,S001,3,0.0,Mobile Money,3133.92
T02418,2023-11-11,C076,P045,S003,5,0.1,Bank Transfer,8455.86
T02419,2025-08-24,C145,P037,S002,2,0.1,Credit Card,3514.77
T02420,2024-02-02,C158,P011,S003,5,0.1,Mobile Money,1118.56
T02421,2025-07-16,C119,P011,S002,3,0.05,Credit Card,708.42
T02422,2025-06-27,C135,P006,S004,1,0.1,Mobile Money,286.24
T02423,2025-09-01,C046,P044,S002,4,0.0,Cash,5146.2
T02424,2025-03-06,C080,P041,S002,2,0.0,Mobile Money,3270.02
T02425,2025-01-23,C085,P009,S001,1,0.15,Credit Card,104.71
T02426,2024-07-28,C018,P050,S003,5,0.05,Bank Transfer,4962.04
T02427,2025-05-10,C161,P011,S001,2,0.1,Bank Transfer,447.43
T02428,2025-04-24,C110,P032,S005,3,0.1,Mobile Money,822.72
T02429,2023-09-10,C066,P012,S005,5,0.05,Cash,5667.18
T02430,2023-11-09,C152,P033,S002,1,0.05,Bank Transfer,1709.02
T02431,2024-03-21,C046,P028,S003,5,0.0,Credit Card,3368.9
T02432,2024-09-29,C134,P004,S005,4,0.1,Bank Transfer,6673.57
T02433,2024-03-14,C189,P017,S005,4,0.05,Credit Card,4735.22
T02434,2024-11-08,C001,P018,S002,2,0.0,Credit Card,2159.78
T02435,2025-03-26,C037,P033,S002,4,0.0,Bank Transfer,7195.88
T02436,2025-06-07,C020,P001,S001,2,0.15,Mobile Money,2845.27
T02437,2025-08-22,C171,P002,S004,3,0.1,Cash,2210.65
T02438,2025-06-27,C062,P031,S005,4,0.15,Mobile Money,3725.45
T02439,2023-10-18,C181,P003,S004,3,0.1,Bank Transfer,911.6
T02440,2025-03-11,C136,P045,S001,5,0.05,Credit Card,8925.63
T02441,2025-09-02,C163,P047,S003,2,0.15,Mobile Money,2035.21
T02442,2023-11-18,C126,P020,S003,1,0.15,Bank Transfer,275.33
T02443,2024-02-15,C046,P028,S001,3,0.15,Bank Transfer,1718.14
T02444,2025-04-21,C187,P030,S004,2,0.05,Mobile Money,55.56
T02445,2024-02-09,C096,P049,S002,1,0.05,Mobile Money,368.85
T02446,2023-10-15,C093,P041,S005,2,0.0,Bank Transfer,3270.02
T02447,2024-07-22,C085,P011,S001,3,0.1,Cash,671.14
T02448,2024-08-19,C156,P039,S003,1,0.1,Mobile Money,486.85
T02449,2025-04-20,C102,P004,S001,3,0.1,Cash,5005.18
T02450,2023-10-21,C147,P009,S001,4,0.15,Mobile Money,418.85
T02451,2024-10-12,C045,P049,S004,5,0.0,Cash,1941.3
T02452,2025-03-22,C095,P005,S001,5,0.05,Credit Card,6632.04
T02453,2025-06-30,C034,P021,S001,4,0.0,Cash,4908.96
T02454,2025-04-17,C114,P026,S001,3,0.0,Bank Transfer,3047.28
T02455,2024-07-05,C050,P048,S005,1,0.1,Bank Transfer,1094.72
T02456,2023-10-11,C182,P021,S002,5,0.1,Cash,5522.58
T02457,2024-07-11,C171,P029,S004,4,0.0,Cash,5940.2
T02458,2025-04-28,C050,P038,S005,2,0.1,Cash,660.47
T02459,2023-12-14,C045,P020,S004,1,0.1,Credit Card,291.53
T02460,2024-07-27,C177,P006,S005,4,0.05,Cash,1208.59
T02461,2024-07-04,C080,P028,S003,5,0.1,Cash,3032.01
T02462,2025-06-11,C088,P012,S004,5,0.0,Mobile Money,5965.45
T02463,2023-12-09,C023,P029,S001,1,0.05,Cash,1410.8
T02464,2024-02-28,C048,P025,S003,5,0.0,Credit Card,2145.75
T02465,2024-06-12,C003,P017,S002,3,0.15,Cash,3177.58
T02466,2024-10-28,C186,P049,S002,3,0.05,Credit Card,1106.54
T02467,2025-02-14,C080,P009,S001,4,0.1,Credit Card,443.48
T02468,2024-04-01,C072,P049,S002,5,0.1,Mobile Money,1747.17
T02469,2024-08-02,C058,P012,S002,3,0.05,Credit Card,3400.31
T02470,2024-11-15,C076,P042,S003,4,0.1,Cash,1633.03
T02471,2023-10-26,C126,P001,S003,5,0.1,Bank Transfer,7531.6
T02472,2024-07-07,C198,P008,S005,4,0.05,Cash,417.16
T02473,2024-09-07,C150,P021,S004,2,0.05,Mobile Money,2331.76
T02474,2024-06-04,C089,P039,S003,2,0.1,Bank Transfer,973.69
T02475,2024-12-24,C024,P001,S005,2,0.1,Credit Card,3012.64
T02476,2024-10-29,C120,P042,S003,1,0.0,Credit Card,453.62
T02477,2025-04-29,C122,P012,S002,4,0.1,Bank Transfer,4295.12
T02478,2025-07-01,C145,P018,S004,5,0.0,Bank Transfer,5399.45
T02479,2023-09-14,C180,P020,S001,3,0.0,Credit Card,971.76
T02480,2024-10-17,C108,P028,S004,3,0.1,Cash,1819.21
T02481,2024-05-07,C048,P040,S003,3,0.05,Mobile Money,4974.99
T02482,2025-08-23,C140,P013,S002,1,0.15,Mobile Money,964.58
T02483,2025-01-06,C152,P032,S005,4,0.15,Mobile Money,1036.01
T02484,2023-10-31,C063,P022,S003,3,0.1,Mobile Money,69.04
T02485,2025-04-23,C174,P048,S004,3,0.0,Credit Card,3649.08
T02486,2023-11-01,C196,P006,S005,1,0.15,Mobile Money,270.34
T02487,2024-10-21,C199,P018,S003,5,0.15,Cash,4589.53
T02488,2024-10-16,C042,P023,S005,2,0.1,Credit Card,3381.25
T02489,2024-03-02,C146,P023,S002,2,0.1,Cash,3381.25
T02490,2024-09-14,C024,P040,S003,2,0.1,Mobile Money,3142.1
T02491,2024-01-30,C102,P033,S002,4,0.0,Credit Card,7195.88
T02492,2025-02-24,C052,P030,S002,3,0.1,Cash,78.95
T02493,2024-05-06,C048,P022,S002,2,0.15,Cash,43.47
T02494,2024-02-18,C186,P049,S002,2,0.1,Cash,698.87
T02495,2024-02-21,C123,P043,S002,3,0.0,Mobile Money,1693.26
T02496,2025-09-09,C141,P040,S004,2,0.15,Mobile Money,2967.54
T02497,2024-05-23,C119,P018,S002,1,0.15,Credit Card,917.91
T02498,2025-07-12,C082,P014,S002,4,0.1,Bank Transfer,4833.9
T02499,2025-01-23,C173,P036,S004,5,0.15,Cash,6381.2
T02500,2023-11-11,C089,P032,S004,5,0.0,Credit Card,1523.55
T02501,2025-03-07,C156,P010,S002,2,0.1,Bank Transfer,2149.42
T02502,2024-02-25,C088,P001,S005,1,0.15,Cash,1422.64
T02503,2025-01-13,C166,P047,S002,2,0.15,Credit Card,2035.21
T02504,2025-02-10,C012,P013,S002,3,0.15,Cash,2893.74
T02505,2024-01-17,C087,P029,S004,2,0.15,Credit Card,2524.58
T02506,2025-03-07,C073,P024,S003,4,0.15,Cash,5057.19
T02507,2025-03-17,C067,P019,S004,2,0.05,Mobile Money,3349.55
T02508,2024-03-17,C175,P006,S005,1,0.15,Cash,270.34
T02509,2025-05-27,C089,P019,S001,4,0.0,Credit Card,7051.68
T02510,2024-06-07,C082,P038,S002,5,0.15,Mobile Money,1559.45
T02511,2023-09-14,C003,P034,S004,4,0.15,Cash,1455.37
T02512,2023-10-14,C078,P040,S004,3,0.0,Mobile Money,5236.83
T02513,2024-10-03,C129,P025,S003,4,0.1,Bank Transfer,1544.94
T02514,2024-09-07,C029,P038,S002,4,0.15,Cash,1247.56
T02515,2024-08-03,C039,P035,S001,3,0.1,Credit Card,4218.56
T02516,2023-11-01,C132,P044,S005,4,0.15,Cash,4374.27
T02517,2025-01-18,C119,P023,S003,1,0.0,Mobile Money,1878.47
T02518,2025-07-05,C118,P049,S003,1,0.1,Bank Transfer,349.43
T02519,2024-12-29,C109,P023,S003,3,0.0,Bank Transfer,5635.41
T02520,2025-06-05,C046,P006,S003,3,0.15,Cash,811.03
T02521,2024-09-15,C115,P026,S003,3,0.0,Cash,3047.28
T02522,2023-10-21,C092,P024,S001,5,0.15,Credit Card,6321.49
T02523,2025-05-10,C045,P032,S001,5,0.0,Credit Card,1523.55
T02524,2025-03-20,C187,P010,S002,4,0.15,Bank Transfer,4060.01
T02525,2025-08-26,C089,P003,S004,5,0.05,Mobile Money,1603.74
T02526,2024-04-06,C011,P019,S001,3,0.1,Cash,4759.88
T02527,2025-05-17,C038,P046,S005,1,0.15,Cash,990.56
T02528,2025-04-17,C087,P004,S003,4,0.15,Cash,6302.82
T02529,2024-01-12,C048,P034,S003,1,0.15,Cash,363.84
T02530,2025-05-24,C050,P038,S005,3,0.1,Credit Card,990.71
T02531,2025-06-22,C178,P001,S001,3,0.15,Credit Card,4267.91
T02532,2024-06-12,C195,P048,S004,3,0.05,Bank Transfer,3466.63
T02533,2024-04-15,C129,P037,S001,5,0.15,Credit Card,8298.76
T02534,2025-05-01,C174,P028,S003,3,0.0,Mobile Money,2021.34
T02535,2025-08-23,C054,P012,S001,4,0.05,Bank Transfer,4533.74
T02536,2024-05-13,C069,P038,S004,5,0.1,Cash,1651.19
T02537,2025-06-30,C057,P006,S002,1,0.1,Credit Card,286.24
T02538,2024-09-29,C017,P016,S005,3,0.15,Mobile Money,4739.81
T02539,2025-08-22,C163,P022,S005,3,0.15,Mobile Money,65.2
T02540,2025-09-03,C143,P027,S001,3,0.1,Bank Transfer,3435.02
T02541,2024-09-03,C089,P041,S004,2,0.15,Mobile Money,2779.52
T02542,2024-11-02,C054,P016,S005,2,0.15,Bank Transfer,3159.88
T02543,2023-10-26,C104,P019,S001,5,0.0,Mobile Money,8814.6
T02544,2025-01-16,C144,P004,S003,1,0.05,Bank Transfer,1761.08
T02545,2024-12-13,C078,P026,S003,3,0.15,Mobile Money,2590.19
T02546,2024-07-26,C008,P040,S002,5,0.05,Bank Transfer,8291.65
T02547,2024-11-13,C145,P030,S004,4,0.0,Bank Transfer,116.96
T02548,2024-10-18,C143,P039,S004,2,0.15,Credit Card,919.6
T02549,2025-05-25,C097,P049,S005,1,0.0,Mobile Money,388.26
T02550,2023-10-04,C056,P014,S002,1,0.1,Credit Card,1208.48
T02551,2024-06-09,C041,P045,S004,5,0.15,Bank Transfer,7986.09
T02552,2024-09-11,C193,P049,S002,4,0.1,Bank Transfer,1397.74
T02553,2024-07-07,C198,P034,S003,1,0.1,Mobile Money,385.24
T02554,2024-07-18,C058,P004,S004,4,0.15,Bank Transfer,6302.82
T02555,2023-11-18,C116,P005,S002,2,0.15,Bank Transfer,2373.57
T02556,2024-07-26,C001,P031,S005,3,0.15,Credit Card,2794.09
T02557,2025-04-25,C175,P002,S001,4,0.15,Mobile Money,2783.78
T02558,2025-04-11,C106,P045,S002,1,0.05,Credit Card,1785.13
T02559,2024-04-05,C157,P047,S005,5,0.0,Mobile Money,5985.9
T02560,2025-08-18,C006,P045,S003,5,0.05,Credit Card,8925.63
T02561,2025-02-13,C146,P032,S004,1,0.1,Cash,274.24
T02562,2023-12-11,C191,P001,S005,4,0.05,Credit Card,6360.02
T02563,2025-07-29,C118,P038,S003,2,0.05,Mobile Money,697.17
T02564,2024-03-31,C183,P005,S002,3,0.05,Bank Transfer,3979.23
T02565,2025-08-31,C017,P006,S001,2,0.15,Mobile Money,540.69
T02566,2023-09-22,C063,P021,S005,4,0.05,Credit Card,4663.51
T02567,2025-05-31,C119,P028,S005,1,0.1,Credit Card,606.4
T02568,2025-04-15,C063,P050,S004,1,0.0,Cash,1044.64
T02569,2025-07-22,C175,P024,S004,5,0.15,Mobile Money,6321.49
T02570,2024-06-14,C019,P014,S004,3,0.0,Cash,4028.25
T02571,2024-08-04,C113,P045,S004,1,0.1,Mobile Money,1691.17
T02572,2024-02-19,C186,P009,S001,3,0.15,Mobile Money,314.13
T02573,2025-01-04,C110,P009,S001,1,0.05,Bank Transfer,117.03
T02574,2025-03-14,C195,P004,S005,1,0.05,Bank Transfer,1761.08
T02575,2025-06-10,C106,P013,S003,2,0.05,Mobile Money,2156.12
T02576,2025-08-18,C054,P036,S003,1,0.1,Cash,1351.31
T02577,2024-07-05,C118,P029,S004,2,0.1,Bank Transfer,2673.09
T02578,2024-03-25,C076,P028,S004,3,0.15,Bank Transfer,1718.14
T02579,2024-10-13,C146,P002,S003,5,0.0,Credit Card,4093.8
T02580,2024-12-04,C038,P001,S005,3,0.0,Credit Card,5021.07
T02581,2025-02-14,C095,P036,S005,3,0.1,Bank Transfer,4053.94
T02582,2024-07-04,C184,P030,S002,5,0.1,Mobile Money,131.58
T02583,2025-08-13,C183,P002,S004,3,0.05,Credit Card,2333.47
T02584,2024-10-04,C038,P028,S005,3,0.15,Bank Transfer,1718.14
T02585,2024-09-08,C164,P036,S002,1,0.05,Bank Transfer,1426.39
T02586,2023-11-14,C038,P044,S005,1,0.1,Bank Transfer,1157.9
T02587,2025-07-28,C185,P044,S005,5,0.15,Mobile Money,5467.84
T02588,2023-12-28,C159,P024,S002,3,0.05,Bank Transfer,4239.12
T02589,2025-06-29,C134,P017,S003,4,0.15,Credit Card,4236.77
T02590,2023-11-13,C135,P050,S004,2,0.15,Mobile Money,1775.89
T02591,2025-05-09,C004,P039,S001,3,0.05,Bank Transfer,1541.68
T02592,2024-02-11,C053,P006,S002,2,0.1,Cash,572.49
T02593,2024-08-20,C167,P035,S002,3,0.15,Mobile Money,3984.2
T02594,2024-05-26,C146,P012,S001,5,0.05,Credit Card,5667.18
T02595,2025-03-24,C094,P030,S001,4,0.0,Bank Transfer,116.96
T02596,2024-03-11,C130,P029,S001,3,0.0,Cash,4455.15
T02597,2025-08-13,C115,P006,S005,5,0.05,Credit Card,1510.74
T02598,2025-08-25,C066,P030,S002,2,0.05,Mobile Money,55.56
T02599,2025-05-17,C046,P034,S001,5,0.1,Bank Transfer,1926.22
T02600,2024-02-11,C024,P035,S002,1,0.05,Bank Transfer,1484.31
T02601,2025-07-13,C016,P028,S002,2,0.05,Mobile Money,1280.18
T02602,2023-10-02,C119,P043,S001,5,0.0,Bank Transfer,2822.1
T02603,2025-03-23,C163,P032,S001,2,0.15,Cash,518.01
T02604,2024-01-15,C114,P005,S001,4,0.05,Cash,5305.64
T02605,2024-10-12,C139,P019,S005,2,0.15,Bank Transfer,2996.96
T02606,2024-07-14,C146,P040,S001,5,0.15,Cash,7418.84
T02607,2024-12-01,C185,P034,S004,2,0.15,Cash,727.68
T02608,2024-11-04,C065,P037,S004,5,0.1,Mobile Money,8786.93
T02609,2023-12-13,C162,P049,S002,3,0.15,Bank Transfer,990.06
T02610,2025-02-08,C166,P032,S003,3,0.05,Bank Transfer,868.42
T02611,2024-01-06,C071,P039,S005,5,0.1,Mobile Money,2434.23
T02612,2025-02-26,C029,P034,S002,4,0.0,Bank Transfer,1712.2
T02613,2024-05-05,C131,P002,S004,4,0.05,Credit Card,3111.29
T02614,2024-05-07,C017,P043,S004,3,0.0,Mobile Money,1693.26
T02615,2024-08-15,C088,P011,S005,2,0.05,Cash,472.28
T02616,2024-12-22,C196,P050,S002,2,0.1,Bank Transfer,1880.35
T02617,2025-06-03,C082,P022,S005,4,0.0,Bank Transfer,102.28
T02618,2024-12-29,C157,P004,S002,5,0.05,Bank Transfer,8805.41
T02619,2023-09-22,C041,P014,S002,4,0.05,Credit Card,5102.45
T02620,2024-07-30,C157,P046,S002,3,0.15,Mobile Money,2971.69
T02621,2025-09-06,C200,P045,S003,2,0.1,Mobile Money,3382.34
T02622,2024-09-24,C078,P008,S003,2,0.1,Bank Transfer,197.6
T02623,2025-07-01,C187,P013,S003,3,0.15,Bank Transfer,2893.74
T02624,2025-08-15,C109,P030,S005,4,0.15,Cash,99.42
T02625,2024-05-28,C196,P005,S004,1,0.15,Bank Transfer,1186.79
T02626,2025-05-04,C166,P034,S002,4,0.1,Cash,1540.98
T02627,2024-08-31,C181,P046,S002,2,0.1,Bank Transfer,2097.67
T02628,2024-06-03,C096,P030,S001,3,0.15,Mobile Money,74.56
T02629,2024-06-21,C084,P026,S005,5,0.05,Credit Card,4824.86
T02630,2025-02-19,C159,P037,S005,4,0.1,Cash,7029.54
T02631,2024-05-18,C020,P006,S002,2,0.1,Mobile Money,572.49
T02632,2024-11-18,C185,P007,S005,4,0.0,Mobile Money,5896.48
T02633,2024-10-16,C177,P009,S004,2,0.1,Mobile Money,221.74
T02634,2023-11-25,C016,P027,S001,1,0.1,Bank Transfer,1145.01
T02635,2024-06-12,C138,P034,S003,4,0.1,Cash,1540.98
T02636,2023-10-05,C121,P034,S002,1,0.1,Mobile Money,385.24
T02637,2024-04-08,C039,P027,S002,5,0.1,Credit Card,5725.04
T02638,2025-08-24,C144,P050,S001,4,0.05,Bank Transfer,3969.63
T02639,2024-10-09,C147,P014,S005,3,0.1,Cash,3625.42
T02640,2023-09-16,C036,P024,S001,3,0.1,Mobile Money,4016.01
T02641,2025-03-15,C192,P008,S002,2,0.1,Mobile Money,197.6
T02642,2024-11-26,C059,P018,S004,3,0.1,Credit Card,2915.7
T02643,2024-11-26,C174,P031,S003,3,0.0,Credit Card,3287.16
T02644,2024-04-26,C031,P047,S004,4,0.15,Mobile Money,4070.41
T02645,2024-03-08,C013,P044,S005,1,0.1,Cash,1157.9
T02646,2024-01-10,C145,P042,S004,1,0.1,Mobile Money,408.26
T02647,2025-07-03,C073,P029,S005,3,0.0,Cash,4455.15
T02648,2025-07-29,C145,P023,S001,5,0.0,Credit Card,9392.35
T02649,2025-03-19,C132,P012,S001,5,0.15,Credit Card,5070.63
T02650,2023-10-10,C193,P035,S001,4,0.1,Mobile Money,5624.75
T02651,2025-06-18,C116,P037,S002,3,0.0,Credit Card,5857.95
T02652,2024-05-15,C166,P045,S005,3,0.15,Mobile Money,4791.65
T02653,2023-12-25,C006,P021,S004,5,0.1,Cash,5522.58
T02654,2024-05-22,C160,P041,S004,1,0.0,Credit Card,1635.01
T02655,2024-12-30,C083,P006,S004,2,0.1,Credit Card,572.49
T02656,2025-08-03,C150,P032,S003,5,0.15,Credit Card,1295.02
T02657,2025-03-14,C198,P013,S005,3,0.05,Credit Card,3234.18
T02658,2025-06-18,C198,P048,S002,2,0.1,Credit Card,2189.45
T02659,2024-04-19,C026,P037,S001,5,0.0,Credit Card,9763.25
T02660,2025-04-23,C139,P019,S003,1,0.1,Bank Transfer,1586.63
T02661,2024-04-28,C059,P011,S002,2,0.1,Credit Card,447.43
T02662,2024-01-03,C109,P037,S003,2,0.05,Bank Transfer,3710.04
T02663,2025-06-17,C007,P046,S002,4,0.0,Mobile Money,4661.48
T02664,2024-11-15,C007,P046,S004,2,0.15,Cash,1981.13
T02665,2025-05-15,C115,P008,S004,4,0.05,Credit Card,417.16
T02666,2024-01-29,C198,P049,S004,5,0.0,Cash,1941.3
T02667,2023-12-28,C045,P037,S005,5,0.0,Credit Card,9763.25
T02668,2024-05-20,C194,P015,S002,1,0.15,Bank Transfer,229.88
T02669,2024-06-08,C192,P047,S003,4,0.05,Credit Card,4549.28
T02670,2023-12-17,C024,P001,S005,3,0.15,Bank Transfer,4267.91
T02671,2023-10-29,C131,P007,S001,4,0.0,Cash,5896.48
T02672,2025-02-06,C098,P014,S004,4,0.0,Bank Transfer,5371.0
T02673,2025-07-18,C093,P036,S003,1,0.15,Bank Transfer,1276.24
T02674,2025-06-12,C059,P009,S001,4,0.15,Cash,418.85
T02675,2024-11-13,C071,P003,S003,1,0.05,Credit Card,320.75
T02676,2024-02-01,C046,P005,S005,1,0.05,Credit Card,1326.41
T02677,2025-07-02,C036,P018,S004,1,0.0,Credit Card,1079.89
T02678,2023-09-14,C190,P003,S003,3,0.15,Credit Card,860.96
T02679,2024-05-16,C108,P037,S002,2,0.05,Credit Card,3710.04
T02680,2024-07-03,C094,P042,S001,2,0.0,Mobile Money,907.24
T02681,2024-11-22,C053,P006,S003,4,0.1,Bank Transfer,1144.98
T02682,2024-06-28,C160,P001,S003,1,0.0,Bank Transfer,1673.69
T02683,2024-11-26,C008,P003,S004,1,0.05,Mobile Money,320.75
T02684,2024-01-03,C012,P013,S005,4,0.05,Credit Card,4312.24
T02685,2024-08-22,C026,P044,S001,3,0.05,Cash,3666.67
T02686,2025-05-01,C108,P038,S001,1,0.15,Mobile Money,311.89
T02687,2024-02-10,C107,P030,S005,4,0.05,Cash,111.11
T02688,2024-06-12,C080,P009,S004,4,0.1,Credit Card,443.48
T02689,2025-07-27,C083,P004,S005,3,0.0,Mobile Money,5561.31
T02690,2025-05-17,C127,P010,S005,2,0.05,Credit Card,2268.83
T02691,2025-07-08,C132,P023,S002,2,0.05,Cash,3569.09
T02692,2025-01-01,C191,P044,S001,4,0.1,Cash,4631.58
T02693,2024-01-06,C064,P050,S002,3,0.05,Bank Transfer,2977.22
T02694,2023-09-23,C085,P044,S004,5,0.1,Credit Card,5789.48
T02695,2025-05-13,C084,P028,S004,3,0.05,Cash,1920.27
T02696,2024-06-21,C192,P042,S004,1,0.05,Credit Card,430.94
T02697,2024-03-04,C004,P013,S002,1,0.05,Credit Card,1078.06
T02698,2025-03-22,C102,P042,S003,1,0.15,Mobile Money,385.58
T02699,2025-02-16,C089,P008,S002,5,0.15,Mobile Money,466.56
T02700,2023-10-23,C055,P032,S004,5,0.1,Mobile Money,1371.2
T02701,2024-01-07,C031,P016,S003,5,0.1,Bank Transfer,8364.38
T02702,2024-10-04,C048,P050,S003,3,0.15,Mobile Money,2663.83
T02703,2025-04-16,C170,P021,S001,3,0.1,Cash,3313.55
T02704,2024-04-03,C094,P039,S004,1,0.05,Cash,513.89
T02705,2023-09-13,C059,P010,S004,1,0.0,Bank Transfer,1194.12
T02706,2025-04-27,C033,P030,S003,3,0.15,Mobile Money,74.56
T02707,2024-08-16,C142,P005,S001,5,0.05,Mobile Money,6632.04
T02708,2025-05-24,C131,P040,S002,2,0.05,Cash,3316.66
T02709,2023-12-11,C051,P011,S003,5,0.05,Cash,1180.71
T02710,2025-03-18,C137,P031,S003,5,0.05,Credit Card,5204.67
T02711,2023-10-12,C096,P018,S002,1,0.05,Credit Card,1025.9
T02712,2025-08-08,C193,P050,S002,5,0.15,Credit Card,4439.72
T02713,2024-03-07,C072,P028,S001,4,0.1,Mobile Money,2425.61
T02714,2023-10-03,C134,P009,S004,4,0.15,Bank Transfer,418.85
T02715,2024-10-05,C035,P030,S003,1,0.0,Bank Transfer,29.24
T02716,2024-01-05,C182,P002,S005,3,0.05,Cash,2333.47
T02717,2024-05-02,C016,P045,S004,2,0.05,Mobile Money,3570.25
T02718,2025-04-28,C042,P024,S002,4,0.05,Mobile Money,5652.16
T02719,2025-07-27,C101,P025,S005,2,0.05,Bank Transfer,815.38
T02720,2025-07-30,C019,P031,S002,3,0.05,Mobile Money,3122.8
T02721,2024-09-26,C032,P043,S005,2,0.05,Mobile Money,1072.4
T02722,2024-10-31,C037,P005,S003,3,0.0,Cash,4188.66
T02723,2025-08-27,C134,P006,S003,5,0.0,Mobile Money,1590.25
T02724,2025-09-07,C060,P005,S004,3,0.0,Mobile Money,4188.66
T02725,2024-08-07,C040,P038,S001,3,0.1,Cash,990.71
T02726,2025-04-27,C098,P036,S003,1,0.15,Mobile Money,1276.24
T02727,2024-06-22,C150,P028,S002,4,0.1,Credit Card,2425.61
T02728,2025-02-02,C134,P032,S001,1,0.1,Credit Card,274.24
T02729,2025-08-20,C171,P012,S004,4,0.15,Cash,4056.51
T02730,2025-02-03,C164,P038,S001,3,0.1,Bank Transfer,990.71
T02731,2024-09-09,C164,P007,S005,3,0.15,Bank Transfer,3759.01
T02732,2024-06-01,C092,P007,S001,1,0.0,Mobile Money,1474.12
T02733,2024-06-01,C063,P012,S005,4,0.05,Mobile Money,4533.74
T02734,2025-03-25,C171,P045,S003,1,0.15,Mobile Money,1597.22
T02735,2024-07-10,C156,P031,S005,4,0.0,Cash,4382.88
T02736,2023-09-14,C152,P010,S001,5,0.0,Cash,5970.6
T02737,2024-02-02,C196,P027,S002,3,0.15,Mobile Money,3244.19
T02738,2024-04-01,C184,P047,S001,3,0.15,Mobile Money,3052.81
T02739,2023-12-04,C147,P034,S005,1,0.15,Mobile Money,363.84
T02740,2024-02-20,C172,P010,S001,2,0.05,Cash,2268.83
T02741,2024-08-29,C162,P045,S003,1,0.1,Mobile Money,1691.17
T02742,2025-06-04,C008,P025,S004,3,0.1,Bank Transfer,1158.7
T02743,2024-12-28,C091,P022,S002,3,0.15,Cash,65.2
T02744,2024-02-22,C084,P017,S004,3,0.05,Credit Card,3551.41
T02745,2025-07-30,C143,P001,S005,3,0.15,Bank Transfer,4267.91
T02746,2024-10-03,C200,P001,S002,4,0.0,Bank Transfer,6694.76
T02747,2024-01-22,C091,P037,S005,5,0.05,Bank Transfer,9275.09
T02748,2025-02-09,C079,P023,S001,1,0.15,Bank Transfer,1596.7
T02749,2024-08-27,C160,P028,S004,2,0.15,Credit Card,1145.43
T02750,2024-01-14,C068,P041,S004,3,0.1,Mobile Money,4414.53
T02751,2024-07-06,C093,P042,S002,2,0.1,Cash,816.52
T02752,2024-12-15,C029,P001,S002,5,0.1,Bank Transfer,7531.6
T02753,2024-11-21,C194,P040,S005,5,0.05,Mobile Money,8291.65
T02754,2024-04-01,C159,P043,S001,2,0.0,Cash,1128.84
T02755,2025-01-10,C183,P010,S005,4,0.1,Credit Card,4298.83
T02756,2025-01-29,C184,P010,S003,5,0.1,Mobile Money,5373.54
T02757,2024-07-25,C035,P030,S004,1,0.1,Cash,26.32
T02758,2023-11-01,C083,P011,S002,4,0.0,Credit Card,994.28
T02759,2025-06-26,C141,P017,S002,3,0.0,Mobile Money,3738.33
T02760,2024-08-08,C058,P047,S002,2,0.05,Mobile Money,2274.64
T02761,2023-12-30,C166,P010,S002,2,0.0,Bank Transfer,2388.24
T02762,2024-09-23,C063,P015,S001,5,0.15,Mobile Money,1149.41
T02763,2025-01-24,C107,P002,S005,5,0.05,Mobile Money,3889.11
T02764,2023-11-10,C048,P045,S005,5,0.15,Mobile Money,7986.09
T02765,2024-06-27,C192,P050,S003,3,0.1,Mobile Money,2820.53
T02766,2025-05-30,C095,P050,S003,2,0.1,Bank Transfer,1880.35
T02767,2025-06-22,C020,P046,S002,3,0.05,Credit Card,3321.3
T02768,2025-07-20,C025,P011,S005,4,0.1,Cash,894.85
T02769,2025-03-05,C155,P034,S002,3,0.05,Mobile Money,1219.94
T02770,2025-05-07,C069,P026,S005,1,0.15,Mobile Money,863.4
T02771,2023-12-12,C128,P045,S005,4,0.0,Credit Card,7516.32
T02772,2024-05-30,C006,P030,S005,4,0.0,Bank Transfer,116.96
T02773,2023-11-02,C123,P036,S002,1,0.1,Cash,1351.31
T02774,2024-01-22,C185,P003,S003,5,0.1,Cash,1519.34
T02775,2025-07-01,C183,P039,S005,4,0.15,Credit Card,1839.2
T02776,2024-08-23,C102,P040,S002,4,0.1,Bank Transfer,6284.2
T02777,2024-08-13,C085,P043,S002,5,0.15,Credit Card,2398.78
T02778,2024-09-01,C197,P021,S005,5,0.1,Cash,5522.58
T02779,2024-03-07,C157,P013,S001,3,0.0,Cash,3404.4
T02780,2024-08-09,C158,P041,S001,5,0.15,Credit Card,6948.79
T02781,2025-09-02,C188,P023,S002,2,0.05,Credit Card,3569.09
T02782,2025-06-18,C008,P045,S004,1,0.1,Cash,1691.17
T02783,2024-01-14,C025,P026,S004,5,0.15,Mobile Money,4316.98
T02784,2025-01-24,C098,P009,S004,2,0.1,Credit Card,221.74
T02785,2024-02-15,C025,P010,S003,3,0.05,Mobile Money,3403.24
T02786,2024-10-03,C065,P045,S004,1,0.05,Bank Transfer,1785.13
T02787,2025-05-15,C103,P021,S002,2,0.1,Cash,2209.03
T02788,2024-06-23,C087,P038,S004,1,0.1,Cash,330.24
T02789,2025-03-17,C156,P044,S001,5,0.0,Bank Transfer,6432.75
T02790,2023-11-03,C025,P023,S002,1,0.0,Cash,1878.47
T02791,2025-07-19,C084,P027,S004,3,0.0,Bank Transfer,3816.69
T02792,2024-09-29,C018,P033,S002,2,0.15,Credit Card,3058.25
T02793,2024-08-25,C138,P037,S002,3,0.0,Credit Card,5857.95
T02794,2024-04-04,C154,P002,S003,5,0.05,Mobile Money,3889.11
T02795,2024-02-26,C181,P040,S002,5,0.05,Mobile Money,8291.65
T02796,2023-11-15,C008,P012,S005,1,0.0,Bank Transfer,1193.09
T02797,2023-11-06,C075,P024,S001,3,0.05,Credit Card,4239.12
T02798,2023-12-10,C026,P028,S004,2,0.05,Bank Transfer,1280.18
T02799,2024-06-30,C117,P033,S005,4,0.15,Cash,6116.5
T02800,2024-07-18,C172,P008,S005,1,0.1,Credit Card,98.8
T02801,2024-02-06,C094,P046,S002,2,0.15,Credit Card,1981.13
T02802,2025-03-23,C104,P002,S001,3,0.0,Mobile Money,2456.28
T02803,2024-01-02,C169,P028,S005,1,0.0,Bank Transfer,673.78
T02804,2024-02-17,C135,P044,S005,5,0.15,Credit Card,5467.84
T02805,2025-01-23,C073,P034,S003,2,0.15,Credit Card,727.68
T02806,2024-06-28,C075,P021,S004,4,0.15,Mobile Money,4172.62
T02807,2024-06-19,C022,P020,S004,1,0.15,Cash,275.33
T02808,2024-01-29,C083,P026,S005,4,0.15,Bank Transfer,3453.58
T02809,2025-08-05,C128,P026,S003,1,0.0,Credit Card,1015.76
T02810,2025-06-10,C023,P037,S003,5,0.05,Bank Transfer,9275.09
T02811,2025-02-18,C190,P026,S001,5,0.0,Cash,5078.8
T02812,2024-06-26,C078,P042,S004,2,0.1,Cash,816.52
T02813,2025-02-08,C176,P020,S004,5,0.05,Bank Transfer,1538.62
T02814,2024-08-18,C175,P018,S001,2,0.0,Mobile Money,2159.78
T02815,2024-12-26,C048,P041,S002,3,0.0,Credit Card,4905.03
T02816,2024-10-20,C127,P001,S002,5,0.0,Cash,8368.45
T02817,2024-12-21,C098,P043,S002,1,0.1,Cash,507.98
T02818,2024-05-10,C062,P002,S003,2,0.15,Credit Card,1391.89
T02819,2024-11-20,C096,P023,S004,1,0.05,Credit Card,1784.55
T02820,2025-04-14,C154,P043,S002,5,0.1,Mobile Money,2539.89
T02821,2025-02-08,C175,P025,S005,3,0.05,Bank Transfer,1223.08
T02822,2024-01-03,C105,P007,S001,4,0.15,Mobile Money,5012.01
T02823,2024-05-11,C072,P020,S002,4,0.1,Cash,1166.11
T02824,2025-05-01,C161,P022,S004,1,0.15,Credit Card,21.73
T02825,2024-01-28,C170,P006,S002,1,0.0,Cash,318.05
T02826,2025-05-15,C041,P014,S004,1,0.05,Bank Transfer,1275.61
T02827,2023-11-19,C043,P017,S003,4,0.1,Bank Transfer,4486.0
T02828,2025-07-18,C073,P021,S005,3,0.0,Cash,3681.72
T02829,2024-09-16,C102,P038,S002,1,0.15,Credit Card,311.89
T02830,2025-05-07,C033,P014,S005,1,0.15,Mobile Money,1141.34
T02831,2025-06-07,C028,P033,S001,2,0.0,Mobile Money,3597.94
T02832,2024-08-29,C048,P003,S001,1,0.05,Mobile Money,320.75
T02833,2024-10-02,C158,P006,S003,4,0.05,Mobile Money,1208.59
T02834,2024-08-18,C153,P022,S001,5,0.05,Credit Card,121.46
T02835,2023-11-10,C186,P044,S003,1,0.0,Credit Card,1286.55
T02836,2024-03-08,C088,P034,S003,2,0.1,Mobile Money,770.49
T02837,2025-02-26,C052,P031,S001,4,0.15,Credit Card,3725.45
T02838,2025-02-22,C075,P048,S005,1,0.05,Credit Card,1155.54
T02839,2023-12-21,C161,P026,S002,3,0.15,Cash,2590.19
T02840,2025-01-29,C113,P038,S001,2,0.1,Credit Card,660.47
T02841,2025-08-20,C037,P027,S005,3,0.0,Cash,3816.69
T02842,2025-03-12,C176,P017,S001,4,0.0,Credit Card,4984.44
T02843,2024-09-10,C186,P002,S003,3,0.0,Credit Card,2456.28
T02844,2024-03-07,C027,P011,S002,1,0.15,Cash,211.28
T02845,2024-06-20,C145,P007,S001,4,0.0,Credit Card,5896.48
T02846,2024-07-15,C196,P028,S001,5,0.0,Cash,3368.9
T02847,2024-08-24,C167,P006,S004,5,0.15,Bank Transfer,1351.71
T02848,2025-04-01,C176,P032,S005,4,0.15,Credit Card,1036.01
T02849,2025-05-30,C175,P017,S004,5,0.1,Bank Transfer,5607.5
T02850,2024-10-08,C163,P010,S004,4,0.05,Mobile Money,4537.66
T02851,2024-09-07,C138,P008,S003,2,0.05,Bank Transfer,208.58
T02852,2023-10-15,C164,P014,S002,4,0.1,Credit Card,4833.9
T02853,2024-01-18,C095,P030,S001,4,0.1,Credit Card,105.26
T02854,2025-01-30,C011,P022,S004,4,0.05,Mobile Money,97.17
T02855,2024-07-01,C033,P025,S003,2,0.15,Mobile Money,729.56
T02856,2024-08-06,C107,P011,S004,4,0.15,Mobile Money,845.14
T02857,2024-11-01,C119,P049,S003,3,0.1,Mobile Money,1048.3
T02858,2024-01-01,C035,P039,S005,2,0.05,Credit Card,1027.79
T02859,2025-06-25,C183,P021,S002,5,0.05,Bank Transfer,5829.39
T02860,2025-07-07,C119,P004,S005,4,0.1,Bank Transfer,6673.57
T02861,2024-06-22,C055,P036,S004,2,0.15,Cash,2552.48
T02862,2024-08-28,C139,P021,S004,3,0.15,Cash,3129.46
T02863,2025-06-02,C052,P012,S002,3,0.05,Mobile Money,3400.31
T02864,2025-01-17,C133,P031,S004,2,0.15,Cash,1862.72
T02865,2025-02-26,C178,P046,S002,4,0.05,Bank Transfer,4428.41
T02866,2023-11-14,C191,P012,S005,2,0.15,Credit Card,2028.25
T02867,2023-12-25,C039,P010,S004,3,0.15,Credit Card,3045.01
T02868,2024-05-03,C190,P021,S002,4,0.1,Cash,4418.06
T02869,2024-06-02,C174,P004,S001,1,0.0,Cash,1853.77
T02870,2024-03-31,C003,P005,S001,3,0.0,Bank Transfer,4188.66
T02871,2024-02-07,C092,P012,S002,2,0.05,Bank Transfer,2266.87
T02872,2024-06-06,C017,P044,S003,5,0.1,Mobile Money,5789.48
T02873,2024-03-11,C122,P029,S003,2,0.1,Bank Transfer,2673.09
T02874,2023-12-19,C026,P024,S005,2,0.05,Credit Card,2826.08
T02875,2024-10-24,C107,P043,S001,5,0.15,Credit Card,2398.78
T02876,2024-12-27,C144,P041,S005,4,0.1,Credit Card,5886.04
T02877,2024-10-05,C030,P023,S002,4,0.0,Cash,7513.88
T02878,2025-06-13,C035,P018,S004,4,0.15,Mobile Money,3671.63
T02879,2025-08-23,C044,P031,S001,5,0.1,Mobile Money,4930.74
T02880,2025-07-28,C150,P002,S005,2,0.15,Cash,1391.89
T02881,2024-11-30,C126,P033,S005,3,0.1,Cash,4857.22
T02882,2024-06-22,C095,P046,S001,2,0.05,Bank Transfer,2214.2
T02883,2025-05-17,C174,P048,S004,2,0.0,Credit Card,2432.72
T02884,2024-04-06,C163,P030,S003,3,0.0,Bank Transfer,87.72
T02885,2023-12-28,C155,P025,S004,1,0.15,Credit Card,364.78
T02886,2023-09-14,C094,P004,S003,2,0.1,Cash,3336.79
T02887,2024-04-14,C126,P047,S003,2,0.0,Credit Card,2394.36
T02888,2025-04-01,C180,P038,S003,3,0.15,Mobile Money,935.67
T02889,2025-01-30,C087,P016,S001,3,0.15,Cash,4739.81
T02890,2024-11-07,C086,P039,S005,1,0.05,Cash,513.89
T02891,2024-06-11,C189,P015,S005,1,0.1,Mobile Money,243.4
T02892,2025-04-28,C052,P010,S004,4,0.15,Cash,4060.01
T02893,2025-05-15,C178,P002,S003,4,0.1,Bank Transfer,2947.54
T02894,2024-01-15,C132,P011,S004,4,0.1,Credit Card,894.85
T02895,2024-01-30,C089,P021,S003,5,0.05,Mobile Money,5829.39
T02896,2024-12-18,C073,P019,S003,1,0.15,Cash,1498.48
T02897,2024-04-05,C171,P014,S003,5,0.0,Cash,6713.75
T02898,2024-10-13,C033,P008,S001,2,0.0,Credit Card,219.56
T02899,2024-05-18,C096,P033,S001,2,0.05,Cash,3418.04
T02900,2023-12-02,C020,P025,S001,1,0.1,Cash,386.24
T02901,2025-07-02,C040,P021,S005,4,0.1,Cash,4418.06
T02902,2025-05-15,C157,P049,S001,1,0.05,Credit Card,368.85
T02903,2025-03-02,C191,P038,S001,2,0.0,Cash,733.86
T02904,2024-04-01,C001,P025,S004,2,0.05,Cash,815.38
T02905,2024-11-17,C184,P035,S001,4,0.1,Credit Card,5624.75
T02906,2025-02-09,C122,P022,S002,4,0.05,Mobile Money,97.17
T02907,2024-09-20,C074,P008,S005,1,0.15,Credit Card,93.31
T02908,2024-04-10,C130,P037,S001,1,0.05,Credit Card,1855.02
T02909,2025-03-14,C068,P009,S002,5,0.05,Cash,585.15
T02910,2025-08-07,C180,P008,S001,2,0.05,Bank Transfer,208.58
T02911,2024-06-23,C194,P028,S002,2,0.15,Bank Transfer,1145.43
T02912,2024-07-05,C154,P028,S004,5,0.1,Credit Card,3032.01
T02913,2025-09-09,C110,P049,S003,3,0.05,Cash,1106.54
T02914,2024-03-21,C168,P004,S003,3,0.05,Cash,5283.24
T02915,2024-06-27,C016,P002,S001,4,0.1,Cash,2947.54
T02916,2023-12-07,C159,P002,S004,1,0.15,Cash,695.95
T02917,2024-10-07,C191,P035,S001,3,0.1,Cash,4218.56
T02918,2025-06-18,C146,P023,S003,3,0.15,Bank Transfer,4790.1
T02919,2024-01-20,C191,P037,S004,3,0.15,Bank Transfer,4979.26
T02920,2025-02-20,C196,P042,S004,3,0.05,Credit Card,1292.82
T02921,2025-06-22,C151,P018,S002,1,0.1,Mobile Money,971.9
T02922,2024-09-06,C120,P048,S004,3,0.15,Mobile Money,3101.72
T02923,2025-01-09,C119,P023,S004,2,0.05,Mobile Money,3569.09
T02924,2025-01-14,C108,P034,S001,2,0.1,Mobile Money,770.49
T02925,2025-03-05,C162,P041,S002,4,0.1,Cash,5886.04
T02926,2024-08-16,C112,P014,S002,2,0.05,Credit Card,2551.22
T02927,2024-03-18,C025,P014,S001,4,0.15,Credit Card,4565.35
T02928,2024-05-26,C070,P020,S003,2,0.0,Mobile Money,647.84
T02929,2023-12-13,C101,P008,S002,3,0.1,Credit Card,296.41
T02930,2023-12-19,C049,P001,S004,5,0.15,Mobile Money,7113.18
T02931,2023-10-09,C112,P007,S002,4,0.0,Bank Transfer,5896.48
T02932,2024-05-05,C028,P008,S001,3,0.15,Bank Transfer,279.94
T02933,2024-05-06,C037,P030,S002,5,0.15,Credit Card,124.27
T02934,2024-07-15,C107,P013,S004,1,0.1,Credit Card,1021.32
T02935,2024-10-14,C087,P031,S003,5,0.15,Cash,4656.81
T02936,2024-04-24,C154,P023,S002,5,0.1,Bank Transfer,8453.12
T02937,2024-04-19,C186,P026,S003,2,0.1,Mobile Money,1828.37
T02938,2024-06-20,C017,P028,S001,4,0.1,Mobile Money,2425.61
T02939,2023-12-22,C064,P038,S002,3,0.05,Bank Transfer,1045.75
T02940,2024-02-21,C163,P044,S004,3,0.1,Bank Transfer,3473.68
T02941,2025-08-01,C179,P009,S002,2,0.1,Credit Card,221.74
T02942,2023-10-24,C182,P026,S005,5,0.05,Credit Card,4824.86
T02943,2024-01-10,C126,P016,S005,4,0.0,Bank Transfer,7435.0
T02944,2024-06-25,C131,P029,S001,4,0.05,Bank Transfer,5643.19
T02945,2025-01-23,C021,P031,S005,4,0.15,Bank Transfer,3725.45
T02946,2023-12-23,C018,P043,S004,4,0.05,Bank Transfer,2144.8
T02947,2023-10-12,C183,P019,S002,3,0.0,Mobile Money,5288.76
T02948,2024-03-23,C064,P001,S002,1,0.1,Bank Transfer,1506.32
T02949,2023-12-28,C159,P016,S004,5,0.05,Bank Transfer,8829.06
T02950,2024-08-04,C082,P045,S004,3,0.05,Credit Card,5355.38
T02951,2024-01-20,C153,P038,S005,1,0.1,Cash,330.24
T02952,2025-04-21,C189,P033,S002,5,0.1,Credit Card,8095.37
T02953,2025-03-18,C097,P017,S004,1,0.1,Bank Transfer,1121.5
T02954,2024-04-02,C053,P021,S002,3,0.0,Cash,3681.72
T02955,2024-01-10,C167,P013,S004,1,0.1,Mobile Money,1021.32
T02956,2024-12-21,C199,P035,S002,4,0.15,Credit Card,5312.26
T02957,2024-07-28,C153,P019,S004,3,0.0,Bank Transfer,5288.76
T02958,2024-12-05,C117,P027,S003,2,0.15,Bank Transfer,2162.79
T02959,2025-07-23,C042,P034,S005,2,0.1,Cash,770.49
T02960,2024-09-22,C032,P037,S001,3,0.15,Bank Transfer,4979.26
T02961,2024-12-03,C037,P036,S003,4,0.0,Mobile Money,6005.84
T02962,2024-09-10,C166,P038,S003,4,0.05,Bank Transfer,1394.33
T02963,2025-05-19,C157,P027,S001,3,0.1,Cash,3435.02
T02964,2024-04-15,C131,P018,S001,2,0.15,Cash,1835.81
T02965,2024-12-10,C018,P045,S002,2,0.0,Credit Card,3758.16
T02966,2025-08-07,C183,P013,S002,1,0.1,Bank Transfer,1021.32
T02967,2024-09-24,C087,P035,S001,4,0.1,Cash,5624.75
T02968,2023-12-04,C127,P029,S004,5,0.0,Mobile Money,7425.25
T02969,2024-09-08,C165,P034,S004,2,0.0,Credit Card,856.1
T02970,2023-10-07,C115,P031,S002,1,0.1,Credit Card,986.15
T02971,2025-04-03,C062,P047,S001,5,0.0,Cash,5985.9
T02972,2024-11-25,C165,P009,S002,4,0.0,Cash,492.76
T02973,2024-02-23,C057,P017,S002,2,0.05,Bank Transfer,2367.61
T02974,2023-10-15,C083,P001,S004,4,0.0,Bank Transfer,6694.76
T02975,2024-08-21,C127,P011,S001,4,0.0,Cash,994.28
T02976,2025-04-11,C052,P002,S005,1,0.05,Credit Card,777.82
T02977,2024-08-01,C150,P012,S004,1,0.1,Cash,1073.78
T02978,2025-05-05,C149,P024,S003,5,0.05,Mobile Money,7065.2
T02979,2024-06-11,C055,P007,S002,5,0.0,Bank Transfer,7370.6
T02980,2023-10-13,C069,P033,S005,3,0.15,Credit Card,4587.37
T02981,2024-08-11,C052,P041,S005,3,0.1,Credit Card,4414.53
T02982,2024-02-01,C084,P050,S003,4,0.0,Bank Transfer,4178.56
T02983,2025-07-01,C116,P032,S001,4,0.15,Credit Card,1036.01
T02984,2024-06-03,C048,P014,S001,1,0.15,Cash,1141.34
T02985,2025-09-03,C191,P023,S002,2,0.1,Credit Card,3381.25
T02986,2025-05-20,C152,P043,S003,3,0.15,Cash,1439.27
T02987,2024-11-16,C166,P035,S002,5,0.1,Credit Card,7030.94
T02988,2025-05-04,C131,P039,S001,3,0.0,Credit Card,1622.82
T02989,2025-09-07,C047,P022,S003,2,0.15,Mobile Money,43.47
T02990,2025-05-31,C185,P037,S003,4,0.15,Credit Card,6639.01
T02991,2025-04-22,C126,P040,S004,5,0.1,Credit Card,7855.24
T02992,2025-02-18,C020,P016,S005,1,0.0,Cash,1858.75
T02993,2024-10-04,C159,P047,S001,1,0.1,Cash,1077.46
T02994,2024-12-17,C078,P030,S004,4,0.05,Cash,111.11
T02995,2025-02-25,C014,P035,S003,2,0.05,Mobile Money,2968.62
T02996,2025-05-28,C190,P016,S003,1,0.1,Mobile Money,1672.88
T02997,2024-06-13,C168,P033,S001,3,0.0,Cash,5396.91
T02998,2025-06-16,C078,P005,S002,3,0.15,Credit Card,3560.36
T02999,2024-08-24,C031,P030,S001,4,0.05,Cash,111.11
T03000,2025-01-22,C029,P022,S001,2,0.15,Bank Transfer,43.47
T03001,2024-06-12,C070,P027,S001,5,0.15,Cash,5406.98
T03002,2025-01-14,C188,P025,S002,2,0.0,Mobile Money,858.3
T03003,2023-12-31,C174,P009,S004,1,0.0,Mobile Money,123.19
T03004,2024-01-15,C111,P023,S004,4,0.05,Cash,7138.19
T03005,2024-01-27,C148,P014,S001,1,0.1,Bank Transfer,1208.48
T03006,2023-12-13,C185,P049,S004,2,0.1,Cash,698.87
T03007,2025-06-29,C172,P016,S003,2,0.05,Mobile Money,3531.62
T03008,2024-12-31,C001,P030,S001,5,0.15,Mobile Money,124.27
T03009,2025-05-19,C060,P027,S001,3,0.1,Cash,3435.02
T03010,2023-11-17,C154,P007,S003,4,0.15,Credit Card,5012.01
T03011,2024-02-29,C096,P014,S003,5,0.05,Bank Transfer,6378.06
T03012,2025-06-26,C189,P023,S003,4,0.05,Mobile Money,7138.19
T03013,2023-10-03,C096,P029,S004,3,0.1,Credit Card,4009.64
T03014,2024-03-07,C173,P012,S004,5,0.15,Bank Transfer,5070.63
T03015,2023-11-18,C111,P031,S001,5,0.1,Credit Card,4930.74
T03016,2024-01-08,C086,P017,S003,4,0.15,Credit Card,4236.77
T03017,2024-06-23,C011,P009,S003,5,0.05,Bank Transfer,585.15
T03018,2024-03-23,C139,P029,S002,5,0.05,Credit Card,7053.99
T03019,2023-11-04,C178,P050,S004,1,0.15,Cash,887.94
T03020,2024-10-09,C129,P020,S005,1,0.0,Cash,323.92
T03021,2024-02-16,C066,P038,S005,2,0.05,Bank Transfer,697.17
T03022,2025-01-30,C126,P015,S001,3,0.1,Mobile Money,730.21
T03023,2025-07-29,C134,P029,S004,2,0.1,Mobile Money,2673.09
T03024,2024-07-11,C177,P037,S001,2,0.15,Credit Card,3319.5
T03025,2024-11-08,C178,P044,S002,1,0.0,Mobile Money,1286.55
T03026,2024-10-15,C037,P020,S001,3,0.05,Mobile Money,923.17
T03027,2024-06-25,C078,P025,S002,5,0.0,Credit Card,2145.75
T03028,2024-05-24,C007,P049,S001,1,0.1,Cash,349.43
T03029,2024-01-08,C054,P011,S002,1,0.0,Bank Transfer,248.57
T03030,2023-11-29,C116,P048,S001,4,0.1,Mobile Money,4378.9
T03031,2024-04-02,C003,P024,S005,3,0.1,Mobile Money,4016.01
T03032,2024-06-12,C096,P018,S002,3,0.15,Mobile Money,2753.72
T03033,2025-07-03,C163,P040,S005,5,0.0,Mobile Money,8728.05
T03034,2023-10-12,C009,P023,S004,3,0.1,Cash,5071.87
T03035,2025-01-15,C066,P029,S004,4,0.0,Mobile Money,5940.2
T03036,2025-08-01,C177,P012,S005,5,0.1,Mobile Money,5368.9
T03037,2023-11-15,C007,P045,S004,1,0.15,Cash,1597.22
T03038,2025-07-27,C122,P006,S003,5,0.0,Cash,1590.25
T03039,2024-09-19,C063,P007,S001,4,0.15,Bank Transfer,5012.01
T03040,2025-07-08,C062,P038,S005,4,0.0,Bank Transfer,1467.72
T03041,2024-10-30,C080,P015,S005,4,0.05,Mobile Money,1027.71
T03042,2024-10-09,C025,P038,S001,2,0.0,Mobile Money,733.86
T03043,2024-07-24,C018,P021,S005,2,0.15,Bank Transfer,2086.31
T03044,2024-05-24,C179,P003,S005,4,0.0,Bank Transfer,1350.52
T03045,2025-07-11,C150,P040,S001,5,0.15,Credit Card,7418.84
T03046,2024-09-16,C116,P046,S003,2,0.0,Bank Transfer,2330.74
T03047,2025-01-15,C154,P013,S003,4,0.0,Credit Card,4539.2
T03048,2023-10-17,C020,P002,S002,4,0.15,Credit Card,2783.78
T03049,2025-06-18,C002,P006,S004,2,0.15,Cash,540.69
T03050,2024-01-26,C078,P025,S002,2,0.1,Mobile Money,772.47
T03051,2023-10-22,C059,P022,S004,1,0.0,Credit Card,25.57
T03052,2023-11-04,C036,P019,S002,5,0.0,Mobile Money,8814.6
T03053,2024-07-29,C128,P020,S003,4,0.0,Bank Transfer,1295.68
T03054,2024-10-03,C163,P027,S005,1,0.15,Mobile Money,1081.4
T03055,2025-04-25,C009,P037,S003,4,0.15,Cash,6639.01
T03056,2024-07-11,C017,P034,S001,3,0.1,Mobile Money,1155.74
T03057,2023-09-19,C103,P021,S005,2,0.05,Cash,2331.76
T03058,2023-12-16,C007,P036,S002,1,0.05,Credit Card,1426.39
T03059,2024-03-21,C115,P019,S005,3,0.1,Mobile Money,4759.88
T03060,2024-08-11,C018,P031,S002,5,0.15,Cash,4656.81
T03061,2024-01-01,C144,P038,S001,2,0.05,Credit Card,697.17
T03062,2025-07-19,C077,P049,S002,4,0.0,Bank Transfer,1553.04
T03063,2023-10-20,C016,P002,S005,1,0.0,Bank Transfer,818.76
T03064,2024-04-18,C150,P039,S005,1,0.1,Credit Card,486.85
T03065,2024-05-03,C082,P021,S002,4,0.05,Credit Card,4663.51
T03066,2024-12-08,C170,P021,S004,4,0.15,Credit Card,4172.62
T03067,2025-03-22,C026,P018,S002,4,0.0,Credit Card,4319.56
T03068,2025-04-28,C171,P002,S002,5,0.05,Cash,3889.11
T03069,2024-09-20,C123,P016,S005,1,0.05,Credit Card,1765.81
T03070,2024-11-17,C161,P039,S004,3,0.05,Bank Transfer,1541.68
T03071,2023-09-14,C105,P013,S001,4,0.0,Bank Transfer,4539.2
T03072,2024-09-29,C200,P018,S004,1,0.05,Bank Transfer,1025.9
T03073,2025-02-14,C101,P050,S004,5,0.05,Credit Card,4962.04
T03074,2025-06-30,C123,P005,S005,5,0.15,Credit Card,5933.94
T03075,2023-12-31,C062,P040,S005,5,0.1,Mobile Money,7855.24
T03076,2024-10-22,C198,P036,S001,4,0.0,Mobile Money,6005.84
T03077,2024-10-17,C017,P017,S005,1,0.05,Cash,1183.8
T03078,2024-02-28,C095,P029,S003,4,0.1,Mobile Money,5346.18
T03079,2025-04-21,C167,P041,S003,3,0.1,Bank Transfer,4414.53
T03080,2025-04-16,C121,P035,S005,4,0.15,Credit Card,5312.26
T03081,2024-02-04,C121,P020,S003,1,0.15,Bank Transfer,275.33
T03082,2025-05-09,C137,P045,S005,5,0.0,Bank Transfer,9395.4
T03083,2024-02-16,C162,P042,S003,3,0.1,Credit Card,1224.77
T03084,2023-11-27,C081,P031,S003,2,0.05,Bank Transfer,2081.87
T03085,2023-11-05,C079,P037,S002,3,0.15,Bank Transfer,4979.26
T03086,2023-11-19,C068,P007,S005,4,0.05,Credit Card,5601.66
T03087,2024-09-13,C198,P043,S003,2,0.1,Bank Transfer,1015.96
T03088,2024-11-22,C053,P039,S004,5,0.05,Cash,2569.46
T03089,2023-12-07,C186,P026,S003,2,0.05,Bank Transfer,1929.94
T03090,2024-06-23,C047,P018,S004,3,0.05,Mobile Money,3077.69
T03091,2024-10-19,C124,P019,S003,5,0.15,Bank Transfer,7492.41
T03092,2024-05-28,C038,P048,S003,5,0.0,Bank Transfer,6081.8
T03093,2024-04-12,C032,P015,S004,5,0.15,Cash,1149.41
T03094,2023-11-07,C018,P009,S002,3,0.15,Mobile Money,314.13
T03095,2025-04-27,C141,P001,S005,3,0.15,Credit Card,4267.91
T03096,2025-06-05,C069,P023,S001,4,0.15,Cash,6386.8
T03097,2025-02-15,C122,P050,S004,4,0.1,Cash,3760.7
T03098,2025-09-08,C036,P040,S002,1,0.1,Cash,1571.05
T03099,2025-03-09,C011,P014,S001,3,0.0,Bank Transfer,4028.25
T03100,2024-04-02,C033,P035,S001,4,0.05,Cash,5937.23
T03101,2025-06-07,C170,P001,S005,1,0.0,Cash,1673.69
T03102,2024-01-27,C087,P022,S005,3,0.1,Mobile Money,69.04
T03103,2024-09-25,C062,P041,S002,2,0.1,Bank Transfer,2943.02
T03104,2024-03-19,C061,P007,S002,1,0.1,Credit Card,1326.71
T03105,2025-07-04,C044,P017,S004,2,0.0,Credit Card,2492.22
T03106,2024-02-18,C024,P002,S005,5,0.1,Mobile Money,3684.42
T03107,2025-01-09,C032,P014,S001,2,0.15,Credit Card,2282.67
T03108,2025-01-27,C062,P005,S004,5,0.05,Credit Card,6632.04
T03109,2023-09-24,C057,P012,S003,1,0.0,Credit Card,1193.09
T03110,2024-06-08,C172,P033,S003,4,0.15,Mobile Money,6116.5
T03111,2025-07-10,C055,P044,S002,1,0.0,Mobile Money,1286.55
T03112,2024-05-07,C183,P034,S004,4,0.05,Mobile Money,1626.59
T03113,2024-11-23,C158,P002,S004,1,0.1,Credit Card,736.88
T03114,2025-07-06,C173,P028,S004,4,0.1,Bank Transfer,2425.61
T03115,2025-03-18,C006,P025,S004,5,0.15,Mobile Money,1823.89
T03116,2024-07-18,C156,P038,S002,3,0.05,Cash,1045.75
T03117,2024-10-24,C154,P034,S004,2,0.15,Credit Card,727.68
T03118,2024-05-09,C056,P029,S003,3,0.15,Bank Transfer,3786.88
T03119,2024-07-15,C064,P034,S003,2,0.15,Mobile Money,727.68
T03120,2024-01-29,C007,P003,S005,2,0.0,Mobile Money,675.26
T03121,2025-02-23,C183,P026,S001,4,0.1,Bank Transfer,3656.74
T03122,2023-12-18,C098,P048,S001,4,0.15,Mobile Money,4135.62
T03123,2024-03-11,C109,P004,S001,4,0.1,Bank Transfer,6673.57
T03124,2024-03-23,C059,P033,S003,3,0.1,Mobile Money,4857.22
T03125,2024-06-13,C041,P031,S002,2,0.05,Cash,2081.87
T03126,2023-09-26,C098,P011,S003,1,0.05,Cash,236.14
T03127,2024-08-10,C182,P048,S002,1,0.0,Bank Transfer,1216.36
T03128,2025-01-04,C021,P011,S005,3,0.15,Credit Card,633.85
T03129,2024-10-23,C076,P029,S002,4,0.1,Credit Card,5346.18
T03130,2024-09-27,C059,P032,S004,3,0.05,Cash,868.42
T03131,2024-09-16,C060,P046,S001,5,0.0,Credit Card,5826.85
T03132,2023-11-30,C074,P019,S005,4,0.15,Credit Card,5993.93
T03133,2023-12-05,C061,P009,S001,2,0.0,Cash,246.38
T03134,2024-03-22,C198,P036,S001,3,0.05,Cash,4279.16
T03135,2025-06-19,C200,P020,S004,5,0.1,Credit Card,1457.64
T03136,2023-12-03,C040,P014,S005,2,0.05,Cash,2551.22
T03137,2024-09-15,C084,P021,S002,3,0.0,Cash,3681.72
T03138,2023-10-29,C101,P049,S002,2,0.0,Mobile Money,776.52
T03139,2024-12-12,C040,P041,S002,2,0.1,Bank Transfer,2943.02
T03140,2025-01-07,C119,P008,S002,4,0.05,Cash,417.16
T03141,2023-11-12,C183,P020,S002,2,0.0,Cash,647.84
T03142,2024-11-14,C097,P010,S002,1,0.1,Mobile Money,1074.71
T03143,2024-05-25,C136,P033,S004,4,0.15,Mobile Money,6116.5
T03144,2024-11-15,C166,P045,S005,3,0.15,Bank Transfer,4791.65
T03145,2025-04-17,C135,P012,S004,2,0.15,Credit Card,2028.25
T03146,2023-11-17,C010,P033,S002,1,0.1,Bank Transfer,1619.07
T03147,2024-05-02,C030,P038,S005,4,0.15,Mobile Money,1247.56
T03148,2024-11-17,C077,P034,S003,1,0.1,Mobile Money,385.24
T03149,2024-02-09,C051,P024,S001,2,0.15,Credit Card,2528.6
T03150,2025-01-11,C116,P009,S005,2,0.1,Mobile Money,221.74
T03151,2024-01-10,C063,P007,S002,1,0.05,Mobile Money,1400.41
T03152,2024-01-06,C065,P015,S004,4,0.15,Mobile Money,919.53
T03153,2025-04-19,C096,P048,S002,4,0.05,Mobile Money,4622.17
T03154,2023-11-18,C014,P033,S002,2,0.0,Bank Transfer,3597.94
T03155,2025-01-25,C096,P027,S001,3,0.15,Mobile Money,3244.19
T03156,2024-04-03,C168,P023,S004,1,0.1,Bank Transfer,1690.62
T03157,2025-01-26,C132,P028,S005,4,0.0,Mobile Money,2695.12
T03158,2024-01-13,C018,P023,S003,3,0.05,Bank Transfer,5353.64
T03159,2023-12-05,C130,P010,S002,1,0.0,Credit Card,1194.12
T03160,2025-01-14,C191,P034,S005,3,0.0,Cash,1284.15
T03161,2024-01-20,C131,P023,S002,5,0.1,Cash,8453.12
T03162,2024-08-23,C115,P030,S004,3,0.15,Bank Transfer,74.56
T03163,2024-12-23,C160,P004,S003,3,0.1,Cash,5005.18
T03164,2025-03-06,C133,P002,S005,1,0.15,Mobile Money,695.95
T03165,2024-07-26,C111,P043,S005,1,0.0,Credit Card,564.42
T03166,2025-04-06,C097,P017,S003,4,0.1,Credit Card,4486.0
T03167,2024-04-15,C037,P026,S002,1,0.15,Bank Transfer,863.4
T03168,2023-10-16,C101,P019,S002,1,0.0,Bank Transfer,1762.92
T03169,2025-07-25,C004,P010,S002,2,0.15,Credit Card,2030.0
T03170,2024-10-03,C107,P001,S002,4,0.1,Credit Card,6025.28
T03171,2025-06-28,C001,P001,S001,2,0.0,Bank Transfer,3347.38
T03172,2024-03-20,C187,P040,S004,1,0.05,Mobile Money,1658.33
T03173,2025-06-01,C043,P019,S004,1,0.0,Mobile Money,1762.92
T03174,2025-03-26,C088,P032,S005,3,0.15,Bank Transfer,777.01
T03175,2025-01-08,C148,P017,S005,5,0.1,Bank Transfer,5607.5
T03176,2024-09-20,C135,P023,S002,5,0.1,Credit Card,8453.12
T03177,2025-05-16,C058,P048,S001,4,0.15,Bank Transfer,4135.62
T03178,2024-12-19,C085,P041,S005,3,0.15,Mobile Money,4169.28
T03179,2024-11-24,C014,P038,S005,3,0.1,Cash,990.71
T03180,2024-08-18,C038,P020,S005,2,0.05,Credit Card,615.45
T03181,2024-09-12,C119,P022,S002,1,0.1,Mobile Money,23.01
T03182,2024-01-23,C191,P027,S004,4,0.1,Bank Transfer,4580.03
T03183,2023-12-26,C021,P027,S002,2,0.15,Cash,2162.79
T03184,2024-07-06,C199,P032,S003,1,0.15,Mobile Money,259.0
T03185,2024-01-15,C111,P043,S002,4,0.15,Cash,1919.03
T03186,2024-04-01,C086,P031,S003,1,0.1,Credit Card,986.15
T03187,2025-06-22,C125,P042,S004,4,0.05,Mobile Money,1723.76
T03188,2024-04-22,C111,P026,S002,3,0.05,Credit Card,2894.92
T03189,2025-01-21,C087,P009,S002,5,0.1,Mobile Money,554.36
T03190,2025-02-27,C022,P037,S001,1,0.0,Cash,1952.65
T03191,2025-04-29,C039,P046,S005,4,0.15,Cash,3962.26
T03192,2025-01-25,C179,P009,S002,1,0.0,Mobile Money,123.19
T03193,2025-06-25,C046,P012,S001,2,0.1,Bank Transfer,2147.56
T03194,2025-06-30,C174,P004,S003,5,0.0,Cash,9268.85
T03195,2025-03-15,C043,P048,S003,3,0.0,Cash,3649.08
T03196,2024-05-18,C150,P024,S001,1,0.0,Credit Card,1487.41
T03197,2025-08-28,C044,P036,S004,4,0.0,Bank Transfer,6005.84
T03198,2024-06-22,C152,P036,S003,5,0.0,Bank Transfer,7507.3
T03199,2024-09-17,C036,P028,S001,4,0.1,Credit Card,2425.61
T03200,2023-11-05,C165,P008,S005,1,0.15,Credit Card,93.31
T03201,2025-04-08,C177,P035,S003,1,0.15,Bank Transfer,1328.07
T03202,2024-06-12,C171,P022,S002,4,0.15,Bank Transfer,86.94
T03203,2023-11-14,C131,P046,S003,3,0.15,Mobile Money,2971.69
T03204,2025-04-22,C061,P015,S003,3,0.05,Credit Card,770.78
T03205,2023-10-07,C119,P003,S002,2,0.0,Cash,675.26
T03206,2025-01-18,C016,P013,S005,1,0.05,Cash,1078.06
T03207,2024-08-07,C115,P021,S002,2,0.0,Bank Transfer,2454.48
T03208,2024-03-12,C198,P034,S003,3,0.05,Mobile Money,1219.94
T03209,2025-02-23,C112,P016,S004,1,0.1,Credit Card,1672.88
T03210,2024-07-01,C122,P009,S001,3,0.05,Mobile Money,351.09
T03211,2024-07-21,C050,P034,S003,1,0.0,Cash,428.05
T03212,2025-04-05,C065,P041,S004,2,0.15,Mobile Money,2779.52
T03213,2024-07-03,C169,P015,S004,3,0.15,Credit Card,689.65
T03214,2025-04-12,C084,P032,S004,3,0.05,Cash,868.42
T03215,2024-10-16,C043,P026,S003,4,0.0,Mobile Money,4063.04
T03216,2024-02-17,C086,P043,S002,1,0.05,Credit Card,536.2
T03217,2024-04-13,C132,P006,S005,4,0.1,Credit Card,1144.98
T03218,2025-03-27,C185,P003,S002,4,0.0,Cash,1350.52
T03219,2024-04-21,C162,P019,S003,3,0.1,Bank Transfer,4759.88
T03220,2024-11-12,C001,P048,S001,4,0.05,Credit Card,4622.17
T03221,2025-05-19,C038,P035,S003,5,0.1,Mobile Money,7030.94
T03222,2024-09-21,C136,P011,S005,5,0.05,Mobile Money,1180.71
T03223,2025-07-13,C198,P003,S001,4,0.1,Mobile Money,1215.47
T03224,2025-06-25,C012,P036,S003,3,0.0,Mobile Money,4504.38
T03225,2025-08-08,C151,P001,S001,4,0.15,Mobile Money,5690.55
T03226,2023-09-10,C156,P024,S005,2,0.1,Credit Card,2677.34
T03227,2024-02-27,C116,P006,S003,3,0.0,Credit Card,954.15
T03228,2023-11-03,C172,P033,S005,3,0.15,Bank Transfer,4587.37
T03229,2025-01-13,C002,P011,S005,2,0.0,Credit Card,497.14
T03230,2023-11-19,C116,P012,S002,4,0.0,Mobile Money,4772.36
T03231,2024-05-17,C013,P025,S001,3,0.15,Cash,1094.33
T03232,2025-02-05,C129,P015,S003,5,0.0,Mobile Money,1352.25
T03233,2025-07-14,C149,P008,S002,5,0.1,Cash,494.01
T03234,2023-12-22,C061,P017,S004,5,0.1,Credit Card,5607.5
T03235,2024-05-08,C140,P009,S002,1,0.15,Cash,104.71
T03236,2025-06-25,C085,P048,S002,4,0.0,Cash,4865.44
T03237,2024-11-09,C034,P031,S003,2,0.1,Bank Transfer,1972.3
T03238,2024-01-27,C107,P012,S002,4,0.05,Credit Card,4533.74
T03239,2025-04-17,C093,P015,S001,3,0.1,Cash,730.21
T03240,2024-04-09,C020,P020,S002,1,0.0,Credit Card,323.92
T03241,2023-12-10,C017,P046,S003,2,0.0,Mobile Money,2330.74
T03242,2024-07-07,C087,P011,S001,5,0.15,Cash,1056.42
T03243,2025-02-22,C124,P050,S005,3,0.0,Bank Transfer,3133.92
T03244,2025-04-11,C024,P004,S003,2,0.15,Credit Card,3151.41
T03245,2023-10-19,C140,P033,S003,1,0.0,Cash,1798.97
T03246,2024-12-02,C042,P035,S002,3,0.05,Credit Card,4452.93
T03247,2024-12-29,C123,P030,S003,1,0.1,Mobile Money,26.32
T03248,2023-09-10,C194,P038,S004,1,0.15,Credit Card,311.89
T03249,2024-03-02,C043,P044,S002,5,0.15,Cash,5467.84
T03250,2024-05-10,C191,P031,S002,4,0.15,Mobile Money,3725.45
T03251,2023-11-05,C083,P043,S003,2,0.0,Cash,1128.84
T03252,2024-05-16,C116,P032,S002,1,0.1,Cash,274.24
T03253,2024-09-10,C171,P038,S003,3,0.15,Cash,935.67
T03254,2024-12-06,C081,P011,S004,1,0.05,Cash,236.14
T03255,2025-04-13,C153,P037,S005,5,0.0,Credit Card,9763.25
T03256,2024-01-12,C122,P035,S004,5,0.1,Cash,7030.94
T03257,2024-09-26,C160,P009,S001,3,0.05,Bank Transfer,351.09
T03258,2024-07-07,C138,P020,S004,3,0.0,Cash,971.76
T03259,2025-07-10,C015,P037,S003,2,0.1,Mobile Money,3514.77
T03260,2025-03-17,C040,P050,S003,3,0.15,Cash,2663.83
T03261,2024-03-20,C136,P039,S003,1,0.15,Bank Transfer,459.8
T03262,2024-11-12,C190,P022,S003,4,0.0,Cash,102.28
T03263,2025-03-21,C073,P008,S003,2,0.0,Credit Card,219.56
T03264,2024-12-17,C135,P045,S005,5,0.0,Bank Transfer,9395.4
T03265,2023-11-04,C030,P005,S001,3,0.1,Bank Transfer,3769.79
T03266,2024-06-17,C032,P013,S002,5,0.05,Cash,5390.3
T03267,2024-07-29,C060,P026,S001,3,0.1,Cash,2742.55
T03268,2024-11-19,C183,P036,S005,5,0.1,Bank Transfer,6756.57
T03269,2025-07-24,C026,P034,S004,1,0.1,Mobile Money,385.24
T03270,2025-02-14,C024,P035,S003,3,0.0,Credit Card,4687.29
T03271,2025-09-07,C018,P048,S001,5,0.0,Cash,6081.8
T03272,2025-08-15,C123,P019,S001,4,0.1,Mobile Money,6346.51
T03273,2023-10-27,C139,P048,S001,3,0.05,Credit Card,3466.63
T03274,2024-08-02,C021,P036,S003,2,0.05,Cash,2852.77
T03275,2025-04-20,C162,P012,S001,4,0.05,Credit Card,4533.74
T03276,2024-07-16,C044,P048,S005,2,0.15,Cash,2067.81
T03277,2023-11-11,C175,P022,S005,3,0.05,Mobile Money,72.87
T03278,2023-11-22,C141,P026,S002,1,0.15,Credit Card,863.4
T03279,2025-01-07,C157,P040,S004,2,0.1,Bank Transfer,3142.1
T03280,2024-03-12,C035,P018,S004,5,0.15,Bank Transfer,4589.53
T03281,2025-03-29,C069,P025,S002,5,0.0,Mobile Money,2145.75
T03282,2023-11-05,C066,P033,S005,4,0.0,Cash,7195.88
T03283,2025-07-26,C104,P032,S005,2,0.1,Credit Card,548.48
T03284,2024-02-06,C148,P017,S002,5,0.0,Credit Card,6230.55
T03285,2023-09-11,C034,P007,S001,2,0.05,Cash,2800.83
T03286,2025-08-19,C188,P031,S001,4,0.05,Credit Card,4163.74
T03287,2025-02-15,C071,P034,S001,5,0.0,Credit Card,2140.25
T03288,2023-10-19,C184,P004,S001,1,0.15,Cash,1575.7
T03289,2024-03-26,C088,P049,S002,4,0.05,Credit Card,1475.39
T03290,2025-08-27,C186,P021,S001,3,0.1,Mobile Money,3313.55
T03291,2023-10-26,C097,P044,S005,3,0.15,Credit Card,3280.7
T03292,2024-02-04,C163,P042,S002,2,0.15,Bank Transfer,771.15
T03293,2025-05-13,C049,P022,S002,4,0.15,Bank Transfer,86.94
T03294,2025-03-02,C112,P034,S001,3,0.0,Mobile Money,1284.15
T03295,2024-12-03,C119,P004,S002,1,0.0,Mobile Money,1853.77
T03296,2025-02-09,C135,P049,S003,2,0.15,Cash,660.04
T03297,2024-02-05,C074,P040,S002,3,0.1,Credit Card,4713.15
T03298,2023-11-03,C110,P045,S001,4,0.0,Mobile Money,7516.32
T03299,2025-06-25,C090,P040,S003,2,0.15,Credit Card,2967.54
T03300,2023-11-21,C177,P036,S003,4,0.15,Bank Transfer,5104.96
T03301,2025-04-28,C042,P043,S004,2,0.15,Credit Card,959.51
T03302,2024-04-25,C005,P033,S002,4,0.15,Credit Card,6116.5
T03303,2025-06-29,C142,P013,S005,2,0.0,Bank Transfer,2269.6
T03304,2025-05-22,C185,P040,S003,5,0.1,Cash,7855.24
T03305,2023-09-27,C070,P010,S005,3,0.15,Cash,3045.01
T03306,2025-07-13,C017,P030,S005,1,0.05,Bank Transfer,27.78
T03307,2024-06-13,C065,P030,S002,5,0.05,Mobile Money,138.89
T03308,2024-11-17,C136,P033,S001,2,0.0,Bank Transfer,3597.94
T03309,2025-01-09,C197,P042,S005,4,0.1,Cash,1633.03
T03310,2025-07-22,C124,P042,S002,2,0.0,Bank Transfer,907.24
T03311,2024-10-03,C185,P038,S004,3,0.1,Credit Card,990.71
T03312,2025-05-09,C161,P043,S004,5,0.1,Cash,2539.89
T03313,2023-11-01,C098,P034,S004,5,0.05,Credit Card,2033.24
T03314,2024-08-10,C084,P006,S001,3,0.1,Mobile Money,858.74
T03315,2025-08-07,C195,P015,S002,5,0.1,Mobile Money,1217.03
T03316,2023-09-15,C059,P012,S004,5,0.0,Cash,5965.45
T03317,2024-06-24,C027,P033,S005,2,0.05,Mobile Money,3418.04
T03318,2024-02-25,C012,P037,S002,4,0.15,Cash,6639.01
T03319,2023-10-18,C027,P049,S005,4,0.05,Credit Card,1475.39
T03320,2024-06-10,C189,P048,S002,2,0.1,Cash,2189.45
T03321,2023-10-25,C010,P043,S003,1,0.15,Cash,479.76
T03322,2025-08-16,C072,P023,S005,4,0.05,Cash,7138.19
T03323,2024-01-31,C088,P035,S002,5,0.0,Cash,7812.15
T03324,2024-09-09,C065,P023,S005,5,0.05,Cash,8922.73
T03325,2025-07-20,C122,P049,S003,5,0.05,Cash,1844.24
T03326,2023-11-06,C126,P002,S002,4,0.1,Cash,2947.54
T03327,2025-04-08,C023,P047,S005,5,0.05,Bank Transfer,5686.6
T03328,2024-12-05,C001,P010,S004,3,0.1,Mobile Money,3224.12
T03329,2025-08-23,C143,P022,S002,1,0.0,Cash,25.57
T03330,2024-02-21,C171,P045,S003,2,0.05,Credit Card,3570.25
T03331,2024-04-09,C060,P037,S001,2,0.05,Credit Card,3710.04
T03332,2024-01-04,C051,P020,S002,3,0.15,Cash,826.0
T03333,2024-10-29,C170,P046,S004,2,0.05,Cash,2214.2
T03334,2024-07-09,C031,P042,S002,3,0.1,Mobile Money,1224.77
T03335,2025-04-04,C040,P009,S001,2,0.15,Mobile Money,209.42
T03336,2024-03-05,C002,P042,S002,3,0.0,Credit Card,1360.86
T03337,2025-08-16,C176,P012,S004,1,0.0,Credit Card,1193.09
T03338,2024-06-02,C055,P024,S001,2,0.15,Cash,2528.6
T03339,2024-12-30,C112,P037,S002,2,0.1,Bank Transfer,3514.77
T03340,2024-06-25,C116,P025,S002,5,0.05,Mobile Money,2038.46
T03341,2025-02-27,C109,P043,S002,5,0.15,Bank Transfer,2398.78
T03342,2024-03-28,C081,P013,S003,5,0.05,Cash,5390.3
T03343,2025-04-22,C051,P045,S004,3,0.15,Mobile Money,4791.65
T03344,2024-07-17,C024,P039,S005,1,0.05,Cash,513.89
T03345,2023-12-13,C059,P013,S005,1,0.15,Mobile Money,964.58
T03346,2024-06-20,C167,P022,S005,2,0.0,Credit Card,51.14
T03347,2024-09-01,C138,P010,S002,2,0.05,Cash,2268.83
T03348,2024-10-29,C131,P033,S005,5,0.0,Credit Card,8994.85
T03349,2025-01-13,C138,P014,S005,1,0.1,Cash,1208.48
T03350,2024-04-20,C067,P047,S003,3,0.05,Credit Card,3411.96
T03351,2024-04-14,C012,P045,S004,4,0.05,Credit Card,7140.5
T03352,2023-10-06,C057,P007,S001,5,0.05,Mobile Money,7002.07
T03353,2024-04-08,C019,P022,S004,5,0.0,Bank Transfer,127.85
T03354,2024-12-26,C118,P029,S002,3,0.1,Cash,4009.64
T03355,2024-10-30,C009,P031,S001,1,0.0,Cash,1095.72
T03356,2024-10-29,C022,P007,S003,2,0.0,Cash,2948.24
T03357,2024-06-05,C177,P050,S002,4,0.0,Mobile Money,4178.56
T03358,2024-12-23,C138,P042,S003,1,0.0,Credit Card,453.62
T03359,2025-01-24,C091,P007,S003,4,0.0,Bank Transfer,5896.48
T03360,2023-11-14,C193,P030,S003,3,0.05,Cash,83.33
T03361,2025-04-11,C140,P002,S002,5,0.15,Bank Transfer,3479.73
T03362,2025-05-20,C126,P008,S005,1,0.05,Credit Card,104.29
T03363,2024-01-24,C196,P031,S003,5,0.0,Bank Transfer,5478.6
T03364,2024-11-30,C098,P040,S004,1,0.15,Mobile Money,1483.77
T03365,2024-07-06,C007,P008,S001,5,0.0,Cash,548.9
T03366,2025-02-25,C170,P046,S003,2,0.15,Bank Transfer,1981.13
T03367,2024-05-18,C163,P016,S003,1,0.1,Bank Transfer,1672.88
T03368,2024-03-30,C136,P046,S002,4,0.15,Cash,3962.26
T03369,2024-10-26,C061,P018,S004,2,0.1,Credit Card,1943.8
T03370,2024-01-17,C083,P039,S003,1,0.1,Bank Transfer,486.85
T03371,2024-01-12,C044,P015,S005,4,0.0,Cash,1081.8
T03372,2025-03-13,C161,P028,S004,1,0.15,Credit Card,572.71
T03373,2024-02-11,C062,P014,S004,5,0.15,Bank Transfer,5706.69
T03374,2024-05-21,C005,P027,S005,5,0.05,Credit Card,6043.09
T03375,2024-11-05,C017,P012,S001,3,0.0,Cash,3579.27
T03376,2024-02-06,C101,P013,S003,5,0.0,Cash,5674.0
T03377,2024-03-22,C067,P023,S003,2,0.15,Mobile Money,3193.4
T03378,2024-08-31,C064,P009,S005,2,0.15,Credit Card,209.42
T03379,2024-11-03,C136,P049,S001,4,0.1,Credit Card,1397.74
T03380,2025-09-03,C040,P021,S001,2,0.15,Bank Transfer,2086.31
T03381,2025-05-17,C186,P015,S002,5,0.1,Mobile Money,1217.03
T03382,2025-06-07,C077,P023,S002,1,0.05,Mobile Money,1784.55
T03383,2024-04-23,C194,P038,S002,3,0.15,Credit Card,935.67
T03384,2024-03-18,C027,P042,S003,3,0.0,Mobile Money,1360.86
T03385,2024-05-12,C011,P011,S004,3,0.15,Credit Card,633.85
T03386,2025-05-06,C091,P044,S003,3,0.0,Credit Card,3859.65
T03387,2025-03-05,C104,P023,S002,3,0.1,Credit Card,5071.87
T03388,2024-03-24,C076,P044,S002,1,0.0,Mobile Money,1286.55
T03389,2024-04-22,C097,P009,S003,4,0.1,Bank Transfer,443.48
T03390,2024-12-19,C132,P021,S005,5,0.0,Credit Card,6136.2
T03391,2025-07-24,C188,P007,S001,3,0.05,Credit Card,4201.24
T03392,2023-10-07,C071,P031,S003,2,0.15,Cash,1862.72
T03393,2023-09-17,C173,P007,S003,1,0.1,Cash,1326.71
T03394,2025-06-04,C075,P049,S002,2,0.05,Credit Card,737.69
T03395,2025-01-23,C196,P003,S003,2,0.1,Bank Transfer,607.73
T03396,2024-02-08,C182,P018,S001,4,0.05,Credit Card,4103.58
T03397,2024-12-20,C027,P002,S001,1,0.15,Mobile Money,695.95
T03398,2024-12-29,C185,P020,S001,5,0.0,Credit Card,1619.6
T03399,2023-11-10,C062,P002,S005,1,0.05,Mobile Money,777.82
T03400,2024-09-16,C056,P040,S002,4,0.1,Credit Card,6284.2
T03401,2025-07-09,C011,P026,S004,1,0.0,Cash,1015.76
T03402,2024-06-04,C193,P039,S005,5,0.15,Bank Transfer,2299.0
T03403,2024-12-12,C100,P029,S001,4,0.15,Cash,5049.17
T03404,2025-08-10,C003,P013,S002,2,0.0,Cash,2269.6
T03405,2024-05-03,C151,P032,S001,3,0.15,Cash,777.01
T03406,2024-04-24,C141,P019,S002,5,0.0,Credit Card,8814.6
T03407,2025-07-08,C177,P018,S004,3,0.15,Mobile Money,2753.72
T03408,2025-04-15,C068,P026,S003,5,0.0,Mobile Money,5078.8
T03409,2025-09-06,C001,P019,S005,2,0.15,Bank Transfer,2996.96
T03410,2024-07-29,C157,P044,S003,2,0.0,Cash,2573.1
T03411,2024-11-22,C080,P048,S005,1,0.0,Bank Transfer,1216.36
T03412,2025-06-17,C028,P026,S005,3,0.05,Credit Card,2894.92
T03413,2025-09-06,C102,P027,S005,4,0.1,Cash,4580.03
T03414,2023-09-24,C151,P022,S002,4,0.05,Credit Card,97.17
T03415,2024-07-24,C186,P025,S002,2,0.05,Cash,815.38
T03416,2025-05-30,C062,P034,S004,3,0.1,Bank Transfer,1155.74
T03417,2025-02-14,C108,P026,S001,1,0.1,Cash,914.18
T03418,2024-01-07,C179,P048,S003,2,0.15,Cash,2067.81
T03419,2024-03-23,C094,P038,S001,3,0.05,Mobile Money,1045.75
T03420,2025-03-04,C102,P023,S004,4,0.0,Cash,7513.88
T03421,2025-06-30,C030,P037,S002,4,0.0,Cash,7810.6
T03422,2024-06-07,C050,P010,S001,5,0.05,Bank Transfer,5672.07
T03423,2024-02-24,C100,P035,S004,5,0.0,Cash,7812.15
T03424,2023-10-13,C099,P024,S002,4,0.0,Bank Transfer,5949.64
T03425,2024-05-15,C191,P015,S002,1,0.05,Credit Card,256.93
T03426,2024-09-23,C066,P010,S003,3,0.0,Mobile Money,3582.36
T03427,2025-09-05,C131,P044,S005,2,0.15,Cash,2187.13
T03428,2024-04-24,C125,P009,S004,4,0.05,Credit Card,468.12
T03429,2024-04-05,C135,P035,S003,3,0.0,Cash,4687.29
T03430,2024-08-09,C062,P031,S003,5,0.0,Mobile Money,5478.6
T03431,2025-04-23,C200,P029,S002,3,0.1,Credit Card,4009.64
T03432,2024-07-17,C123,P005,S005,5,0.05,Mobile Money,6632.04
T03433,2024-09-09,C012,P048,S002,2,0.1,Cash,2189.45
T03434,2024-04-23,C014,P034,S001,3,0.15,Cash,1091.53
T03435,2023-12-05,C156,P012,S001,5,0.1,Cash,5368.9
T03436,2025-07-08,C075,P049,S003,5,0.05,Cash,1844.24
T03437,2025-06-12,C183,P048,S004,3,0.05,Mobile Money,3466.63
T03438,2025-01-20,C194,P003,S005,5,0.15,Mobile Money,1434.93
T03439,2025-05-14,C200,P024,S003,5,0.15,Cash,6321.49
T03440,2024-01-04,C134,P036,S003,2,0.1,Mobile Money,2702.63
T03441,2024-07-26,C164,P035,S005,2,0.05,Bank Transfer,2968.62
T03442,2025-06-08,C145,P006,S001,3,0.0,Bank Transfer,954.15
T03443,2024-04-13,C146,P024,S005,2,0.05,Credit Card,2826.08
T03444,2024-12-09,C028,P015,S002,2,0.1,Credit Card,486.81
T03445,2025-04-18,C199,P039,S004,4,0.0,Mobile Money,2163.76
T03446,2025-06-06,C160,P016,S001,5,0.15,Credit Card,7899.69
T03447,2025-06-26,C102,P041,S001,4,0.15,Cash,5559.03
T03448,2025-02-28,C165,P030,S004,2,0.05,Bank Transfer,55.56
T03449,2025-02-14,C144,P039,S002,5,0.05,Bank Transfer,2569.46
T03450,2024-02-12,C172,P040,S005,3,0.05,Credit Card,4974.99
T03451,2023-09-23,C169,P015,S005,1,0.1,Cash,243.4
T03452,2024-03-20,C089,P015,S004,1,0.05,Mobile Money,256.93
T03453,2025-05-08,C088,P050,S001,5,0.05,Mobile Money,4962.04
T03454,2024-09-02,C152,P043,S003,5,0.05,Mobile Money,2681.0
T03455,2024-07-03,C170,P047,S003,1,0.15,Mobile Money,1017.6
T03456,2023-10-02,C089,P044,S004,1,0.05,Cash,1222.22
T03457,2024-10-26,C144,P035,S004,4,0.0,Credit Card,6249.72
T03458,2024-05-27,C197,P013,S002,5,0.1,Bank Transfer,5106.6
T03459,2025-07-30,C193,P033,S001,3,0.05,Bank Transfer,5127.06
T03460,2023-12-17,C103,P010,S005,2,0.05,Bank Transfer,2268.83
T03461,2023-12-30,C131,P029,S003,1,0.0,Credit Card,1485.05
T03462,2025-08-01,C123,P049,S002,1,0.0,Mobile Money,388.26
T03463,2025-04-21,C154,P023,S004,4,0.0,Cash,7513.88
T03464,2024-10-29,C030,P017,S004,5,0.05,Cash,5919.02
T03465,2024-02-19,C021,P038,S002,5,0.1,Cash,1651.19
T03466,2025-08-14,C013,P015,S001,4,0.0,Bank Transfer,1081.8
T03467,2023-11-17,C021,P017,S003,5,0.0,Bank Transfer,6230.55
T03468,2023-11-23,C014,P006,S004,4,0.05,Credit Card,1208.59
T03469,2024-01-17,C150,P034,S004,4,0.05,Cash,1626.59
T03470,2024-04-06,C187,P044,S003,2,0.1,Bank Transfer,2315.79
T03471,2024-07-31,C005,P034,S004,4,0.15,Bank Transfer,1455.37
T03472,2025-09-09,C101,P023,S002,1,0.15,Credit Card,1596.7
T03473,2024-03-13,C186,P013,S004,4,0.05,Credit Card,4312.24
T03474,2024-07-12,C089,P036,S001,5,0.0,Mobile Money,7507.3
T03475,2024-03-10,C186,P035,S004,4,0.0,Credit Card,6249.72
T03476,2025-07-29,C145,P007,S005,1,0.1,Cash,1326.71
T03477,2025-06-13,C102,P048,S005,5,0.1,Cash,5473.62
T03478,2024-06-04,C050,P050,S002,2,0.15,Credit Card,1775.89
T03479,2023-10-16,C023,P029,S002,3,0.1,Credit Card,4009.64
T03480,2025-01-09,C052,P032,S003,4,0.0,Mobile Money,1218.84
T03481,2024-05-15,C140,P050,S001,4,0.0,Credit Card,4178.56
T03482,2023-09-14,C043,P004,S001,1,0.05,Cash,1761.08
T03483,2025-02-21,C098,P038,S001,2,0.15,Credit Card,623.78
T03484,2024-04-28,C132,P006,S003,2,0.15,Mobile Money,540.69
T03485,2023-11-06,C140,P016,S005,3,0.15,Cash,4739.81
T03486,2023-12-11,C049,P033,S002,4,0.0,Bank Transfer,7195.88
T03487,2024-03-29,C079,P032,S003,5,0.0,Credit Card,1523.55
T03488,2024-05-25,C149,P009,S003,1,0.05,Mobile Money,117.03
T03489,2023-12-29,C076,P020,S005,1,0.0,Mobile Money,323.92
T03490,2024-03-25,C071,P049,S003,1,0.05,Mobile Money,368.85
T03491,2024-07-15,C053,P037,S003,1,0.15,Mobile Money,1659.75
T03492,2024-03-15,C137,P049,S001,2,0.15,Mobile Money,660.04
T03493,2024-04-21,C171,P033,S005,2,0.05,Cash,3418.04
T03494,2023-12-08,C004,P018,S002,1,0.15,Credit Card,917.91
T03495,2025-04-03,C027,P040,S002,3,0.15,Credit Card,4451.31
T03496,2024-12-03,C147,P020,S005,3,0.15,Mobile Money,826.0
T03497,2024-03-11,C060,P047,S004,2,0.05,Cash,2274.64
T03498,2025-08-10,C132,P014,S002,5,0.1,Mobile Money,6042.38
T03499,2025-04-12,C008,P031,S003,2,0.15,Cash,1862.72
T03500,2025-08-17,C127,P032,S005,5,0.15,Mobile Money,1295.02
T03501,2024-08-22,C175,P029,S001,4,0.15,Cash,5049.17
T03502,2025-02-14,C104,P049,S004,2,0.15,Credit Card,660.04
T03503,2025-09-06,C004,P047,S003,1,0.15,Credit Card,1017.6
T03504,2025-03-20,C022,P031,S002,2,0.05,Bank Transfer,2081.87
T03505,2025-04-15,C084,P029,S002,1,0.15,Bank Transfer,1262.29
T03506,2025-03-04,C004,P045,S003,5,0.15,Cash,7986.09
T03507,2024-09-08,C176,P005,S003,4,0.05,Cash,5305.64
T03508,2024-10-20,C134,P024,S002,1,0.05,Bank Transfer,1413.04
T03509,2024-02-09,C146,P039,S004,4,0.0,Bank Transfer,2163.76
T03510,2024-02-18,C061,P048,S004,5,0.1,Cash,5473.62
T03511,2024-05-01,C041,P006,S002,1,0.1,Cash,286.24
T03512,2024-11-02,C155,P023,S002,5,0.15,Bank Transfer,7983.5
T03513,2025-01-06,C130,P032,S003,2,0.1,Bank Transfer,548.48
T03514,2025-02-26,C189,P034,S005,5,0.0,Cash,2140.25
T03515,2024-06-09,C073,P013,S003,4,0.15,Cash,3858.32
T03516,2025-01-31,C178,P027,S004,1,0.1,Credit Card,1145.01
T03517,2024-02-27,C061,P010,S005,4,0.15,Mobile Money,4060.01
T03518,2024-03-06,C123,P015,S002,5,0.05,Cash,1284.64
T03519,2025-04-19,C158,P001,S004,3,0.15,Cash,4267.91
T03520,2024-03-13,C158,P041,S001,4,0.15,Mobile Money,5559.03
T03521,2025-02-24,C099,P050,S005,2,0.15,Mobile Money,1775.89
T03522,2024-08-30,C184,P021,S002,2,0.1,Credit Card,2209.03
T03523,2024-01-30,C127,P049,S001,5,0.1,Cash,1747.17
T03524,2025-08-30,C103,P040,S002,2,0.1,Cash,3142.1
T03525,2024-03-28,C179,P039,S003,1,0.1,Mobile Money,486.85
T03526,2025-02-27,C098,P035,S005,3,0.15,Cash,3984.2
T03527,2024-06-21,C008,P017,S001,2,0.1,Credit Card,2243.0
T03528,2024-11-26,C200,P040,S003,3,0.1,Bank Transfer,4713.15
T03529,2025-04-29,C047,P008,S005,4,0.15,Mobile Money,373.25
T03530,2024-06-20,C051,P017,S002,3,0.1,Credit Card,3364.5
T03531,2024-02-09,C164,P029,S002,2,0.1,Mobile Money,2673.09
T03532,2025-03-07,C057,P019,S002,5,0.0,Bank Transfer,8814.6
T03533,2023-11-24,C104,P042,S002,3,0.0,Bank Transfer,1360.86
T03534,2024-08-20,C048,P022,S005,3,0.15,Credit Card,65.2
T03535,2025-06-18,C088,P024,S004,2,0.05,Mobile Money,2826.08
T03536,2024-01-03,C151,P031,S002,2,0.1,Bank Transfer,1972.3
T03537,2024-01-28,C027,P046,S002,5,0.0,Mobile Money,5826.85
T03538,2023-09-18,C095,P050,S003,1,0.15,Bank Transfer,887.94
T03539,2025-05-03,C099,P006,S005,3,0.0,Bank Transfer,954.15
T03540,2025-02-22,C194,P046,S004,3,0.1,Credit Card,3146.5
T03541,2024-03-13,C002,P032,S002,3,0.0,Cash,914.13
T03542,2025-04-11,C029,P014,S004,5,0.15,Credit Card,5706.69
T03543,2023-09-20,C013,P015,S002,5,0.1,Credit Card,1217.03
T03544,2023-12-22,C069,P037,S001,1,0.1,Credit Card,1757.39
T03545,2025-06-13,C101,P024,S003,1,0.1,Bank Transfer,1338.67
T03546,2023-10-17,C117,P015,S001,3,0.1,Credit Card,730.21
T03547,2024-06-25,C028,P025,S002,2,0.1,Credit Card,772.47
T03548,2024-12-06,C108,P021,S004,5,0.0,Credit Card,6136.2
T03549,2024-09-30,C110,P002,S004,3,0.0,Cash,2456.28
T03550,2025-01-05,C159,P046,S003,2,0.0,Bank Transfer,2330.74
T03551,2025-07-25,C198,P002,S001,1,0.1,Credit Card,736.88
T03552,2025-08-18,C117,P037,S004,5,0.0,Mobile Money,9763.25
T03553,2024-02-22,C144,P027,S001,5,0.05,Mobile Money,6043.09
T03554,2023-11-18,C002,P022,S003,3,0.05,Credit Card,72.87
T03555,2024-10-12,C132,P017,S005,5,0.1,Mobile Money,5607.5
T03556,2025-02-23,C042,P029,S002,3,0.15,Mobile Money,3786.88
T03557,2024-02-04,C015,P013,S003,5,0.15,Mobile Money,4822.9
T03558,2024-06-12,C138,P027,S004,3,0.1,Credit Card,3435.02
T03559,2024-05-13,C036,P003,S004,3,0.1,Bank Transfer,911.6
T03560,2024-01-29,C139,P013,S003,5,0.15,Bank Transfer,4822.9
T03561,2024-08-10,C082,P030,S005,3,0.05,Credit Card,83.33
T03562,2025-08-27,C078,P031,S005,1,0.0,Mobile Money,1095.72
T03563,2023-11-22,C086,P038,S001,2,0.0,Cash,733.86
T03564,2025-04-18,C011,P031,S002,3,0.1,Credit Card,2958.44
T03565,2025-01-05,C151,P032,S002,1,0.05,Credit Card,289.47
T03566,2025-01-18,C165,P007,S001,3,0.1,Cash,3980.12
T03567,2024-12-02,C054,P034,S001,3,0.1,Mobile Money,1155.74
T03568,2025-05-19,C009,P015,S005,2,0.15,Credit Card,459.76
T03569,2025-08-07,C175,P018,S001,3,0.1,Bank Transfer,2915.7
T03570,2024-08-30,C134,P002,S005,5,0.15,Mobile Money,3479.73
T03571,2025-01-01,C151,P040,S005,4,0.05,Mobile Money,6633.32
T03572,2025-07-23,C177,P021,S002,4,0.15,Mobile Money,4172.62
T03573,2024-09-02,C185,P011,S003,4,0.05,Cash,944.57
T03574,2024-12-10,C034,P048,S003,5,0.05,Bank Transfer,5777.71
T03575,2025-03-21,C074,P002,S002,1,0.05,Credit Card,777.82
T03576,2024-06-01,C182,P023,S005,1,0.05,Credit Card,1784.55
T03577,2024-01-26,C017,P028,S002,2,0.05,Cash,1280.18
T03578,2024-02-22,C161,P041,S003,5,0.0,Cash,8175.05
T03579,2023-09-22,C097,P034,S001,1,0.05,Mobile Money,406.65
T03580,2024-08-08,C068,P012,S004,2,0.05,Mobile Money,2266.87
T03581,2024-03-27,C089,P048,S001,5,0.05,Mobile Money,5777.71
T03582,2024-08-22,C104,P012,S005,1,0.15,Credit Card,1014.13
T03583,2024-01-11,C047,P010,S003,4,0.15,Bank Transfer,4060.01
T03584,2024-02-19,C067,P022,S003,5,0.1,Mobile Money,115.06
T03585,2024-07-28,C035,P007,S004,2,0.0,Bank Transfer,2948.24
T03586,2025-01-05,C037,P009,S005,1,0.15,Mobile Money,104.71
T03587,2024-06-25,C169,P022,S005,2,0.0,Mobile Money,51.14
T03588,2024-05-03,C014,P020,S005,2,0.15,Cash,550.66
T03589,2023-10-11,C166,P011,S004,2,0.0,Mobile Money,497.14
T03590,2023-09-20,C176,P016,S002,2,0.15,Credit Card,3159.88
T03591,2025-02-07,C145,P013,S005,2,0.0,Bank Transfer,2269.6
T03592,2025-04-01,C047,P023,S002,2,0.05,Mobile Money,3569.09
T03593,2024-11-15,C044,P048,S001,4,0.1,Cash,4378.9
T03594,2025-06-29,C164,P019,S003,2,0.05,Credit Card,3349.55
T03595,2025-04-25,C043,P024,S003,3,0.05,Credit Card,4239.12
T03596,2025-08-18,C082,P039,S005,3,0.1,Mobile Money,1460.54
T03597,2024-02-03,C032,P033,S004,4,0.15,Credit Card,6116.5
T03598,2024-09-12,C042,P045,S004,3,0.05,Cash,5355.38
T03599,2025-04-09,C147,P006,S003,3,0.1,Mobile Money,858.74
T03600,2024-03-12,C157,P002,S001,2,0.15,Mobile Money,1391.89
T03601,2024-06-10,C001,P029,S002,5,0.05,Mobile Money,7053.99
T03602,2025-02-23,C018,P006,S002,1,0.1,Credit Card,286.24
T03603,2024-07-07,C171,P022,S005,4,0.15,Cash,86.94
T03604,2025-05-11,C055,P034,S004,3,0.05,Credit Card,1219.94
T03605,2025-06-15,C034,P021,S002,1,0.0,Credit Card,1227.24
T03606,2025-02-10,C094,P024,S004,1,0.05,Credit Card,1413.04
T03607,2025-04-03,C010,P047,S001,3,0.15,Mobile Money,3052.81
T03608,2025-04-24,C133,P031,S005,5,0.15,Bank Transfer,4656.81
T03609,2023-11-29,C176,P014,S002,3,0.1,Credit Card,3625.42
T03610,2023-12-05,C061,P011,S005,4,0.0,Cash,994.28
T03611,2024-04-11,C052,P035,S001,3,0.1,Credit Card,4218.56
T03612,2024-11-21,C100,P014,S001,5,0.1,Cash,6042.38
T03613,2023-11-09,C118,P012,S001,3,0.05,Credit Card,3400.31
T03614,2025-08-12,C187,P020,S005,1,0.0,Credit Card,323.92
T03615,2023-10-01,C165,P026,S005,2,0.1,Cash,1828.37
T03616,2024-10-05,C024,P041,S003,2,0.15,Bank Transfer,2779.52
T03617,2024-10-02,C168,P048,S005,2,0.0,Credit Card,2432.72
T03618,2024-04-29,C002,P016,S005,4,0.15,Cash,6319.75
T03619,2024-06-10,C054,P001,S005,4,0.0,Cash,6694.76
T03620,2024-02-09,C038,P044,S004,1,0.05,Credit Card,1222.22
T03621,2024-08-29,C030,P008,S002,2,0.0,Mobile Money,219.56
T03622,2024-11-03,C105,P049,S004,2,0.0,Cash,776.52
T03623,2025-05-13,C156,P020,S001,1,0.0,Mobile Money,323.92
T03624,2024-05-26,C104,P026,S001,2,0.05,Cash,1929.94
T03625,2024-05-26,C031,P015,S005,1,0.15,Credit Card,229.88
T03626,2024-06-13,C186,P001,S003,5,0.15,Credit Card,7113.18
T03627,2025-07-27,C051,P023,S005,2,0.0,Bank Transfer,3756.94
T03628,2024-09-19,C147,P007,S002,4,0.15,Bank Transfer,5012.01
T03629,2024-03-07,C054,P047,S005,1,0.05,Mobile Money,1137.32
T03630,2024-12-25,C167,P017,S003,5,0.0,Credit Card,6230.55
T03631,2024-07-17,C196,P022,S003,2,0.0,Cash,51.14
T03632,2025-02-21,C073,P030,S001,5,0.15,Credit Card,124.27
T03633,2023-10-28,C087,P020,S001,5,0.1,Credit Card,1457.64
T03634,2025-06-30,C039,P018,S005,3,0.15,Credit Card,2753.72
T03635,2024-11-21,C005,P018,S005,2,0.1,Bank Transfer,1943.8
T03636,2025-01-19,C185,P013,S004,1,0.0,Credit Card,1134.8
T03637,2024-07-09,C184,P004,S005,5,0.1,Credit Card,8341.96
T03638,2024-09-17,C200,P036,S005,4,0.0,Cash,6005.84
T03639,2025-04-09,C059,P050,S004,1,0.05,Bank Transfer,992.41
T03640,2025-06-10,C049,P035,S004,3,0.1,Bank Transfer,4218.56
T03641,2023-11-18,C100,P046,S003,2,0.05,Cash,2214.2
T03642,2024-04-30,C067,P025,S001,2,0.0,Credit Card,858.3
T03643,2023-12-29,C124,P013,S001,4,0.0,Bank Transfer,4539.2
T03644,2024-11-22,C158,P041,S002,4,0.05,Mobile Money,6213.04
T03645,2024-07-17,C072,P036,S001,2,0.0,Mobile Money,3002.92
T03646,2024-10-17,C185,P007,S001,4,0.15,Cash,5012.01
T03647,2024-03-29,C106,P014,S002,2,0.05,Bank Transfer,2551.22
T03648,2023-09-21,C136,P024,S001,3,0.1,Bank Transfer,4016.01
T03649,2024-02-18,C041,P003,S001,2,0.1,Cash,607.73
T03650,2024-09-22,C064,P029,S001,1,0.0,Bank Transfer,1485.05
T03651,2024-01-14,C104,P034,S004,5,0.15,Bank Transfer,1819.21
T03652,2024-05-14,C109,P008,S003,5,0.0,Bank Transfer,548.9
T03653,2024-09-06,C114,P043,S005,3,0.1,Bank Transfer,1523.93
T03654,2025-01-26,C109,P008,S002,2,0.1,Mobile Money,197.6
T03655,2025-01-29,C028,P047,S002,3,0.15,Mobile Money,3052.81
T03656,2024-09-24,C001,P026,S001,1,0.0,Cash,1015.76
T03657,2025-08-29,C132,P046,S001,1,0.05,Cash,1107.1
T03658,2025-07-30,C189,P039,S004,5,0.05,Cash,2569.46
T03659,2024-02-04,C116,P007,S004,3,0.0,Mobile Money,4422.36
T03660,2025-05-12,C042,P042,S004,5,0.0,Cash,2268.1
T03661,2024-07-21,C133,P042,S001,3,0.15,Cash,1156.73
T03662,2024-06-08,C038,P029,S005,1,0.0,Bank Transfer,1485.05
T03663,2024-06-15,C181,P050,S001,4,0.0,Credit Card,4178.56
T03664,2024-07-31,C131,P032,S001,4,0.15,Cash,1036.01
T03665,2025-05-26,C064,P023,S001,4,0.05,Bank Transfer,7138.19
T03666,2023-10-05,C021,P038,S001,3,0.1,Bank Transfer,990.71
T03667,2023-10-01,C126,P042,S003,2,0.15,Credit Card,771.15
T03668,2025-05-18,C030,P015,S002,1,0.0,Mobile Money,270.45
T03669,2024-02-12,C047,P046,S003,5,0.1,Mobile Money,5244.16
T03670,2025-01-07,C110,P028,S004,5,0.1,Mobile Money,3032.01
T03671,2025-08-15,C008,P048,S002,1,0.0,Bank Transfer,1216.36
T03672,2024-09-26,C051,P035,S002,5,0.15,Credit Card,6640.33
T03673,2025-06-21,C113,P022,S003,4,0.15,Mobile Money,86.94
T03674,2025-05-21,C039,P026,S001,3,0.0,Credit Card,3047.28
T03675,2024-11-22,C036,P003,S004,1,0.0,Cash,337.63
T03676,2024-08-13,C069,P039,S004,4,0.15,Cash,1839.2
T03677,2024-10-30,C080,P032,S003,5,0.0,Cash,1523.55
T03678,2024-03-15,C030,P014,S001,4,0.15,Mobile Money,4565.35
T03679,2025-03-02,C032,P029,S003,1,0.0,Bank Transfer,1485.05
T03680,2023-12-01,C150,P018,S002,5,0.0,Bank Transfer,5399.45
T03681,2025-04-14,C147,P029,S001,3,0.05,Cash,4232.39
T03682,2024-08-21,C082,P025,S002,1,0.1,Cash,386.24
T03683,2024-10-27,C151,P015,S003,5,0.15,Mobile Money,1149.41
T03684,2025-04-21,C156,P048,S005,4,0.05,Cash,4622.17
T03685,2025-07-06,C051,P028,S004,5,0.15,Cash,2863.56
T03686,2025-06-20,C107,P048,S004,5,0.1,Cash,5473.62
T03687,2024-03-11,C106,P016,S004,1,0.05,Credit Card,1765.81
T03688,2023-09-27,C125,P036,S003,1,0.15,Mobile Money,1276.24
T03689,2025-06-16,C147,P013,S003,2,0.05,Credit Card,2156.12
T03690,2025-06-23,C196,P045,S003,4,0.05,Credit Card,7140.5
T03691,2025-02-01,C189,P019,S005,5,0.1,Cash,7933.14
T03692,2025-01-15,C157,P003,S004,1,0.0,Bank Transfer,337.63
T03693,2024-10-11,C043,P028,S004,2,0.0,Credit Card,1347.56
T03694,2025-04-24,C120,P050,S001,5,0.15,Credit Card,4439.72
T03695,2025-03-14,C028,P028,S001,4,0.0,Credit Card,2695.12
T03696,2024-04-05,C170,P021,S001,3,0.0,Cash,3681.72
T03697,2024-01-09,C061,P007,S003,5,0.15,Credit Card,6265.01
T03698,2025-01-20,C029,P045,S001,4,0.0,Bank Transfer,7516.32
T03699,2025-03-07,C170,P022,S005,1,0.0,Mobile Money,25.57
T03700,2023-12-25,C067,P002,S003,5,0.05,Credit Card,3889.11
T03701,2023-09-18,C195,P048,S001,4,0.1,Credit Card,4378.9
T03702,2024-10-13,C147,P026,S004,5,0.1,Mobile Money,4570.92
T03703,2023-12-17,C003,P046,S005,2,0.0,Cash,2330.74
T03704,2025-01-11,C067,P024,S005,1,0.15,Mobile Money,1264.3
T03705,2024-02-17,C082,P026,S004,1,0.05,Credit Card,964.97
T03706,2023-09-29,C098,P047,S005,1,0.1,Mobile Money,1077.46
T03707,2024-02-08,C024,P001,S001,2,0.15,Bank Transfer,2845.27
T03708,2024-08-14,C043,P011,S005,4,0.05,Mobile Money,944.57
T03709,2025-07-02,C186,P044,S004,5,0.15,Cash,5467.84
T03710,2025-01-08,C069,P016,S001,5,0.1,Credit Card,8364.38
T03711,2024-11-21,C183,P028,S001,3,0.0,Mobile Money,2021.34
T03712,2024-09-14,C029,P009,S003,4,0.0,Mobile Money,492.76
T03713,2024-11-26,C142,P032,S002,2,0.15,Bank Transfer,518.01
T03714,2025-07-05,C173,P046,S005,5,0.05,Bank Transfer,5535.51
T03715,2025-06-16,C186,P047,S004,3,0.0,Mobile Money,3591.54
T03716,2023-12-31,C149,P012,S004,2,0.1,Cash,2147.56
T03717,2023-09-27,C155,P018,S004,3,0.15,Mobile Money,2753.72
T03718,2025-01-18,C140,P026,S002,3,0.15,Cash,2590.19
T03719,2025-06-18,C069,P030,S004,5,0.1,Credit Card,131.58
T03720,2025-03-18,C017,P037,S004,1,0.05,Bank Transfer,1855.02
T03721,2025-03-16,C027,P003,S004,2,0.05,Bank Transfer,641.5
T03722,2024-08-30,C149,P008,S002,4,0.1,Credit Card,395.21
T03723,2025-09-02,C001,P014,S005,5,0.05,Bank Transfer,6378.06
T03724,2025-07-18,C137,P045,S004,5,0.05,Cash,8925.63
T03725,2024-02-21,C112,P047,S002,3,0.15,Mobile Money,3052.81
T03726,2024-11-03,C039,P011,S005,4,0.0,Mobile Money,994.28
T03727,2024-10-16,C006,P010,S005,1,0.0,Bank Transfer,1194.12
T03728,2025-02-10,C019,P044,S002,1,0.05,Bank Transfer,1222.22
T03729,2024-05-28,C170,P037,S005,2,0.05,Mobile Money,3710.04
T03730,2025-06-23,C028,P040,S002,2,0.15,Mobile Money,2967.54
T03731,2024-11-06,C001,P010,S003,2,0.05,Cash,2268.83
T03732,2025-02-09,C066,P034,S003,5,0.0,Mobile Money,2140.25
T03733,2025-08-02,C086,P047,S001,2,0.1,Bank Transfer,2154.92
T03734,2025-09-09,C193,P028,S003,4,0.05,Bank Transfer,2560.36
T03735,2023-12-10,C032,P005,S005,1,0.15,Bank Transfer,1186.79
T03736,2024-03-07,C167,P040,S001,2,0.1,Bank Transfer,3142.1
T03737,2023-12-24,C008,P032,S005,4,0.15,Cash,1036.01
T03738,2023-09-30,C121,P042,S004,1,0.05,Bank Transfer,430.94
T03739,2024-08-12,C153,P049,S005,5,0.0,Cash,1941.3
T03740,2024-05-21,C103,P029,S004,5,0.05,Cash,7053.99
T03741,2025-05-15,C070,P013,S001,4,0.1,Mobile Money,4085.28
T03742,2024-05-22,C133,P027,S001,2,0.1,Credit Card,2290.01
T03743,2024-10-20,C101,P015,S004,3,0.15,Credit Card,689.65
T03744,2024-06-27,C179,P002,S005,4,0.15,Bank Transfer,2783.78
T03745,2025-01-08,C130,P037,S004,5,0.1,Cash,8786.93
T03746,2025-06-23,C084,P023,S003,5,0.1,Bank Transfer,8453.12
T03747,2023-10-07,C169,P031,S001,1,0.0,Credit Card,1095.72
T03748,2025-08-13,C185,P023,S005,2,0.0,Mobile Money,3756.94
T03749,2024-06-05,C093,P013,S002,4,0.0,Bank Transfer,4539.2
T03750,2025-01-29,C030,P038,S001,4,0.0,Mobile Money,1467.72
T03751,2024-12-21,C175,P023,S001,2,0.15,Credit Card,3193.4
T03752,2024-06-11,C108,P008,S003,2,0.15,Credit Card,186.63
T03753,2025-05-12,C026,P031,S005,5,0.1,Bank Transfer,4930.74
T03754,2025-07-19,C096,P027,S005,1,0.15,Mobile Money,1081.4
T03755,2024-12-23,C002,P029,S001,1,0.1,Credit Card,1336.54
T03756,2024-03-15,C077,P035,S005,5,0.1,Credit Card,7030.94
T03757,2024-02-11,C013,P031,S003,4,0.15,Bank Transfer,3725.45
T03758,2025-02-14,C190,P030,S005,5,0.15,Mobile Money,124.27
T03759,2023-11-18,C128,P048,S004,1,0.1,Mobile Money,1094.72
T03760,2024-04-13,C068,P023,S002,1,0.1,Bank Transfer,1690.62
T03761,2024-11-12,C109,P005,S003,4,0.15,Bank Transfer,4747.15
T03762,2025-05-26,C138,P044,S001,5,0.15,Bank Transfer,5467.84
T03763,2024-04-09,C197,P005,S003,2,0.05,Cash,2652.82
T03764,2025-07-01,C109,P001,S002,2,0.1,Bank Transfer,3012.64
T03765,2025-08-06,C104,P040,S004,2,0.05,Mobile Money,3316.66
T03766,2023-11-02,C087,P039,S003,1,0.0,Mobile Money,540.94
T03767,2025-09-07,C162,P027,S003,5,0.1,Credit Card,5725.04
T03768,2025-06-23,C014,P022,S001,4,0.05,Credit Card,97.17
T03769,2023-11-03,C031,P033,S002,2,0.1,Credit Card,3238.15
T03770,2025-03-15,C196,P017,S004,4,0.15,Mobile Money,4236.77
T03771,2024-08-18,C080,P030,S004,2,0.1,Cash,52.63
T03772,2024-01-05,C100,P049,S001,1,0.0,Credit Card,388.26
T03773,2024-04-24,C072,P027,S001,1,0.1,Bank Transfer,1145.01
T03774,2024-07-22,C137,P029,S005,4,0.0,Cash,5940.2
T03775,2025-01-03,C195,P013,S005,1,0.0,Mobile Money,1134.8
T03776,2025-05-21,C151,P027,S005,4,0.15,Mobile Money,4325.58
T03777,2024-05-09,C144,P021,S002,2,0.0,Credit Card,2454.48
T03778,2025-02-06,C148,P048,S005,3,0.15,Cash,3101.72
T03779,2023-11-19,C070,P004,S004,2,0.15,Bank Transfer,3151.41
T03780,2024-03-28,C043,P034,S004,1,0.05,Cash,406.65
T03781,2024-03-31,C043,P005,S001,2,0.1,Credit Card,2513.2
T03782,2025-06-08,C189,P029,S004,3,0.05,Mobile Money,4232.39
T03783,2024-09-24,C089,P046,S005,4,0.0,Mobile Money,4661.48
T03784,2023-12-26,C142,P019,S003,2,0.1,Bank Transfer,3173.26
T03785,2025-09-08,C132,P022,S002,3,0.05,Cash,72.87
T03786,2025-03-30,C172,P043,S005,2,0.1,Bank Transfer,1015.96
T03787,2025-02-04,C093,P042,S003,1,0.0,Mobile Money,453.62
T03788,2025-04-11,C066,P017,S003,3,0.1,Mobile Money,3364.5
T03789,2023-11-22,C087,P042,S002,2,0.0,Cash,907.24
T03790,2025-03-27,C036,P028,S002,2,0.15,Bank Transfer,1145.43
T03791,2025-03-29,C198,P013,S005,5,0.15,Cash,4822.9
T03792,2025-01-16,C116,P031,S004,4,0.05,Credit Card,4163.74
T03793,2025-03-10,C171,P046,S003,2,0.15,Credit Card,1981.13
T03794,2024-08-17,C008,P021,S002,5,0.15,Credit Card,5215.77
T03795,2025-01-08,C019,P001,S004,3,0.0,Cash,5021.07
T03796,2023-09-26,C018,P018,S005,4,0.05,Cash,4103.58
T03797,2024-12-19,C066,P022,S003,2,0.0,Mobile Money,51.14
T03798,2024-07-26,C156,P039,S002,3,0.05,Bank Transfer,1541.68
T03799,2024-06-25,C160,P006,S002,3,0.05,Bank Transfer,906.44
T03800,2023-12-20,C004,P019,S001,1,0.0,Mobile Money,1762.92
T03801,2024-12-18,C113,P041,S004,5,0.1,Cash,7357.54
T03802,2024-11-02,C109,P034,S003,2,0.1,Bank Transfer,770.49
T03803,2024-05-19,C066,P016,S003,3,0.1,Mobile Money,5018.62
T03804,2025-05-14,C014,P019,S005,2,0.1,Cash,3173.26
T03805,2024-02-14,C122,P024,S005,5,0.05,Mobile Money,7065.2
T03806,2025-01-30,C181,P046,S005,1,0.0,Bank Transfer,1165.37
T03807,2023-11-21,C062,P045,S005,1,0.05,Mobile Money,1785.13
T03808,2023-12-02,C129,P024,S005,3,0.15,Mobile Money,3792.9
T03809,2024-12-23,C151,P022,S005,5,0.05,Cash,121.46
T03810,2023-10-07,C079,P036,S003,4,0.05,Mobile Money,5705.55
T03811,2025-07-04,C027,P046,S003,4,0.05,Bank Transfer,4428.41
T03812,2024-10-15,C097,P011,S002,1,0.0,Mobile Money,248.57
T03813,2024-01-19,C182,P048,S003,2,0.1,Credit Card,2189.45
T03814,2023-11-30,C053,P005,S005,2,0.15,Credit Card,2373.57
T03815,2023-09-11,C134,P007,S002,2,0.0,Credit Card,2948.24
T03816,2024-04-07,C029,P042,S005,4,0.0,Mobile Money,1814.48
T03817,2024-07-09,C041,P004,S005,2,0.05,Cash,3522.16
T03818,2024-05-17,C183,P049,S005,5,0.05,Credit Card,1844.24
T03819,2023-09-23,C038,P045,S001,1,0.0,Cash,1879.08
T03820,2025-02-05,C048,P029,S002,2,0.0,Cash,2970.1
T03821,2024-04-16,C017,P002,S005,4,0.15,Mobile Money,2783.78
T03822,2023-09-15,C098,P024,S001,1,0.0,Mobile Money,1487.41
T03823,2024-09-27,C184,P042,S004,1,0.0,Cash,453.62
T03824,2024-07-03,C076,P003,S002,3,0.15,Cash,860.96
T03825,2025-04-27,C074,P013,S001,2,0.1,Bank Transfer,2042.64
T03826,2024-10-24,C167,P008,S002,1,0.0,Mobile Money,109.78
T03827,2025-03-26,C071,P015,S004,5,0.05,Credit Card,1284.64
T03828,2023-10-20,C081,P010,S003,4,0.1,Cash,4298.83
T03829,2025-02-15,C009,P050,S001,2,0.0,Mobile Money,2089.28
T03830,2024-05-27,C193,P015,S004,2,0.0,Bank Transfer,540.9
T03831,2025-07-07,C072,P004,S003,5,0.15,Mobile Money,7878.52
T03832,2023-10-30,C020,P039,S003,1,0.0,Mobile Money,540.94
T03833,2024-08-19,C111,P021,S004,4,0.1,Cash,4418.06
T03834,2023-09-14,C019,P032,S001,4,0.1,Bank Transfer,1096.96
T03835,2024-01-14,C023,P036,S001,2,0.1,Cash,2702.63
T03836,2024-11-28,C115,P013,S005,3,0.0,Mobile Money,3404.4
T03837,2024-10-06,C158,P014,S005,3,0.15,Cash,3424.01
T03838,2025-01-16,C134,P037,S005,1,0.1,Credit Card,1757.39
T03839,2025-04-06,C111,P026,S004,5,0.05,Bank Transfer,4824.86
T03840,2025-08-09,C142,P023,S002,4,0.15,Credit Card,6386.8
T03841,2024-06-10,C100,P001,S005,4,0.0,Credit Card,6694.76
T03842,2024-05-13,C139,P038,S004,5,0.0,Mobile Money,1834.65
T03843,2024-01-30,C136,P031,S004,5,0.0,Bank Transfer,5478.6
T03844,2024-06-17,C008,P032,S003,5,0.15,Credit Card,1295.02
T03845,2024-09-05,C093,P019,S004,1,0.15,Mobile Money,1498.48
T03846,2025-07-09,C006,P021,S005,2,0.05,Cash,2331.76
T03847,2025-01-09,C023,P049,S002,4,0.1,Mobile Money,1397.74
T03848,2023-11-07,C162,P027,S005,5,0.05,Mobile Money,6043.09
T03849,2025-03-29,C004,P030,S003,1,0.0,Bank Transfer,29.24
T03850,2024-03-14,C036,P047,S001,4,0.1,Bank Transfer,4309.85
T03851,2025-01-20,C131,P030,S003,1,0.15,Mobile Money,24.85
T03852,2024-02-01,C117,P023,S003,1,0.05,Mobile Money,1784.55
T03853,2025-07-31,C076,P027,S004,5,0.05,Cash,6043.09
T03854,2024-02-27,C025,P040,S005,5,0.05,Bank Transfer,8291.65
T03855,2025-01-04,C024,P029,S005,5,0.15,Credit Card,6311.46
T03856,2025-06-08,C112,P030,S003,2,0.05,Credit Card,55.56
T03857,2024-04-08,C155,P020,S004,3,0.0,Mobile Money,971.76
T03858,2024-10-23,C014,P008,S003,3,0.1,Credit Card,296.41
T03859,2025-05-08,C027,P045,S005,3,0.1,Bank Transfer,5073.52
T03860,2024-01-27,C125,P039,S001,3,0.15,Credit Card,1379.4
T03861,2024-11-17,C001,P009,S005,2,0.05,Bank Transfer,234.06
T03862,2025-05-03,C128,P035,S001,5,0.0,Cash,7812.15
T03863,2024-10-10,C017,P012,S004,2,0.1,Mobile Money,2147.56
T03864,2024-03-31,C071,P009,S001,4,0.05,Credit Card,468.12
T03865,2023-12-02,C035,P020,S003,4,0.05,Credit Card,1230.9
T03866,2024-09-17,C144,P010,S005,3,0.1,Cash,3224.12
T03867,2024-11-19,C015,P005,S001,4,0.05,Credit Card,5305.64
T03868,2023-12-19,C177,P046,S003,4,0.05,Cash,4428.41
T03869,2025-03-31,C035,P010,S004,1,0.15,Bank Transfer,1015.0
T03870,2024-03-25,C002,P049,S004,1,0.0,Bank Transfer,388.26
T03871,2025-07-16,C144,P023,S001,1,0.0,Bank Transfer,1878.47
T03872,2025-09-01,C001,P012,S005,2,0.15,Cash,2028.25
T03873,2025-05-10,C169,P029,S001,3,0.05,Mobile Money,4232.39
T03874,2025-06-29,C021,P010,S001,3,0.05,Mobile Money,3403.24
T03875,2024-12-15,C014,P014,S005,2,0.05,Cash,2551.22
T03876,2024-12-29,C009,P041,S004,1,0.15,Bank Transfer,1389.76
T03877,2024-09-06,C175,P010,S001,1,0.15,Bank Transfer,1015.0
T03878,2025-06-15,C180,P036,S001,5,0.1,Bank Transfer,6756.57
T03879,2024-07-30,C179,P017,S003,2,0.05,Mobile Money,2367.61
T03880,2023-10-11,C106,P034,S005,5,0.05,Mobile Money,2033.24
T03881,2024-11-30,C089,P019,S002,5,0.1,Bank Transfer,7933.14
T03882,2024-07-16,C121,P008,S001,4,0.0,Credit Card,439.12
T03883,2024-10-05,C122,P036,S002,3,0.0,Credit Card,4504.38
T03884,2024-05-07,C198,P043,S001,1,0.1,Bank Transfer,507.98
T03885,2023-10-03,C012,P024,S002,3,0.15,Credit Card,3792.9
T03886,2024-10-03,C176,P042,S002,1,0.15,Bank Transfer,385.58
T03887,2024-04-11,C055,P044,S003,4,0.1,Credit Card,4631.58
T03888,2024-04-03,C087,P021,S002,4,0.0,Mobile Money,4908.96
T03889,2025-03-23,C070,P010,S005,4,0.0,Mobile Money,4776.48
T03890,2025-01-13,C115,P001,S002,5,0.05,Bank Transfer,7950.03
T03891,2025-03-02,C077,P018,S005,5,0.05,Bank Transfer,5129.48
T03892,2024-05-21,C046,P039,S003,2,0.15,Bank Transfer,919.6
T03893,2024-05-23,C104,P025,S002,5,0.0,Bank Transfer,2145.75
T03894,2025-02-22,C086,P032,S001,4,0.15,Bank Transfer,1036.01
T03895,2025-06-28,C181,P028,S001,4,0.1,Mobile Money,2425.61
T03896,2024-12-28,C159,P016,S003,3,0.0,Bank Transfer,5576.25
T03897,2024-02-16,C102,P022,S002,2,0.05,Cash,48.58
T03898,2024-06-13,C153,P045,S001,5,0.1,Bank Transfer,8455.86
T03899,2025-08-11,C028,P037,S001,4,0.1,Cash,7029.54
T03900,2025-08-24,C171,P009,S005,1,0.05,Cash,117.03
T03901,2025-04-09,C022,P006,S001,4,0.15,Cash,1081.37
T03902,2025-02-12,C154,P021,S001,2,0.1,Bank Transfer,2209.03
T03903,2024-04-11,C181,P013,S004,4,0.0,Credit Card,4539.2
T03904,2023-12-26,C044,P045,S001,4,0.1,Credit Card,6764.69
T03905,2025-06-28,C081,P029,S003,1,0.05,Cash,1410.8
T03906,2024-11-05,C022,P021,S002,2,0.15,Bank Transfer,2086.31
T03907,2023-10-12,C145,P034,S003,1,0.0,Credit Card,428.05
T03908,2024-07-08,C107,P011,S001,1,0.1,Cash,223.71
T03909,2023-12-02,C087,P035,S002,2,0.1,Bank Transfer,2812.37
T03910,2024-08-12,C113,P028,S005,3,0.0,Mobile Money,2021.34
T03911,2024-01-29,C073,P035,S001,4,0.0,Mobile Money,6249.72
T03912,2024-11-30,C181,P024,S002,2,0.15,Cash,2528.6
T03913,2024-03-03,C091,P003,S005,3,0.0,Credit Card,1012.89
T03914,2024-07-20,C171,P023,S001,1,0.0,Mobile Money,1878.47
T03915,2023-12-09,C074,P024,S005,2,0.1,Cash,2677.34
T03916,2025-02-20,C053,P033,S005,1,0.0,Bank Transfer,1798.97
T03917,2023-09-28,C090,P012,S002,1,0.05,Mobile Money,1133.44
T03918,2025-04-02,C012,P050,S005,5,0.1,Cash,4700.88
T03919,2024-11-22,C019,P028,S005,3,0.0,Credit Card,2021.34
T03920,2025-08-02,C168,P025,S003,5,0.05,Bank Transfer,2038.46
T03921,2025-01-06,C089,P038,S002,3,0.1,Credit Card,990.71
T03922,2024-11-19,C012,P031,S003,4,0.0,Cash,4382.88
T03923,2023-10-06,C016,P017,S004,4,0.0,Cash,4984.44
T03924,2025-01-07,C102,P002,S005,4,0.0,Cash,3275.04
T03925,2024-04-05,C140,P033,S004,4,0.15,Bank Transfer,6116.5
T03926,2024-04-19,C012,P012,S002,4,0.1,Credit Card,4295.12
T03927,2025-08-15,C184,P016,S002,2,0.1,Bank Transfer,3345.75
T03928,2025-06-23,C149,P004,S003,2,0.0,Cash,3707.54
T03929,2023-11-05,C101,P010,S004,4,0.15,Credit Card,4060.01
T03930,2023-12-21,C086,P043,S003,1,0.05,Credit Card,536.2
T03931,2025-03-03,C163,P036,S003,1,0.0,Mobile Money,1501.46
T03932,2025-08-15,C055,P037,S004,3,0.1,Credit Card,5272.16
T03933,2024-04-01,C101,P026,S002,3,0.0,Mobile Money,3047.28
T03934,2025-05-15,C138,P042,S003,2,0.0,Credit Card,907.24
T03935,2024-02-06,C170,P030,S005,2,0.05,Credit Card,55.56
T03936,2025-02-17,C079,P050,S003,1,0.0,Cash,1044.64
T03937,2023-11-09,C189,P015,S001,5,0.0,Mobile Money,1352.25
T03938,2024-11-26,C174,P032,S001,3,0.05,Cash,868.42
T03939,2025-01-09,C164,P018,S005,5,0.15,Bank Transfer,4589.53
T03940,2024-08-12,C063,P030,S001,2,0.0,Cash,58.48
T03941,2024-02-11,C099,P045,S004,4,0.05,Credit Card,7140.5
T03942,2025-02-21,C158,P001,S001,3,0.1,Mobile Money,4518.96
T03943,2024-12-10,C086,P024,S005,5,0.15,Bank Transfer,6321.49
T03944,2025-02-13,C145,P033,S002,1,0.05,Mobile Money,1709.02
T03945,2024-01-14,C080,P019,S002,4,0.0,Credit Card,7051.68
T03946,2023-11-16,C062,P034,S004,2,0.0,Credit Card,856.1
T03947,2024-02-22,C118,P032,S003,3,0.05,Cash,868.42
T03948,2024-07-23,C066,P032,S004,4,0.0,Credit Card,1218.84
T03949,2024-06-13,C001,P025,S004,1,0.0,Bank Transfer,429.15
T03950,2024-01-02,C042,P050,S002,5,0.0,Credit Card,5223.2
T03951,2023-12-09,C049,P039,S004,2,0.0,Credit Card,1081.88
T03952,2025-02-08,C018,P041,S003,5,0.0,Mobile Money,8175.05
T03953,2023-10-14,C186,P003,S001,3,0.0,Mobile Money,1012.89
T03954,2023-11-02,C028,P042,S001,5,0.15,Credit Card,1927.88
T03955,2024-12-07,C138,P032,S003,3,0.0,Bank Transfer,914.13
T03956,2024-11-06,C146,P049,S004,4,0.05,Cash,1475.39
T03957,2025-01-20,C098,P018,S005,5,0.0,Cash,5399.45
T03958,2025-04-20,C193,P013,S003,2,0.15,Credit Card,1929.16
T03959,2024-12-16,C018,P026,S005,4,0.05,Mobile Money,3859.89
T03960,2024-02-20,C045,P028,S005,3,0.1,Bank Transfer,1819.21
T03961,2023-12-11,C014,P012,S001,5,0.05,Credit Card,5667.18
T03962,2024-02-01,C185,P027,S004,2,0.0,Cash,2544.46
T03963,2024-06-11,C046,P005,S005,2,0.1,Credit Card,2513.2
T03964,2024-07-31,C161,P016,S002,2,0.05,Cash,3531.62
T03965,2024-10-18,C065,P023,S001,3,0.1,Mobile Money,5071.87
T03966,2024-07-06,C072,P024,S002,2,0.0,Cash,2974.82
T03967,2024-10-10,C108,P004,S003,5,0.05,Cash,8805.41
T03968,2025-04-25,C173,P003,S002,1,0.05,Cash,320.75
T03969,2023-11-29,C163,P026,S002,1,0.1,Credit Card,914.18
T03970,2024-04-03,C057,P027,S002,2,0.15,Mobile Money,2162.79
T03971,2023-12-14,C092,P029,S002,1,0.05,Bank Transfer,1410.8
T03972,2025-07-15,C184,P023,S002,1,0.05,Cash,1784.55
T03973,2024-09-09,C107,P045,S003,1,0.15,Bank Transfer,1597.22
T03974,2023-12-09,C102,P014,S002,1,0.0,Bank Transfer,1342.75
T03975,2025-05-14,C184,P020,S005,2,0.15,Mobile Money,550.66
T03976,2025-07-03,C118,P036,S003,4,0.0,Credit Card,6005.84
T03977,2024-05-26,C034,P040,S001,1,0.05,Cash,1658.33
T03978,2025-02-13,C107,P017,S001,4,0.1,Mobile Money,4486.0
T03979,2024-02-17,C156,P019,S001,2,0.05,Cash,3349.55
T03980,2025-02-24,C008,P035,S003,2,0.1,Cash,2812.37
T03981,2024-09-25,C159,P031,S004,4,0.05,Credit Card,4163.74
T03982,2024-06-19,C146,P013,S001,2,0.0,Mobile Money,2269.6
T03983,2025-04-25,C125,P019,S001,5,0.0,Bank Transfer,8814.6
T03984,2024-02-14,C104,P039,S005,3,0.15,Mobile Money,1379.4
T03985,2023-09-17,C118,P015,S001,4,0.05,Mobile Money,1027.71
T03986,2024-07-07,C040,P024,S001,5,0.15,Bank Transfer,6321.49
T03987,2025-02-20,C093,P041,S001,3,0.1,Bank Transfer,4414.53
T03988,2024-10-05,C077,P037,S001,4,0.15,Mobile Money,6639.01
T03989,2025-07-31,C051,P041,S003,5,0.05,Credit Card,7766.3
T03990,2025-03-16,C146,P010,S004,3,0.0,Bank Transfer,3582.36
T03991,2024-03-30,C166,P019,S005,4,0.05,Mobile Money,6699.1
T03992,2025-03-07,C049,P037,S002,2,0.15,Credit Card,3319.5
T03993,2024-04-01,C112,P031,S001,1,0.1,Credit Card,986.15
T03994,2023-10-28,C066,P012,S002,4,0.05,Bank Transfer,4533.74
T03995,2023-12-27,C168,P006,S005,3,0.1,Credit Card,858.74
T03996,2025-02-12,C026,P029,S005,5,0.0,Mobile Money,7425.25
T03997,2024-05-22,C153,P031,S005,1,0.15,Credit Card,931.36
T03998,2024-01-08,C164,P033,S002,3,0.0,Mobile Money,5396.91
T03999,2025-02-03,C068,P014,S002,2,0.1,Credit Card,2416.95
T04000,2025-04-08,C035,P031,S003,4,0.05,Bank Transfer,4163.74
T04001,2024-03-22,C171,P028,S001,3,0.05,Credit Card,1920.27
T04002,2025-07-06,C063,P026,S003,2,0.0,Credit Card,2031.52
T04003,2024-08-13,C020,P008,S001,3,0.15,Mobile Money,279.94
T04004,2024-08-02,C008,P004,S003,3,0.1,Mobile Money,5005.18
T04005,2025-06-03,C200,P014,S004,5,0.1,Mobile Money,6042.38
T04006,2025-04-01,C085,P047,S004,4,0.1,Bank Transfer,4309.85
T04007,2023-12-04,C052,P033,S003,2,0.15,Bank Transfer,3058.25
T04008,2024-06-01,C145,P015,S004,3,0.15,Mobile Money,689.65
T04009,2024-07-14,C187,P037,S005,5,0.15,Cash,8298.76
T04010,2024-08-06,C111,P046,S002,3,0.05,Cash,3321.3
T04011,2024-11-06,C046,P046,S003,3,0.1,Cash,3146.5
T04012,2023-10-19,C138,P018,S001,5,0.1,Bank Transfer,4859.51
T04013,2025-02-13,C131,P043,S001,3,0.05,Mobile Money,1608.6
T04014,2024-05-18,C153,P049,S002,3,0.1,Mobile Money,1048.3
T04015,2024-07-29,C102,P049,S003,4,0.05,Cash,1475.39
T04016,2025-08-25,C062,P009,S001,4,0.1,Credit Card,443.48
T04017,2025-01-02,C062,P040,S003,5,0.0,Bank Transfer,8728.05
T04018,2023-12-04,C047,P024,S004,1,0.1,Cash,1338.67
T04019,2023-11-18,C171,P023,S003,5,0.05,Credit Card,8922.73
T04020,2024-08-06,C041,P017,S004,1,0.1,Bank Transfer,1121.5
T04021,2024-05-30,C080,P032,S002,1,0.15,Mobile Money,259.0
T04022,2024-07-04,C057,P029,S004,2,0.0,Cash,2970.1
T04023,2024-04-16,C008,P025,S005,1,0.15,Bank Transfer,364.78
T04024,2023-09-22,C043,P007,S002,1,0.0,Bank Transfer,1474.12
T04025,2023-11-16,C187,P034,S005,4,0.0,Bank Transfer,1712.2
T04026,2024-11-14,C082,P042,S002,2,0.1,Bank Transfer,816.52
T04027,2024-12-11,C190,P014,S002,4,0.15,Bank Transfer,4565.35
T04028,2025-06-03,C069,P046,S004,1,0.0,Mobile Money,1165.37
T04029,2024-05-01,C050,P036,S002,1,0.15,Bank Transfer,1276.24
T04030,2024-01-21,C190,P040,S002,2,0.15,Mobile Money,2967.54
T04031,2023-11-06,C116,P046,S002,5,0.15,Mobile Money,4952.82
T04032,2025-06-15,C175,P011,S003,4,0.05,Credit Card,944.57
T04033,2024-07-10,C120,P039,S001,1,0.1,Cash,486.85
T04034,2023-09-10,C166,P034,S001,3,0.05,Mobile Money,1219.94
T04035,2025-06-16,C138,P036,S001,1,0.1,Bank Transfer,1351.31
T04036,2025-03-11,C167,P046,S005,1,0.0,Cash,1165.37
T04037,2024-04-14,C039,P017,S004,2,0.05,Cash,2367.61
T04038,2024-11-07,C080,P046,S002,3,0.15,Credit Card,2971.69
T04039,2023-09-22,C031,P043,S004,1,0.1,Credit Card,507.98
T04040,2024-02-20,C147,P016,S001,2,0.15,Cash,3159.88
T04041,2025-01-21,C127,P027,S002,1,0.05,Cash,1208.62
T04042,2025-01-13,C051,P014,S004,5,0.1,Bank Transfer,6042.38
T04043,2023-12-04,C182,P020,S002,5,0.15,Credit Card,1376.66
T04044,2024-02-10,C185,P030,S001,5,0.05,Mobile Money,138.89
T04045,2024-07-06,C064,P030,S003,2,0.1,Bank Transfer,52.63
T04046,2024-10-30,C169,P040,S002,2,0.05,Credit Card,3316.66
T04047,2025-01-10,C039,P030,S004,2,0.05,Credit Card,55.56
T04048,2025-07-06,C001,P004,S003,3,0.15,Credit Card,4727.11
T04049,2025-07-05,C091,P001,S002,2,0.05,Mobile Money,3180.01
T04050,2024-05-20,C110,P049,S001,5,0.1,Cash,1747.17
T04051,2025-04-06,C121,P013,S004,1,0.0,Mobile Money,1134.8
T04052,2025-02-14,C012,P023,S005,2,0.15,Mobile Money,3193.4
T04053,2025-07-13,C031,P036,S005,2,0.05,Mobile Money,2852.77
T04054,2024-09-16,C010,P037,S001,1,0.15,Cash,1659.75
T04055,2024-10-02,C040,P017,S004,1,0.1,Credit Card,1121.5
T04056,2024-10-28,C143,P014,S005,2,0.0,Mobile Money,2685.5
T04057,2025-04-03,C171,P002,S004,3,0.1,Mobile Money,2210.65
T04058,2024-04-05,C123,P001,S002,3,0.15,Bank Transfer,4267.91
T04059,2024-09-03,C034,P014,S002,2,0.05,Credit Card,2551.22
T04060,2024-07-18,C037,P027,S002,5,0.0,Cash,6361.15
T04061,2024-06-21,C194,P034,S005,3,0.1,Credit Card,1155.74
T04062,2024-12-31,C089,P005,S005,5,0.05,Credit Card,6632.04
T04063,2024-12-22,C046,P015,S003,4,0.0,Mobile Money,1081.8
T04064,2023-09-18,C047,P019,S005,3,0.05,Bank Transfer,5024.32
T04065,2023-12-05,C168,P014,S001,4,0.05,Mobile Money,5102.45
T04066,2024-01-04,C063,P011,S001,1,0.0,Bank Transfer,248.57
T04067,2025-02-16,C102,P040,S004,3,0.0,Credit Card,5236.83
T04068,2024-06-06,C002,P006,S004,3,0.05,Bank Transfer,906.44
T04069,2025-02-03,C198,P035,S001,5,0.1,Credit Card,7030.94
T04070,2023-11-08,C004,P037,S001,2,0.15,Credit Card,3319.5
T04071,2023-09-30,C103,P039,S001,5,0.1,Mobile Money,2434.23
T04072,2024-01-27,C059,P040,S005,4,0.1,Mobile Money,6284.2
T04073,2024-01-30,C017,P042,S003,3,0.15,Cash,1156.73
T04074,2023-12-09,C093,P023,S003,3,0.0,Credit Card,5635.41
T04075,2025-05-05,C161,P021,S001,3,0.0,Mobile Money,3681.72
T04076,2024-05-12,C185,P023,S003,1,0.0,Bank Transfer,1878.47
T04077,2025-08-05,C085,P028,S004,3,0.0,Cash,2021.34
T04078,2024-10-29,C148,P006,S004,5,0.05,Bank Transfer,1510.74
T04079,2025-08-24,C116,P016,S005,4,0.1,Credit Card,6691.5
T04080,2024-09-08,C016,P018,S004,1,0.05,Cash,1025.9
T04081,2025-04-10,C065,P022,S002,4,0.05,Cash,97.17
T04082,2024-04-18,C019,P015,S005,4,0.0,Credit Card,1081.8
T04083,2024-02-08,C187,P007,S001,2,0.1,Cash,2653.42
T04084,2023-11-05,C052,P031,S005,2,0.15,Mobile Money,1862.72
T04085,2025-08-24,C119,P014,S005,5,0.15,Mobile Money,5706.69
T04086,2024-11-08,C010,P040,S005,5,0.15,Credit Card,7418.84
T04087,2024-04-26,C019,P047,S002,4,0.15,Mobile Money,4070.41
T04088,2025-05-12,C060,P048,S001,5,0.05,Credit Card,5777.71
T04089,2024-04-01,C113,P049,S004,1,0.15,Bank Transfer,330.02
T04090,2024-04-20,C179,P012,S005,5,0.15,Mobile Money,5070.63
T04091,2025-04-04,C091,P034,S002,2,0.1,Credit Card,770.49
T04092,2024-02-07,C030,P029,S005,1,0.15,Bank Transfer,1262.29
T04093,2023-09-29,C080,P010,S002,1,0.1,Credit Card,1074.71
T04094,2023-09-26,C060,P028,S001,2,0.0,Credit Card,1347.56
T04095,2024-11-22,C031,P030,S005,1,0.1,Cash,26.32
T04096,2023-11-25,C199,P013,S003,4,0.15,Bank Transfer,3858.32
T04097,2025-08-21,C073,P038,S005,4,0.1,Mobile Money,1320.95
T04098,2025-01-12,C002,P028,S001,1,0.05,Mobile Money,640.09
T04099,2025-04-26,C144,P026,S004,4,0.1,Bank Transfer,3656.74
T04100,2024-03-21,C140,P043,S004,4,0.15,Bank Transfer,1919.03
T04101,2025-06-18,C147,P043,S004,5,0.15,Bank Transfer,2398.78
T04102,2025-08-25,C023,P019,S004,2,0.15,Bank Transfer,2996.96
T04103,2024-01-26,C110,P036,S001,3,0.1,Cash,4053.94
T04104,2023-12-15,C006,P014,S004,2,0.1,Bank Transfer,2416.95
T04105,2024-01-26,C179,P022,S002,4,0.05,Cash,97.17
T04106,2025-03-27,C151,P001,S004,3,0.15,Credit Card,4267.91
T04107,2024-05-04,C119,P022,S004,1,0.0,Bank Transfer,25.57
T04108,2024-03-09,C036,P004,S005,4,0.05,Bank Transfer,7044.33
T04109,2025-05-15,C053,P045,S001,3,0.15,Cash,4791.65
T04110,2025-01-13,C046,P024,S003,3,0.0,Credit Card,4462.23
T04111,2023-11-03,C136,P031,S002,4,0.15,Credit Card,3725.45
T04112,2025-05-11,C110,P016,S003,2,0.0,Bank Transfer,3717.5
T04113,2023-12-28,C158,P008,S003,5,0.1,Mobile Money,494.01
T04114,2025-04-17,C090,P001,S003,4,0.15,Credit Card,5690.55
T04115,2024-12-19,C077,P015,S003,3,0.1,Credit Card,730.21
T04116,2023-09-17,C079,P017,S003,1,0.1,Cash,1121.5
T04117,2025-08-14,C102,P038,S005,5,0.05,Credit Card,1742.92
T04118,2023-12-28,C181,P031,S003,3,0.15,Bank Transfer,2794.09
T04119,2025-06-01,C058,P001,S005,3,0.15,Bank Transfer,4267.91
T04120,2023-12-08,C005,P034,S005,5,0.05,Credit Card,2033.24
T04121,2025-01-04,C058,P018,S001,5,0.1,Mobile Money,4859.51
T04122,2025-03-24,C033,P027,S005,4,0.05,Bank Transfer,4834.47
T04123,2024-11-07,C026,P049,S002,2,0.0,Cash,776.52
T04124,2024-04-15,C195,P033,S005,4,0.05,Cash,6836.09
T04125,2025-07-08,C177,P009,S002,1,0.15,Cash,104.71
T04126,2024-05-31,C123,P027,S003,3,0.1,Credit Card,3435.02
T04127,2025-02-22,C074,P015,S004,3,0.1,Mobile Money,730.21
T04128,2024-04-13,C150,P004,S002,2,0.0,Credit Card,3707.54
T04129,2024-11-16,C003,P026,S001,3,0.1,Mobile Money,2742.55
T04130,2024-12-28,C078,P014,S004,1,0.05,Credit Card,1275.61
T04131,2023-10-01,C146,P042,S001,1,0.05,Bank Transfer,430.94
T04132,2025-01-18,C028,P029,S002,1,0.05,Mobile Money,1410.8
T04133,2024-05-29,C086,P033,S004,3,0.15,Credit Card,4587.37
T04134,2024-11-29,C085,P006,S005,3,0.15,Cash,811.03
T04135,2023-12-16,C143,P010,S004,1,0.05,Cash,1134.41
T04136,2023-10-16,C067,P044,S003,5,0.1,Credit Card,5789.48
T04137,2025-06-03,C067,P039,S003,4,0.15,Credit Card,1839.2
T04138,2024-09-13,C022,P030,S001,2,0.1,Cash,52.63
T04139,2023-12-19,C053,P015,S003,2,0.05,Mobile Money,513.85
T04140,2024-06-24,C041,P013,S002,1,0.05,Credit Card,1078.06
T04141,2025-05-15,C080,P010,S004,3,0.05,Bank Transfer,3403.24
T04142,2025-04-18,C105,P024,S002,1,0.0,Bank Transfer,1487.41
T04143,2023-12-24,C060,P008,S004,5,0.15,Mobile Money,466.56
T04144,2024-02-10,C139,P023,S001,1,0.1,Credit Card,1690.62
T04145,2023-10-07,C146,P024,S003,4,0.0,Credit Card,5949.64
T04146,2023-12-07,C168,P035,S001,4,0.15,Bank Transfer,5312.26
T04147,2023-12-04,C017,P012,S004,3,0.05,Cash,3400.31
T04148,2025-04-13,C078,P033,S002,3,0.0,Credit Card,5396.91
T04149,2024-02-03,C059,P001,S005,3,0.0,Credit Card,5021.07
T04150,2024-12-20,C042,P007,S005,5,0.1,Mobile Money,6633.54
T04151,2023-10-03,C101,P001,S003,2,0.15,Bank Transfer,2845.27
T04152,2024-12-24,C187,P011,S002,2,0.05,Credit Card,472.28
T04153,2025-07-05,C134,P046,S002,5,0.05,Cash,5535.51
T04154,2024-04-22,C035,P048,S001,2,0.1,Mobile Money,2189.45
T04155,2025-06-09,C147,P048,S001,2,0.05,Cash,2311.08
T04156,2025-03-06,C059,P039,S001,2,0.05,Bank Transfer,1027.79
T04157,2023-12-26,C105,P010,S004,4,0.0,Cash,4776.48
T04158,2024-03-03,C172,P042,S004,4,0.1,Cash,1633.03
T04159,2025-08-19,C113,P045,S004,2,0.15,Bank Transfer,3194.44
T04160,2023-10-20,C193,P002,S003,2,0.0,Credit Card,1637.52
T04161,2024-09-22,C072,P037,S003,2,0.0,Cash,3905.3
T04162,2025-04-27,C045,P009,S002,5,0.1,Mobile Money,554.36
T04163,2024-03-06,C044,P005,S002,1,0.05,Bank Transfer,1326.41
T04164,2025-07-09,C184,P046,S002,1,0.05,Bank Transfer,1107.1
T04165,2024-10-16,C118,P048,S001,5,0.0,Cash,6081.8
T04166,2024-05-23,C117,P010,S002,2,0.05,Bank Transfer,2268.83
T04167,2025-01-20,C014,P037,S003,1,0.15,Mobile Money,1659.75
T04168,2023-09-22,C067,P043,S005,4,0.0,Mobile Money,2257.68
T04169,2025-05-08,C165,P049,S004,3,0.1,Mobile Money,1048.3
T04170,2025-06-09,C028,P033,S005,5,0.05,Bank Transfer,8545.11
T04171,2023-11-20,C013,P004,S004,3,0.05,Mobile Money,5283.24
T04172,2024-02-20,C040,P022,S004,2,0.1,Cash,46.03
T04173,2024-01-03,C047,P035,S002,3,0.0,Bank Transfer,4687.29
T04174,2025-06-26,C099,P002,S004,5,0.1,Bank Transfer,3684.42
T04175,2025-05-07,C130,P043,S002,2,0.15,Credit Card,959.51
T04176,2024-09-09,C161,P027,S002,4,0.0,Credit Card,5088.92
T04177,2023-09-16,C026,P009,S002,1,0.0,Cash,123.19
T04178,2024-03-24,C031,P024,S005,4,0.0,Credit Card,5949.64
T04179,2025-08-26,C179,P037,S003,5,0.15,Cash,8298.76
T04180,2025-07-27,C172,P031,S001,4,0.0,Mobile Money,4382.88
T04181,2025-01-23,C075,P021,S001,2,0.05,Bank Transfer,2331.76
T04182,2025-04-21,C027,P039,S005,5,0.1,Bank Transfer,2434.23
T04183,2024-06-12,C046,P005,S005,3,0.0,Mobile Money,4188.66
T04184,2023-11-25,C027,P008,S002,2,0.05,Mobile Money,208.58
T04185,2024-04-13,C100,P043,S003,2,0.05,Mobile Money,1072.4
T04186,2023-12-26,C047,P033,S002,1,0.1,Bank Transfer,1619.07
T04187,2024-05-31,C039,P047,S002,1,0.15,Credit Card,1017.6
T04188,2024-05-18,C097,P024,S003,3,0.15,Credit Card,3792.9
T04189,2025-07-15,C050,P037,S001,5,0.05,Credit Card,9275.09
T04190,2024-10-11,C075,P005,S003,3,0.15,Cash,3560.36
T04191,2024-03-04,C079,P037,S005,5,0.15,Bank Transfer,8298.76
T04192,2025-08-15,C004,P039,S003,4,0.0,Credit Card,2163.76
T04193,2023-09-15,C003,P006,S003,5,0.15,Bank Transfer,1351.71
T04194,2025-03-06,C019,P013,S005,3,0.05,Mobile Money,3234.18
T04195,2024-05-06,C128,P041,S003,5,0.05,Mobile Money,7766.3
T04196,2024-04-19,C110,P024,S002,2,0.1,Mobile Money,2677.34
T04197,2025-08-06,C060,P040,S003,2,0.15,Mobile Money,2967.54
T04198,2024-09-18,C122,P020,S003,2,0.05,Bank Transfer,615.45
T04199,2025-08-18,C146,P004,S002,1,0.15,Cash,1575.7
T04200,2024-07-10,C103,P019,S003,5,0.0,Credit Card,8814.6
T04201,2023-11-08,C155,P032,S002,1,0.1,Credit Card,274.24
T04202,2025-06-27,C039,P008,S005,3,0.0,Cash,329.34
T04203,2024-10-13,C083,P041,S004,2,0.0,Credit Card,3270.02
T04204,2024-07-22,C152,P048,S003,3,0.15,Credit Card,3101.72
T04205,2024-05-29,C112,P042,S002,4,0.05,Mobile Money,1723.76
T04206,2024-10-02,C045,P004,S005,3,0.05,Cash,5283.24
T04207,2024-12-05,C111,P044,S004,1,0.1,Bank Transfer,1157.9
T04208,2024-10-05,C160,P028,S005,1,0.1,Cash,606.4
T04209,2025-02-12,C050,P047,S002,1,0.05,Cash,1137.32
T04210,2025-09-09,C012,P036,S003,5,0.05,Credit Card,7131.94
T04211,2025-03-05,C017,P013,S001,2,0.05,Cash,2156.12
T04212,2024-12-19,C045,P023,S001,3,0.1,Cash,5071.87
T04213,2024-03-12,C183,P030,S003,5,0.05,Mobile Money,138.89
T04214,2025-04-29,C140,P033,S004,5,0.15,Mobile Money,7645.62
T04215,2025-04-13,C077,P046,S001,1,0.0,Bank Transfer,1165.37
T04216,2024-05-06,C068,P002,S005,5,0.0,Mobile Money,4093.8
T04217,2024-12-04,C080,P002,S003,2,0.0,Cash,1637.52
T04218,2023-11-29,C100,P050,S002,5,0.15,Mobile Money,4439.72
T04219,2024-11-19,C164,P024,S005,4,0.05,Bank Transfer,5652.16
T04220,2023-12-03,C134,P024,S003,4,0.15,Bank Transfer,5057.19
T04221,2024-04-19,C103,P044,S003,1,0.15,Credit Card,1093.57
T04222,2024-09-30,C056,P018,S003,2,0.0,Credit Card,2159.78
T04223,2023-12-23,C184,P027,S004,2,0.05,Cash,2417.24
T04224,2025-01-24,C050,P017,S002,1,0.1,Cash,1121.5
T04225,2024-03-30,C012,P003,S003,2,0.1,Credit Card,607.73
T04226,2024-12-30,C029,P041,S003,4,0.0,Cash,6540.04
T04227,2024-11-13,C121,P002,S005,4,0.05,Mobile Money,3111.29
T04228,2024-06-27,C151,P048,S005,5,0.1,Cash,5473.62
T04229,2023-12-04,C167,P019,S002,5,0.05,Cash,8373.87
T04230,2023-10-13,C189,P041,S005,1,0.0,Credit Card,1635.01
T04231,2024-11-22,C111,P009,S004,4,0.0,Credit Card,492.76
T04232,2025-03-15,C181,P031,S001,1,0.0,Bank Transfer,1095.72
T04233,2025-02-14,C051,P033,S002,5,0.1,Credit Card,8095.37
T04234,2024-05-08,C140,P044,S004,2,0.0,Cash,2573.1
T04235,2025-07-09,C083,P028,S001,3,0.05,Bank Transfer,1920.27
T04236,2025-01-27,C063,P022,S005,2,0.0,Bank Transfer,51.14
T04237,2023-10-14,C142,P014,S002,4,0.05,Cash,5102.45
T04238,2024-01-12,C016,P003,S004,4,0.15,Credit Card,1147.94
T04239,2025-03-05,C118,P037,S004,2,0.05,Credit Card,3710.04
T04240,2025-09-08,C143,P027,S002,5,0.15,Credit Card,5406.98
T04241,2024-12-30,C055,P012,S004,4,0.0,Bank Transfer,4772.36
T04242,2024-11-08,C163,P021,S001,5,0.15,Credit Card,5215.77
T04243,2024-02-10,C102,P016,S004,1,0.05,Mobile Money,1765.81
T04244,2024-01-29,C142,P031,S003,1,0.0,Cash,1095.72
T04245,2024-12-05,C049,P020,S002,5,0.05,Credit Card,1538.62
T04246,2025-04-17,C058,P008,S005,2,0.0,Credit Card,219.56
T04247,2024-12-15,C090,P017,S002,4,0.0,Mobile Money,4984.44
T04248,2024-12-05,C084,P041,S001,4,0.15,Mobile Money,5559.03
T04249,2025-02-04,C099,P040,S001,1,0.15,Bank Transfer,1483.77
T04250,2025-06-05,C149,P032,S002,1,0.0,Bank Transfer,304.71
T04251,2024-11-20,C064,P037,S001,5,0.05,Mobile Money,9275.09
T04252,2023-11-22,C156,P041,S004,4,0.0,Mobile Money,6540.04
T04253,2025-03-12,C129,P018,S001,3,0.15,Credit Card,2753.72
T04254,2024-04-03,C139,P012,S003,3,0.15,Credit Card,3042.38
T04255,2025-01-25,C189,P043,S001,2,0.15,Mobile Money,959.51
T04256,2025-06-30,C095,P009,S004,5,0.15,Credit Card,523.56
T04257,2024-10-24,C157,P047,S003,5,0.0,Credit Card,5985.9
T04258,2024-08-13,C083,P008,S004,2,0.1,Credit Card,197.6
T04259,2024-07-13,C088,P021,S003,2,0.1,Mobile Money,2209.03
T04260,2024-07-06,C161,P026,S001,4,0.1,Credit Card,3656.74
T04261,2025-05-10,C149,P016,S005,1,0.15,Bank Transfer,1579.94
T04262,2024-11-01,C161,P020,S004,2,0.15,Mobile Money,550.66
T04263,2023-10-07,C152,P028,S003,1,0.15,Mobile Money,572.71
T04264,2024-09-13,C125,P041,S001,5,0.0,Mobile Money,8175.05
T04265,2024-08-04,C079,P004,S004,3,0.1,Bank Transfer,5005.18
T04266,2025-03-02,C104,P046,S003,1,0.05,Bank Transfer,1107.1
T04267,2023-09-27,C029,P037,S004,4,0.05,Bank Transfer,7420.07
T04268,2023-09-20,C118,P005,S005,3,0.05,Mobile Money,3979.23
T04269,2024-11-03,C188,P043,S005,5,0.0,Mobile Money,2822.1
T04270,2024-05-23,C075,P038,S005,5,0.0,Bank Transfer,1834.65
T04271,2025-02-03,C075,P026,S003,1,0.05,Mobile Money,964.97
T04272,2024-08-22,C003,P010,S003,2,0.0,Cash,2388.24
T04273,2024-10-29,C042,P010,S004,2,0.15,Cash,2030.0
T04274,2024-03-29,C102,P012,S004,3,0.0,Cash,3579.27
T04275,2024-10-30,C140,P027,S002,3,0.1,Bank Transfer,3435.02
T04276,2024-04-22,C134,P033,S001,2,0.0,Credit Card,3597.94
T04277,2024-12-27,C171,P003,S001,3,0.15,Bank Transfer,860.96
T04278,2023-10-15,C171,P022,S005,5,0.05,Mobile Money,121.46
T04279,2024-12-02,C068,P039,S001,5,0.1,Mobile Money,2434.23
T04280,2025-05-19,C061,P033,S001,2,0.15,Bank Transfer,3058.25
T04281,2025-07-25,C004,P041,S001,1,0.05,Cash,1553.26
T04282,2025-04-08,C174,P047,S003,4,0.15,Cash,4070.41
T04283,2024-02-17,C152,P048,S005,3,0.05,Cash,3466.63
T04284,2025-01-06,C092,P035,S004,3,0.0,Bank Transfer,4687.29
T04285,2025-08-15,C197,P027,S005,2,0.15,Bank Transfer,2162.79
T04286,2023-10-22,C111,P042,S004,5,0.0,Mobile Money,2268.1
T04287,2025-05-30,C185,P028,S001,1,0.15,Credit Card,572.71
T04288,2024-09-09,C107,P015,S001,1,0.0,Credit Card,270.45
T04289,2023-10-15,C110,P020,S003,1,0.0,Credit Card,323.92
T04290,2024-01-07,C070,P033,S003,3,0.1,Credit Card,4857.22
T04291,2024-09-06,C154,P029,S005,1,0.15,Mobile Money,1262.29
T04292,2024-10-26,C071,P039,S003,4,0.15,Bank Transfer,1839.2
T04293,2025-03-13,C043,P021,S003,1,0.15,Credit Card,1043.15
T04294,2024-05-12,C200,P041,S002,1,0.1,Bank Transfer,1471.51
T04295,2025-03-24,C157,P012,S005,4,0.15,Credit Card,4056.51
T04296,2025-07-06,C081,P026,S004,2,0.05,Credit Card,1929.94
T04297,2023-12-02,C032,P020,S005,1,0.1,Credit Card,291.53
T04298,2025-04-26,C056,P033,S003,4,0.0,Bank Transfer,7195.88
T04299,2023-11-10,C128,P042,S003,4,0.15,Bank Transfer,1542.31
T04300,2023-09-22,C139,P005,S003,3,0.1,Credit Card,3769.79
T04301,2024-02-25,C154,P036,S004,3,0.05,Cash,4279.16
T04302,2024-04-01,C060,P036,S005,2,0.1,Cash,2702.63
T04303,2025-06-01,C126,P001,S001,2,0.1,Bank Transfer,3012.64
T04304,2024-09-13,C187,P012,S003,2,0.0,Credit Card,2386.18
T04305,2024-07-15,C180,P002,S005,1,0.0,Credit Card,818.76
T04306,2025-07-05,C101,P004,S002,2,0.0,Cash,3707.54
T04307,2024-09-05,C184,P012,S004,2,0.05,Mobile Money,2266.87
T04308,2024-05-29,C127,P005,S002,4,0.1,Credit Card,5026.39
T04309,2025-01-06,C159,P013,S003,5,0.1,Bank Transfer,5106.6
T04310,2024-06-22,C142,P046,S003,2,0.05,Bank Transfer,2214.2
T04311,2025-07-05,C044,P041,S003,2,0.1,Cash,2943.02
T04312,2024-12-22,C104,P019,S001,5,0.1,Mobile Money,7933.14
T04313,2024-04-26,C095,P026,S005,1,0.15,Cash,863.4
T04314,2024-01-04,C015,P008,S003,1,0.0,Bank Transfer,109.78
T04315,2023-12-19,C079,P029,S005,1,0.1,Mobile Money,1336.54
T04316,2023-10-29,C117,P040,S003,3,0.15,Credit Card,4451.31
T04317,2024-03-28,C196,P008,S003,2,0.1,Credit Card,197.6
T04318,2023-10-01,C077,P048,S004,5,0.1,Cash,5473.62
T04319,2024-12-10,C119,P035,S001,3,0.1,Mobile Money,4218.56
T04320,2024-06-01,C052,P010,S003,3,0.05,Cash,3403.24
T04321,2024-12-02,C086,P032,S002,4,0.0,Credit Card,1218.84
T04322,2023-10-18,C050,P045,S001,5,0.05,Mobile Money,8925.63
T04323,2025-03-16,C022,P035,S001,2,0.05,Credit Card,2968.62
T04324,2024-01-20,C110,P045,S001,5,0.15,Credit Card,7986.09
T04325,2023-12-20,C143,P028,S001,3,0.05,Mobile Money,1920.27
T04326,2024-01-11,C140,P006,S004,2,0.0,Bank Transfer,636.1
T04327,2023-09-18,C143,P008,S004,2,0.1,Cash,197.6
T04328,2024-07-22,C081,P039,S002,1,0.15,Bank Transfer,459.8
T04329,2024-05-05,C105,P004,S003,2,0.1,Credit Card,3336.79
T04330,2024-12-02,C124,P047,S005,1,0.0,Cash,1197.18
T04331,2024-08-14,C092,P016,S004,4,0.05,Bank Transfer,7063.25
T04332,2024-11-22,C072,P019,S004,4,0.0,Mobile Money,7051.68
T04333,2024-07-04,C114,P012,S004,2,0.15,Cash,2028.25
T04334,2024-03-11,C080,P010,S002,2,0.15,Credit Card,2030.0
T04335,2025-05-27,C151,P041,S005,5,0.1,Mobile Money,7357.54
T04336,2025-08-29,C162,P024,S004,3,0.1,Cash,4016.01
T04337,2024-02-16,C157,P044,S005,5,0.0,Cash,6432.75
T04338,2024-05-25,C029,P008,S001,5,0.1,Mobile Money,494.01
T04339,2024-11-04,C059,P018,S005,1,0.05,Bank Transfer,1025.9
T04340,2024-12-29,C042,P048,S001,1,0.15,Bank Transfer,1033.91
T04341,2024-05-01,C074,P007,S002,3,0.15,Bank Transfer,3759.01
T04342,2024-11-02,C189,P012,S005,5,0.1,Mobile Money,5368.9
T04343,2024-07-27,C150,P012,S003,4,0.05,Bank Transfer,4533.74
T04344,2025-04-01,C199,P003,S004,3,0.1,Credit Card,911.6
T04345,2024-05-12,C133,P045,S001,5,0.0,Credit Card,9395.4
T04346,2025-04-09,C037,P006,S001,4,0.15,Cash,1081.37
T04347,2025-02-08,C036,P019,S003,5,0.05,Mobile Money,8373.87
T04348,2024-04-01,C021,P025,S004,1,0.1,Bank Transfer,386.24
T04349,2023-10-24,C068,P018,S003,1,0.1,Credit Card,971.9
T04350,2023-09-17,C109,P044,S004,2,0.15,Cash,2187.13
T04351,2025-06-28,C022,P013,S002,2,0.0,Credit Card,2269.6
T04352,2024-05-05,C136,P003,S005,3,0.15,Cash,860.96
T04353,2023-11-19,C199,P034,S001,5,0.05,Mobile Money,2033.24
T04354,2024-10-22,C138,P020,S001,3,0.1,Cash,874.58
T04355,2023-12-21,C006,P018,S005,5,0.05,Cash,5129.48
T04356,2024-11-20,C114,P021,S004,5,0.0,Bank Transfer,6136.2
T04357,2024-07-12,C081,P034,S002,5,0.15,Mobile Money,1819.21
T04358,2025-07-06,C150,P017,S002,2,0.1,Cash,2243.0
T04359,2024-12-04,C161,P034,S003,5,0.0,Mobile Money,2140.25
T04360,2023-11-20,C192,P027,S001,3,0.05,Credit Card,3625.86
T04361,2025-05-13,C173,P049,S004,1,0.0,Cash,388.26
T04362,2024-04-22,C148,P026,S002,5,0.0,Cash,5078.8
T04363,2024-11-13,C064,P015,S005,2,0.15,Bank Transfer,459.76
T04364,2024-08-26,C035,P040,S003,3,0.0,Credit Card,5236.83
T04365,2024-12-09,C186,P035,S004,1,0.0,Bank Transfer,1562.43
T04366,2024-11-09,C137,P008,S001,5,0.0,Cash,548.9
T04367,2024-12-17,C073,P045,S003,1,0.05,Bank Transfer,1785.13
T04368,2025-09-02,C055,P027,S004,2,0.15,Cash,2162.79
T04369,2024-05-17,C088,P047,S005,4,0.05,Mobile Money,4549.28
T04370,2025-03-14,C194,P019,S004,2,0.15,Cash,2996.96
T04371,2024-09-13,C056,P050,S003,5,0.15,Credit Card,4439.72
T04372,2024-06-05,C054,P008,S003,2,0.0,Cash,219.56
T04373,2023-12-03,C161,P013,S003,5,0.1,Mobile Money,5106.6
T04374,2024-08-13,C024,P037,S003,3,0.15,Credit Card,4979.26
T04375,2025-08-10,C023,P034,S003,4,0.15,Credit Card,1455.37
T04376,2025-06-19,C150,P023,S004,5,0.05,Bank Transfer,8922.73
T04377,2024-12-25,C089,P042,S001,1,0.15,Bank Transfer,385.58
T04378,2024-08-17,C064,P048,S004,5,0.0,Credit Card,6081.8
T04379,2025-01-05,C131,P030,S002,4,0.15,Credit Card,99.42
T04380,2024-09-11,C117,P017,S001,2,0.15,Mobile Money,2118.39
T04381,2024-06-15,C105,P012,S001,3,0.05,Bank Transfer,3400.31
T04382,2023-10-01,C046,P039,S005,1,0.15,Bank Transfer,459.8
T04383,2023-10-21,C066,P033,S001,4,0.0,Cash,7195.88
T04384,2025-02-23,C027,P013,S005,4,0.1,Credit Card,4085.28
T04385,2024-04-30,C086,P040,S005,3,0.15,Bank Transfer,4451.31
T04386,2024-09-06,C011,P043,S003,1,0.0,Credit Card,564.42
T04387,2024-07-13,C172,P002,S005,5,0.0,Credit Card,4093.8
T04388,2025-02-17,C126,P028,S002,1,0.1,Credit Card,606.4
T04389,2023-12-11,C125,P012,S004,2,0.15,Credit Card,2028.25
T04390,2024-10-18,C131,P006,S001,3,0.1,Bank Transfer,858.74
T04391,2024-04-05,C117,P015,S001,5,0.05,Bank Transfer,1284.64
T04392,2025-06-25,C055,P034,S001,5,0.15,Cash,1819.21
T04393,2023-10-28,C108,P009,S004,4,0.1,Cash,443.48
T04394,2024-06-11,C146,P035,S002,2,0.1,Mobile Money,2812.37
T04395,2024-09-28,C196,P030,S003,3,0.1,Cash,78.95
T04396,2025-08-08,C181,P034,S002,3,0.15,Credit Card,1091.53
T04397,2025-02-28,C126,P022,S001,4,0.1,Credit Card,92.05
T04398,2025-08-29,C006,P011,S004,5,0.0,Cash,1242.85
T04399,2025-02-07,C194,P013,S004,3,0.0,Credit Card,3404.4
T04400,2025-06-15,C079,P047,S002,5,0.0,Mobile Money,5985.9
T04401,2025-02-25,C053,P045,S005,4,0.15,Bank Transfer,6388.87
T04402,2024-11-09,C132,P016,S002,2,0.05,Mobile Money,3531.62
T04403,2025-04-26,C073,P027,S004,4,0.0,Bank Transfer,5088.92
T04404,2024-02-20,C025,P033,S002,1,0.0,Cash,1798.97
T04405,2023-10-18,C090,P002,S002,5,0.15,Cash,3479.73
T04406,2024-10-06,C048,P008,S005,2,0.15,Credit Card,186.63
T04407,2024-10-24,C090,P009,S003,2,0.0,Bank Transfer,246.38
T04408,2025-06-22,C018,P017,S002,2,0.0,Cash,2492.22
T04409,2024-12-26,C186,P018,S003,4,0.15,Credit Card,3671.63
T04410,2024-10-05,C002,P029,S003,3,0.0,Cash,4455.15
T04411,2025-04-01,C015,P015,S004,5,0.1,Cash,1217.03
T04412,2025-09-05,C145,P027,S002,2,0.1,Bank Transfer,2290.01
T04413,2023-12-31,C200,P008,S002,5,0.0,Cash,548.9
T04414,2025-02-13,C160,P004,S004,5,0.1,Cash,8341.96
T04415,2024-09-03,C163,P020,S002,2,0.1,Mobile Money,583.06
T04416,2023-11-19,C008,P003,S005,5,0.15,Credit Card,1434.93
T04417,2024-08-21,C191,P001,S004,3,0.15,Credit Card,4267.91
T04418,2024-05-28,C047,P028,S002,3,0.0,Mobile Money,2021.34
T04419,2024-11-04,C077,P004,S002,2,0.1,Cash,3336.79
T04420,2025-04-26,C068,P035,S002,2,0.15,Cash,2656.13
T04421,2023-12-11,C028,P029,S005,5,0.0,Cash,7425.25
T04422,2025-02-02,C050,P021,S003,4,0.15,Cash,4172.62
T04423,2025-06-28,C177,P039,S004,2,0.0,Mobile Money,1081.88
T04424,2025-08-04,C004,P050,S002,5,0.15,Mobile Money,4439.72
T04425,2024-11-15,C178,P033,S002,1,0.05,Cash,1709.02
T04426,2025-08-11,C009,P006,S005,3,0.05,Mobile Money,906.44
T04427,2024-11-15,C107,P028,S002,1,0.1,Credit Card,606.4
T04428,2024-02-11,C105,P013,S005,5,0.0,Cash,5674.0
T04429,2024-11-21,C087,P050,S004,4,0.1,Cash,3760.7
T04430,2025-08-26,C016,P009,S001,4,0.05,Credit Card,468.12
T04431,2023-12-15,C086,P028,S005,1,0.0,Mobile Money,673.78
T04432,2024-06-26,C056,P042,S005,4,0.0,Credit Card,1814.48
T04433,2024-08-08,C193,P040,S001,4,0.05,Credit Card,6633.32
T04434,2024-08-26,C024,P031,S001,2,0.15,Cash,1862.72
T04435,2025-08-26,C191,P016,S005,4,0.0,Mobile Money,7435.0
T04436,2023-12-15,C127,P003,S002,2,0.0,Cash,675.26
T04437,2024-06-20,C065,P004,S003,3,0.15,Cash,4727.11
T04438,2024-06-29,C127,P017,S001,5,0.05,Cash,5919.02
T04439,2025-05-13,C122,P027,S001,4,0.1,Bank Transfer,4580.03
T04440,2025-06-17,C063,P045,S004,1,0.05,Credit Card,1785.13
T04441,2023-12-18,C195,P010,S003,3,0.05,Credit Card,3403.24
T04442,2024-08-17,C093,P041,S002,1,0.15,Cash,1389.76
T04443,2023-12-23,C037,P039,S003,2,0.05,Bank Transfer,1027.79
T04444,2023-11-19,C194,P008,S001,2,0.0,Bank Transfer,219.56
T04445,2024-11-03,C079,P049,S004,4,0.05,Mobile Money,1475.39
T04446,2024-01-31,C158,P043,S001,2,0.05,Mobile Money,1072.4
T04447,2025-04-11,C165,P049,S003,3,0.0,Credit Card,1164.78
T04448,2024-04-10,C034,P014,S004,4,0.0,Mobile Money,5371.0
T04449,2024-05-22,C155,P032,S003,5,0.0,Credit Card,1523.55
T04450,2024-11-25,C070,P036,S003,3,0.1,Cash,4053.94
T04451,2025-01-19,C098,P020,S001,2,0.0,Cash,647.84
T04452,2024-05-09,C148,P033,S001,3,0.0,Credit Card,5396.91
T04453,2025-04-23,C111,P009,S005,4,0.1,Mobile Money,443.48
T04454,2024-01-27,C066,P032,S004,5,0.15,Mobile Money,1295.02
T04455,2024-08-02,C033,P007,S002,4,0.15,Cash,5012.01
T04456,2023-10-04,C003,P024,S005,5,0.1,Bank Transfer,6693.34
T04457,2024-01-11,C117,P007,S003,1,0.05,Mobile Money,1400.41
T04458,2023-11-10,C169,P004,S005,1,0.0,Cash,1853.77
T04459,2025-01-31,C126,P019,S003,5,0.05,Cash,8373.87
T04460,2025-05-16,C112,P028,S003,1,0.0,Mobile Money,673.78
T04461,2025-06-06,C147,P023,S005,2,0.15,Credit Card,3193.4
T04462,2025-06-17,C051,P034,S003,2,0.1,Bank Transfer,770.49
T04463,2024-12-25,C131,P011,S004,3,0.15,Cash,633.85
T04464,2025-03-27,C130,P045,S002,1,0.05,Mobile Money,1785.13
T04465,2023-10-07,C082,P033,S003,4,0.05,Credit Card,6836.09
T04466,2025-06-15,C183,P001,S001,2,0.0,Credit Card,3347.38
T04467,2024-10-04,C052,P034,S004,2,0.0,Bank Transfer,856.1
T04468,2024-11-05,C085,P015,S001,2,0.05,Cash,513.85
T04469,2024-01-28,C016,P013,S001,1,0.15,Credit Card,964.58
T04470,2025-06-01,C075,P036,S004,4,0.05,Cash,5705.55
T04471,2024-09-01,C157,P013,S001,1,0.0,Cash,1134.8
T04472,2024-02-26,C065,P034,S001,4,0.0,Cash,1712.2
T04473,2024-11-29,C149,P025,S001,4,0.05,Credit Card,1630.77
T04474,2024-03-24,C036,P043,S004,2,0.15,Mobile Money,959.51
T04475,2025-02-06,C190,P001,S005,1,0.15,Cash,1422.64
T04476,2025-08-03,C139,P017,S003,3,0.0,Mobile Money,3738.33
T04477,2025-06-06,C123,P047,S003,4,0.05,Cash,4549.28
T04478,2024-12-11,C013,P025,S001,5,0.1,Credit Card,1931.18
T04479,2024-11-20,C064,P027,S004,1,0.0,Credit Card,1272.23
T04480,2024-08-14,C115,P037,S001,1,0.0,Bank Transfer,1952.65
T04481,2025-08-27,C024,P005,S005,5,0.1,Bank Transfer,6282.99
T04482,2024-01-31,C085,P035,S005,2,0.1,Credit Card,2812.37
T04483,2024-12-20,C005,P038,S002,3,0.0,Cash,1100.79
T04484,2024-07-04,C093,P031,S002,3,0.05,Bank Transfer,3122.8
T04485,2025-07-15,C106,P047,S004,1,0.15,Bank Transfer,1017.6
T04486,2024-02-29,C097,P024,S005,5,0.1,Bank Transfer,6693.34
T04487,2024-04-21,C149,P019,S003,4,0.15,Mobile Money,5993.93
T04488,2025-01-14,C038,P026,S001,1,0.0,Credit Card,1015.76
T04489,2024-08-20,C069,P008,S001,2,0.0,Credit Card,219.56
T04490,2024-03-13,C036,P026,S002,5,0.15,Bank Transfer,4316.98
T04491,2025-05-30,C001,P013,S002,4,0.05,Cash,4312.24
T04492,2024-02-15,C136,P002,S003,5,0.0,Mobile Money,4093.8
T04493,2025-07-06,C068,P042,S003,2,0.15,Credit Card,771.15
T04494,2024-06-27,C092,P043,S002,4,0.1,Credit Card,2031.91
T04495,2023-09-18,C057,P034,S003,4,0.0,Cash,1712.2
T04496,2024-01-10,C076,P002,S001,2,0.0,Credit Card,1637.52
T04497,2024-03-17,C142,P025,S003,1,0.0,Mobile Money,429.15
T04498,2023-10-15,C018,P023,S002,3,0.1,Cash,5071.87
T04499,2025-04-02,C074,P037,S004,1,0.0,Cash,1952.65
T04500,2025-03-01,C119,P045,S005,2,0.05,Cash,3570.25
T04501,2023-09-30,C068,P049,S004,4,0.0,Cash,1553.04
T04502,2025-04-17,C022,P008,S002,5,0.05,Credit Card,521.45
T04503,2025-03-15,C118,P006,S001,1,0.0,Credit Card,318.05
T04504,2025-05-17,C052,P002,S002,5,0.15,Cash,3479.73
T04505,2024-12-04,C090,P029,S001,2,0.0,Bank Transfer,2970.1
T04506,2023-09-11,C137,P026,S003,1,0.15,Mobile Money,863.4
T04507,2023-10-08,C112,P032,S003,2,0.1,Bank Transfer,548.48
T04508,2024-12-24,C098,P018,S001,3,0.05,Credit Card,3077.69
T04509,2024-12-17,C113,P035,S004,2,0.1,Mobile Money,2812.37
T04510,2024-09-09,C007,P038,S001,5,0.0,Bank Transfer,1834.65
T04511,2025-03-15,C061,P031,S001,3,0.15,Credit Card,2794.09
T04512,2023-09-24,C188,P026,S003,4,0.05,Bank Transfer,3859.89
T04513,2023-12-11,C061,P046,S003,5,0.15,Cash,4952.82
T04514,2025-03-02,C126,P024,S004,5,0.05,Credit Card,7065.2
T04515,2025-06-03,C082,P001,S001,2,0.15,Credit Card,2845.27
T04516,2024-08-03,C101,P005,S004,1,0.15,Mobile Money,1186.79
T04517,2024-05-18,C181,P029,S004,3,0.15,Credit Card,3786.88
T04518,2024-05-16,C034,P036,S003,1,0.15,Mobile Money,1276.24
T04519,2024-06-24,C140,P005,S004,5,0.1,Bank Transfer,6282.99
T04520,2025-06-09,C122,P040,S004,1,0.05,Cash,1658.33
T04521,2024-06-12,C164,P049,S002,3,0.0,Cash,1164.78
T04522,2025-03-07,C106,P002,S001,5,0.1,Mobile Money,3684.42
T04523,2025-04-05,C078,P019,S002,2,0.05,Bank Transfer,3349.55
T04524,2025-08-28,C070,P049,S002,3,0.0,Bank Transfer,1164.78
T04525,2024-04-24,C186,P009,S004,4,0.05,Cash,468.12
T04526,2024-03-15,C039,P002,S001,3,0.15,Bank Transfer,2087.84
T04527,2024-10-06,C155,P042,S003,2,0.1,Bank Transfer,816.52
T04528,2025-07-15,C148,P016,S002,1,0.15,Bank Transfer,1579.94
T04529,2025-02-23,C073,P007,S001,1,0.0,Mobile Money,1474.12
T04530,2025-05-31,C199,P045,S002,5,0.0,Credit Card,9395.4
T04531,2024-04-05,C119,P005,S002,1,0.15,Credit Card,1186.79
T04532,2025-06-18,C079,P044,S002,3,0.1,Credit Card,3473.68
T04533,2025-04-02,C186,P011,S001,5,0.1,Mobile Money,1118.56
T04534,2024-12-15,C138,P006,S001,4,0.15,Bank Transfer,1081.37
T04535,2025-04-25,C199,P018,S001,3,0.0,Cash,3239.67
T04536,2024-09-11,C012,P031,S002,1,0.05,Bank Transfer,1040.93
T04537,2023-11-19,C080,P020,S002,3,0.0,Credit Card,971.76
T04538,2024-08-02,C064,P018,S001,1,0.15,Cash,917.91
T04539,2024-09-30,C080,P020,S005,5,0.15,Cash,1376.66
T04540,2025-08-16,C062,P022,S004,2,0.0,Mobile Money,51.14
T04541,2024-12-19,C014,P043,S001,2,0.05,Cash,1072.4
T04542,2025-01-06,C179,P026,S002,1,0.15,Cash,863.4
T04543,2024-06-09,C021,P044,S001,3,0.0,Cash,3859.65
T04544,2023-10-28,C054,P019,S003,4,0.0,Credit Card,7051.68
T04545,2023-09-29,C028,P020,S004,1,0.15,Mobile Money,275.33
T04546,2025-08-23,C012,P043,S001,4,0.05,Bank Transfer,2144.8
T04547,2025-05-29,C176,P042,S005,1,0.1,Cash,408.26
T04548,2024-01-13,C149,P036,S003,4,0.1,Bank Transfer,5405.26
T04549,2024-05-27,C003,P034,S001,1,0.05,Mobile Money,406.65
T04550,2024-05-02,C088,P019,S002,3,0.05,Cash,5024.32
T04551,2023-12-04,C006,P007,S004,2,0.15,Cash,2506.0
T04552,2023-09-29,C121,P034,S002,4,0.0,Credit Card,1712.2
T04553,2023-12-26,C120,P049,S001,4,0.0,Mobile Money,1553.04
T04554,2025-03-24,C008,P037,S005,5,0.0,Mobile Money,9763.25
T04555,2025-03-30,C040,P006,S002,2,0.15,Bank Transfer,540.69
T04556,2024-11-26,C124,P048,S004,1,0.05,Mobile Money,1155.54
T04557,2024-01-01,C087,P049,S002,1,0.15,Mobile Money,330.02
T04558,2025-04-02,C144,P005,S001,1,0.05,Bank Transfer,1326.41
T04559,2024-04-20,C141,P007,S001,5,0.1,Bank Transfer,6633.54
T04560,2023-09-12,C120,P046,S005,1,0.0,Credit Card,1165.37
T04561,2024-08-04,C167,P041,S003,3,0.05,Credit Card,4659.78
T04562,2023-12-02,C055,P046,S004,2,0.05,Cash,2214.2
T04563,2023-09-24,C101,P038,S005,1,0.15,Mobile Money,311.89
T04564,2025-07-11,C142,P009,S003,4,0.1,Mobile Money,443.48
T04565,2025-06-02,C171,P004,S004,1,0.15,Mobile Money,1575.7
T04566,2023-10-15,C175,P027,S003,1,0.15,Cash,1081.4
T04567,2024-04-25,C063,P030,S005,3,0.05,Cash,83.33
T04568,2023-11-29,C083,P031,S001,1,0.15,Bank Transfer,931.36
T04569,2025-02-08,C038,P014,S004,1,0.0,Mobile Money,1342.75
T04570,2025-06-25,C003,P021,S002,2,0.1,Cash,2209.03
T04571,2024-07-31,C167,P005,S005,3,0.05,Bank Transfer,3979.23
T04572,2023-11-22,C055,P029,S001,5,0.05,Credit Card,7053.99
T04573,2025-02-04,C074,P050,S005,3,0.0,Credit Card,3133.92
T04574,2024-12-06,C007,P006,S001,3,0.0,Mobile Money,954.15
T04575,2025-02-19,C154,P050,S001,1,0.1,Credit Card,940.18
T04576,2023-11-15,C012,P009,S002,1,0.1,Cash,110.87
T04577,2025-02-06,C097,P031,S004,3,0.15,Bank Transfer,2794.09
T04578,2024-09-19,C104,P043,S002,2,0.1,Credit Card,1015.96
T04579,2024-10-29,C080,P037,S005,1,0.0,Cash,1952.65
T04580,2025-03-29,C084,P019,S001,1,0.1,Mobile Money,1586.63
T04581,2025-07-09,C108,P028,S003,2,0.15,Mobile Money,1145.43
T04582,2025-07-02,C032,P030,S003,4,0.05,Bank Transfer,111.11
T04583,2024-06-11,C083,P001,S001,2,0.0,Mobile Money,3347.38
T04584,2024-09-22,C127,P034,S003,1,0.05,Credit Card,406.65
T04585,2024-06-17,C152,P010,S003,5,0.15,Cash,5075.01
T04586,2025-01-11,C088,P018,S003,3,0.05,Mobile Money,3077.69
T04587,2025-05-21,C164,P040,S001,5,0.15,Credit Card,7418.84
T04588,2024-07-03,C059,P037,S004,1,0.05,Bank Transfer,1855.02
T04589,2025-02-17,C075,P044,S004,3,0.1,Mobile Money,3473.68
T04590,2025-05-24,C198,P037,S004,4,0.05,Cash,7420.07
T04591,2025-04-07,C092,P048,S001,4,0.0,Cash,4865.44
T04592,2025-06-23,C118,P042,S002,1,0.15,Cash,385.58
T04593,2025-07-23,C093,P038,S004,3,0.15,Credit Card,935.67
T04594,2025-01-09,C124,P029,S001,2,0.0,Mobile Money,2970.1
T04595,2025-03-16,C082,P005,S003,2,0.0,Credit Card,2792.44
T04596,2025-01-06,C114,P018,S003,1,0.1,Bank Transfer,971.9
T04597,2025-05-21,C181,P012,S004,2,0.15,Cash,2028.25
T04598,2025-06-24,C042,P017,S005,2,0.1,Bank Transfer,2243.0
T04599,2024-03-15,C198,P006,S004,5,0.15,Credit Card,1351.71
T04600,2024-12-19,C116,P021,S002,5,0.1,Cash,5522.58
T04601,2025-05-30,C115,P049,S004,4,0.1,Credit Card,1397.74
T04602,2024-03-23,C003,P003,S004,4,0.05,Credit Card,1282.99
T04603,2023-12-01,C123,P024,S001,2,0.1,Credit Card,2677.34
T04604,2025-02-15,C187,P007,S005,4,0.15,Mobile Money,5012.01
T04605,2024-10-08,C178,P031,S002,3,0.05,Credit Card,3122.8
T04606,2025-03-25,C136,P044,S004,5,0.15,Cash,5467.84
T04607,2024-11-27,C105,P043,S001,3,0.15,Credit Card,1439.27
T04608,2025-05-15,C046,P008,S001,3,0.1,Credit Card,296.41
T04609,2024-12-17,C067,P010,S001,3,0.0,Credit Card,3582.36
T04610,2024-06-28,C122,P034,S002,5,0.15,Cash,1819.21
T04611,2025-08-24,C084,P007,S005,4,0.15,Bank Transfer,5012.01
T04612,2025-02-19,C199,P031,S001,3,0.05,Bank Transfer,3122.8
T04613,2024-01-06,C106,P003,S004,1,0.15,Mobile Money,286.99
T04614,2024-09-29,C128,P045,S003,3,0.1,Credit Card,5073.52
T04615,2023-12-19,C112,P041,S001,5,0.0,Credit Card,8175.05
T04616,2023-11-16,C135,P015,S003,2,0.05,Mobile Money,513.85
T04617,2023-09-15,C054,P012,S004,2,0.15,Credit Card,2028.25
T04618,2025-07-14,C047,P045,S001,2,0.05,Credit Card,3570.25
T04619,2025-02-10,C124,P004,S001,1,0.0,Mobile Money,1853.77
T04620,2024-02-22,C095,P027,S004,4,0.0,Mobile Money,5088.92
T04621,2023-11-15,C028,P003,S004,2,0.0,Bank Transfer,675.26
T04622,2023-11-19,C041,P023,S005,5,0.1,Cash,8453.12
T04623,2025-06-02,C074,P013,S003,5,0.15,Credit Card,4822.9
T04624,2025-07-06,C009,P018,S003,2,0.0,Mobile Money,2159.78
T04625,2024-04-21,C149,P041,S001,2,0.05,Credit Card,3106.52
T04626,2024-02-23,C008,P049,S002,4,0.0,Cash,1553.04
T04627,2025-06-17,C069,P025,S002,4,0.1,Mobile Money,1544.94
T04628,2025-04-06,C020,P017,S001,4,0.0,Cash,4984.44
T04629,2025-07-01,C116,P032,S004,1,0.05,Cash,289.47
T04630,2023-11-28,C103,P024,S002,4,0.0,Bank Transfer,5949.64
T04631,2024-07-24,C176,P010,S001,1,0.1,Credit Card,1074.71
T04632,2023-12-30,C054,P018,S002,4,0.15,Credit Card,3671.63
T04633,2025-02-09,C065,P044,S003,4,0.05,Cash,4888.89
T04634,2024-07-22,C113,P013,S002,5,0.1,Mobile Money,5106.6
T04635,2025-01-16,C111,P037,S002,5,0.0,Credit Card,9763.25
T04636,2024-08-18,C145,P049,S001,4,0.1,Bank Transfer,1397.74
T04637,2024-08-06,C016,P016,S002,3,0.1,Cash,5018.62
T04638,2025-04-10,C179,P035,S005,2,0.05,Credit Card,2968.62
T04639,2024-03-22,C119,P011,S002,4,0.05,Cash,944.57
T04640,2024-04-24,C041,P045,S005,1,0.15,Credit Card,1597.22
T04641,2024-05-28,C090,P039,S001,3,0.15,Cash,1379.4
T04642,2024-12-05,C033,P026,S004,4,0.15,Mobile Money,3453.58
T04643,2025-08-21,C166,P047,S003,2,0.15,Credit Card,2035.21
T04644,2024-05-03,C142,P005,S003,3,0.05,Mobile Money,3979.23
T04645,2024-11-20,C068,P004,S005,5,0.1,Cash,8341.96
T04646,2025-04-11,C116,P039,S001,5,0.15,Bank Transfer,2299.0
T04647,2024-12-06,C001,P010,S004,4,0.1,Mobile Money,4298.83
T04648,2023-09-14,C006,P034,S002,1,0.0,Cash,428.05
T04649,2024-09-03,C145,P005,S002,5,0.0,Credit Card,6981.1
T04650,2024-09-26,C048,P033,S001,3,0.1,Credit Card,4857.22
T04651,2024-11-10,C159,P034,S001,3,0.1,Cash,1155.74
T04652,2024-08-04,C150,P030,S002,2,0.05,Bank Transfer,55.56
T04653,2024-03-07,C050,P019,S002,2,0.05,Cash,3349.55
T04654,2024-07-05,C043,P028,S002,3,0.0,Cash,2021.34
T04655,2024-06-27,C040,P043,S003,3,0.1,Cash,1523.93
T04656,2025-05-26,C030,P038,S005,2,0.1,Bank Transfer,660.47
T04657,2024-01-04,C085,P011,S001,2,0.15,Bank Transfer,422.57
T04658,2025-06-24,C178,P017,S002,5,0.05,Credit Card,5919.02
T04659,2023-10-16,C050,P019,S002,3,0.05,Mobile Money,5024.32
T04660,2024-06-19,C042,P031,S005,4,0.05,Cash,4163.74
T04661,2024-03-13,C138,P034,S001,3,0.05,Cash,1219.94
T04662,2025-04-21,C033,P027,S003,3,0.0,Credit Card,3816.69
T04663,2023-11-16,C149,P008,S001,4,0.1,Mobile Money,395.21
T04664,2025-06-17,C081,P034,S005,5,0.05,Cash,2033.24
T04665,2024-06-06,C031,P028,S002,2,0.15,Mobile Money,1145.43
T04666,2024-01-31,C051,P039,S001,4,0.15,Bank Transfer,1839.2
T04667,2025-08-28,C151,P025,S003,3,0.05,Cash,1223.08
T04668,2023-12-10,C004,P028,S004,2,0.1,Cash,1212.8
T04669,2025-02-27,C145,P045,S002,4,0.1,Cash,6764.69
T04670,2024-02-26,C151,P010,S002,2,0.15,Mobile Money,2030.0
T04671,2025-05-26,C020,P046,S002,1,0.15,Bank Transfer,990.56
T04672,2024-08-02,C060,P048,S004,2,0.15,Bank Transfer,2067.81
T04673,2025-03-02,C122,P002,S003,2,0.15,Bank Transfer,1391.89
T04674,2024-07-08,C099,P022,S001,2,0.0,Mobile Money,51.14
T04675,2023-11-12,C031,P017,S004,2,0.0,Cash,2492.22
T04676,2023-11-25,C147,P020,S005,2,0.1,Bank Transfer,583.06
T04677,2025-06-01,C036,P012,S003,1,0.05,Credit Card,1133.44
T04678,2025-01-09,C181,P007,S001,1,0.1,Credit Card,1326.71
T04679,2025-05-15,C085,P021,S003,1,0.1,Cash,1104.52
T04680,2025-07-25,C070,P007,S002,2,0.0,Cash,2948.24
T04681,2025-01-24,C077,P001,S002,1,0.15,Mobile Money,1422.64
T04682,2025-07-03,C152,P047,S004,2,0.1,Mobile Money,2154.92
T04683,2024-06-28,C155,P006,S002,3,0.1,Credit Card,858.74
T04684,2023-11-15,C040,P006,S001,5,0.05,Bank Transfer,1510.74
T04685,2025-05-19,C161,P011,S003,5,0.0,Credit Card,1242.85
T04686,2024-10-03,C189,P009,S001,3,0.15,Mobile Money,314.13
T04687,2024-08-11,C011,P032,S004,4,0.15,Credit Card,1036.01
T04688,2025-08-07,C054,P047,S002,2,0.15,Bank Transfer,2035.21
T04689,2023-09-22,C025,P023,S003,5,0.0,Credit Card,9392.35
T04690,2024-07-16,C088,P007,S004,5,0.1,Mobile Money,6633.54
T04691,2023-10-08,C071,P010,S001,5,0.1,Bank Transfer,5373.54
T04692,2025-06-18,C189,P050,S005,5,0.05,Credit Card,4962.04
T04693,2024-09-01,C199,P019,S003,4,0.15,Credit Card,5993.93
T04694,2024-03-06,C104,P031,S002,1,0.1,Mobile Money,986.15
T04695,2024-07-30,C124,P008,S002,5,0.05,Bank Transfer,521.45
T04696,2023-11-05,C079,P035,S002,3,0.1,Cash,4218.56
T04697,2024-07-18,C150,P005,S004,2,0.05,Credit Card,2652.82
T04698,2023-10-25,C047,P035,S003,1,0.0,Credit Card,1562.43
T04699,2024-04-02,C091,P032,S004,2,0.1,Mobile Money,548.48
T04700,2023-09-19,C045,P024,S005,4,0.05,Bank Transfer,5652.16
T04701,2024-10-09,C047,P037,S001,1,0.05,Credit Card,1855.02
T04702,2024-03-21,C063,P048,S003,1,0.1,Credit Card,1094.72
T04703,2024-04-14,C153,P012,S001,1,0.15,Mobile Money,1014.13
T04704,2024-05-21,C044,P041,S004,1,0.05,Mobile Money,1553.26
T04705,2024-04-25,C103,P030,S001,3,0.1,Cash,78.95
T04706,2023-09-15,C149,P045,S003,4,0.05,Credit Card,7140.5
T04707,2024-01-14,C018,P017,S004,3,0.0,Cash,3738.33
T04708,2024-06-22,C184,P050,S002,5,0.0,Cash,5223.2
T04709,2024-06-24,C189,P050,S001,5,0.05,Credit Card,4962.04
T04710,2024-08-15,C095,P015,S002,5,0.05,Credit Card,1284.64
T04711,2024-09-21,C042,P041,S003,4,0.0,Cash,6540.04
T04712,2024-06-24,C152,P027,S002,4,0.0,Cash,5088.92
T04713,2023-12-28,C108,P050,S001,5,0.05,Mobile Money,4962.04
T04714,2024-05-06,C125,P024,S001,3,0.15,Bank Transfer,3792.9
T04715,2025-08-11,C103,P046,S001,4,0.0,Mobile Money,4661.48
T04716,2024-06-05,C112,P049,S002,4,0.1,Credit Card,1397.74
T04717,2024-06-16,C182,P050,S005,3,0.0,Cash,3133.92
T04718,2024-01-08,C147,P019,S003,2,0.15,Credit Card,2996.96
T04719,2024-06-30,C052,P028,S003,4,0.0,Mobile Money,2695.12
T04720,2023-10-17,C109,P016,S002,2,0.0,Credit Card,3717.5
T04721,2024-04-14,C051,P026,S004,1,0.0,Bank Transfer,1015.76
T04722,2024-09-25,C073,P045,S001,4,0.1,Credit Card,6764.69
T04723,2025-05-12,C052,P012,S001,4,0.1,Bank Transfer,4295.12
T04724,2025-03-18,C074,P025,S001,2,0.15,Credit Card,729.56
T04725,2024-05-28,C119,P047,S004,4,0.1,Mobile Money,4309.85
T04726,2024-03-22,C108,P048,S001,4,0.05,Bank Transfer,4622.17
T04727,2025-01-02,C155,P035,S003,2,0.0,Bank Transfer,3124.86
T04728,2024-09-22,C110,P035,S001,4,0.1,Bank Transfer,5624.75
T04729,2025-04-30,C026,P044,S005,5,0.15,Cash,5467.84
T04730,2024-09-17,C023,P019,S004,5,0.05,Credit Card,8373.87
T04731,2024-07-01,C077,P022,S002,1,0.05,Bank Transfer,24.29
T04732,2024-12-01,C144,P007,S002,4,0.1,Bank Transfer,5306.83
T04733,2024-10-26,C198,P009,S003,1,0.15,Credit Card,104.71
T04734,2024-08-16,C057,P024,S003,3,0.15,Bank Transfer,3792.9
T04735,2024-11-18,C051,P015,S005,4,0.1,Mobile Money,973.62
T04736,2025-06-02,C146,P014,S001,2,0.1,Bank Transfer,2416.95
T04737,2024-01-14,C198,P023,S005,3,0.05,Mobile Money,5353.64
T04738,2024-06-23,C195,P011,S002,4,0.0,Bank Transfer,994.28
T04739,2023-11-23,C177,P026,S004,2,0.05,Mobile Money,1929.94
T04740,2025-08-19,C188,P005,S003,1,0.0,Cash,1396.22
T04741,2025-01-26,C153,P019,S003,2,0.1,Bank Transfer,3173.26
T04742,2025-05-05,C124,P014,S003,2,0.0,Mobile Money,2685.5
T04743,2024-05-19,C186,P028,S003,2,0.1,Cash,1212.8
T04744,2025-06-07,C009,P031,S005,2,0.15,Cash,1862.72
T04745,2024-02-12,C068,P013,S004,1,0.1,Mobile Money,1021.32
T04746,2025-01-05,C166,P047,S004,1,0.1,Credit Card,1077.46
T04747,2024-10-20,C117,P016,S005,5,0.1,Bank Transfer,8364.38
T04748,2025-07-13,C055,P048,S004,1,0.15,Mobile Money,1033.91
T04749,2024-01-20,C022,P023,S005,4,0.1,Mobile Money,6762.49
T04750,2023-11-07,C066,P031,S004,4,0.05,Mobile Money,4163.74
T04751,2024-03-13,C194,P012,S002,4,0.0,Bank Transfer,4772.36
T04752,2025-01-22,C169,P020,S003,1,0.1,Cash,291.53
T04753,2024-10-27,C016,P029,S002,4,0.15,Credit Card,5049.17
T04754,2025-02-14,C148,P023,S001,1,0.1,Bank Transfer,1690.62
T04755,2024-03-11,C011,P003,S004,5,0.15,Cash,1434.93
T04756,2024-11-11,C075,P038,S002,3,0.15,Mobile Money,935.67
T04757,2025-07-11,C009,P010,S003,1,0.05,Credit Card,1134.41
T04758,2025-05-19,C114,P047,S003,4,0.05,Credit Card,4549.28
T04759,2025-05-09,C007,P023,S004,4,0.15,Credit Card,6386.8
T04760,2024-04-15,C006,P013,S004,4,0.0,Credit Card,4539.2
T04761,2025-02-10,C047,P028,S002,4,0.15,Mobile Money,2290.85
T04762,2025-08-29,C148,P045,S003,1,0.0,Mobile Money,1879.08
T04763,2025-08-22,C131,P050,S005,4,0.1,Credit Card,3760.7
T04764,2025-02-21,C129,P043,S003,5,0.0,Mobile Money,2822.1
T04765,2025-06-13,C121,P020,S002,5,0.15,Credit Card,1376.66
T04766,2023-12-09,C078,P012,S002,5,0.15,Mobile Money,5070.63
T04767,2024-09-19,C007,P047,S003,3,0.0,Bank Transfer,3591.54
T04768,2024-07-10,C147,P001,S002,2,0.0,Mobile Money,3347.38
T04769,2024-02-24,C016,P045,S003,5,0.15,Cash,7986.09
T04770,2024-07-28,C140,P001,S004,4,0.0,Mobile Money,6694.76
T04771,2025-06-07,C101,P021,S002,2,0.0,Cash,2454.48
T04772,2024-09-26,C103,P041,S002,5,0.0,Mobile Money,8175.05
T04773,2025-06-20,C050,P024,S005,5,0.05,Cash,7065.2
T04774,2023-09-30,C173,P004,S005,5,0.05,Mobile Money,8805.41
T04775,2024-02-22,C031,P005,S005,2,0.15,Bank Transfer,2373.57
T04776,2024-06-18,C197,P016,S002,2,0.15,Cash,3159.88
T04777,2025-09-08,C118,P018,S001,5,0.15,Bank Transfer,4589.53
T04778,2024-06-21,C157,P002,S003,2,0.15,Bank Transfer,1391.89
T04779,2024-10-27,C041,P049,S001,2,0.05,Cash,737.69
T04780,2024-11-05,C173,P011,S002,3,0.1,Cash,671.14
T04781,2024-05-28,C029,P024,S003,3,0.15,Mobile Money,3792.9
T04782,2024-04-01,C007,P008,S004,5,0.05,Cash,521.45
T04783,2023-12-10,C158,P008,S003,5,0.15,Credit Card,466.56
T04784,2025-07-03,C001,P017,S003,3,0.05,Bank Transfer,3551.41
T04785,2024-10-29,C060,P020,S005,5,0.1,Credit Card,1457.64
T04786,2024-04-23,C014,P020,S002,1,0.15,Cash,275.33
T04787,2024-09-16,C107,P017,S004,5,0.0,Mobile Money,6230.55
T04788,2023-10-29,C163,P006,S004,3,0.05,Cash,906.44
T04789,2025-03-15,C088,P048,S005,5,0.0,Cash,6081.8
T04790,2024-03-30,C098,P032,S003,5,0.05,Cash,1447.37
T04791,2025-01-18,C085,P029,S001,2,0.15,Cash,2524.58
T04792,2024-01-20,C030,P032,S004,1,0.05,Mobile Money,289.47
T04793,2024-07-02,C162,P024,S003,1,0.15,Cash,1264.3
T04794,2025-03-18,C053,P023,S001,5,0.0,Cash,9392.35
T04795,2024-12-16,C117,P034,S002,4,0.05,Credit Card,1626.59
T04796,2024-05-20,C154,P041,S004,5,0.05,Bank Transfer,7766.3
T04797,2023-09-13,C077,P001,S005,3,0.0,Cash,5021.07
T04798,2024-04-08,C118,P006,S002,5,0.1,Credit Card,1431.22
T04799,2024-09-22,C165,P020,S004,3,0.0,Cash,971.76
T04800,2024-10-21,C108,P015,S005,1,0.15,Cash,229.88
T04801,2025-04-07,C185,P004,S005,4,0.0,Credit Card,7415.08
T04802,2025-07-03,C121,P021,S004,4,0.05,Cash,4663.51
T04803,2025-02-03,C143,P005,S001,5,0.05,Cash,6632.04
T04804,2023-11-17,C062,P033,S005,1,0.15,Cash,1529.12
T04805,2025-08-08,C163,P016,S002,4,0.05,Bank Transfer,7063.25
T04806,2025-07-31,C072,P012,S003,2,0.1,Mobile Money,2147.56
T04807,2025-08-21,C162,P020,S002,3,0.1,Mobile Money,874.58
T04808,2024-05-23,C002,P013,S001,2,0.0,Bank Transfer,2269.6
T04809,2024-10-17,C170,P006,S002,3,0.05,Bank Transfer,906.44
T04810,2024-05-11,C056,P034,S004,5,0.0,Cash,2140.25
T04811,2024-05-18,C040,P040,S002,4,0.1,Credit Card,6284.2
T04812,2023-11-18,C003,P003,S002,5,0.1,Mobile Money,1519.34
T04813,2024-05-04,C104,P016,S001,2,0.15,Mobile Money,3159.88
T04814,2023-12-21,C001,P001,S002,3,0.05,Mobile Money,4770.02
T04815,2024-04-18,C082,P047,S002,3,0.0,Bank Transfer,3591.54
T04816,2024-05-28,C091,P045,S002,4,0.1,Cash,6764.69
T04817,2024-01-17,C180,P007,S005,4,0.1,Bank Transfer,5306.83
T04818,2024-03-19,C174,P036,S001,2,0.15,Bank Transfer,2552.48
T04819,2024-12-04,C131,P041,S005,2,0.0,Bank Transfer,3270.02
T04820,2024-10-17,C184,P004,S005,4,0.15,Credit Card,6302.82
T04821,2025-04-03,C133,P029,S003,3,0.15,Mobile Money,3786.88
T04822,2025-04-27,C039,P004,S002,2,0.05,Mobile Money,3522.16
T04823,2024-03-17,C010,P028,S004,4,0.15,Mobile Money,2290.85
T04824,2024-05-09,C073,P007,S005,1,0.05,Bank Transfer,1400.41
T04825,2025-08-08,C149,P012,S003,5,0.15,Credit Card,5070.63
T04826,2025-06-13,C035,P009,S001,3,0.05,Mobile Money,351.09
T04827,2024-12-07,C048,P023,S002,4,0.05,Cash,7138.19
T04828,2024-12-21,C099,P035,S004,4,0.0,Mobile Money,6249.72
T04829,2024-10-21,C146,P010,S005,4,0.05,Credit Card,4537.66
T04830,2025-06-07,C089,P029,S004,5,0.05,Credit Card,7053.99
T04831,2025-04-19,C056,P031,S003,5,0.15,Mobile Money,4656.81
T04832,2024-09-04,C143,P037,S005,4,0.15,Mobile Money,6639.01
T04833,2024-06-26,C157,P008,S002,3,0.15,Cash,279.94
T04834,2025-03-14,C078,P050,S001,2,0.1,Credit Card,1880.35
T04835,2025-03-14,C013,P036,S005,3,0.05,Cash,4279.16
T04836,2025-08-07,C084,P022,S002,5,0.05,Cash,121.46
T04837,2025-04-10,C040,P037,S002,4,0.0,Cash,7810.6
T04838,2024-04-08,C002,P032,S001,3,0.1,Cash,822.72
T04839,2024-11-19,C168,P040,S004,4,0.05,Cash,6633.32
T04840,2024-02-23,C079,P032,S002,1,0.1,Cash,274.24
T04841,2024-01-22,C056,P001,S003,1,0.0,Credit Card,1673.69
T04842,2024-12-09,C133,P007,S005,4,0.1,Credit Card,5306.83
T04843,2024-04-29,C163,P031,S005,4,0.05,Cash,4163.74
T04844,2023-10-01,C152,P013,S005,5,0.15,Bank Transfer,4822.9
T04845,2023-12-31,C172,P018,S004,3,0.05,Credit Card,3077.69
T04846,2024-03-09,C076,P018,S001,3,0.05,Cash,3077.69
T04847,2024-11-06,C133,P008,S002,2,0.1,Credit Card,197.6
T04848,2023-12-28,C008,P041,S005,4,0.15,Mobile Money,5559.03
T04849,2024-04-17,C156,P022,S001,5,0.1,Mobile Money,115.06
T04850,2025-08-31,C033,P029,S005,5,0.0,Bank Transfer,7425.25
T04851,2024-05-29,C103,P037,S005,2,0.0,Cash,3905.3
T04852,2025-04-08,C122,P006,S003,2,0.0,Mobile Money,636.1
T04853,2024-08-20,C158,P043,S004,4,0.0,Mobile Money,2257.68
T04854,2025-02-02,C147,P020,S003,4,0.05,Bank Transfer,1230.9
T04855,2025-03-25,C002,P018,S003,2,0.1,Mobile Money,1943.8
T04856,2025-01-01,C066,P012,S001,2,0.1,Credit Card,2147.56
T04857,2024-01-16,C019,P014,S002,4,0.1,Mobile Money,4833.9
T04858,2025-05-05,C025,P010,S001,1,0.15,Mobile Money,1015.0
T04859,2024-05-02,C127,P017,S002,2,0.0,Mobile Money,2492.22
T04860,2025-01-17,C090,P041,S001,2,0.15,Cash,2779.52
T04861,2023-11-18,C194,P010,S005,2,0.0,Credit Card,2388.24
T04862,2024-02-29,C178,P003,S003,5,0.0,Credit Card,1688.15
T04863,2025-08-11,C133,P050,S004,2,0.05,Mobile Money,1984.82
T04864,2023-12-13,C011,P010,S002,3,0.05,Bank Transfer,3403.24
T04865,2023-09-12,C080,P002,S003,4,0.1,Cash,2947.54
T04866,2025-04-09,C200,P007,S003,4,0.15,Cash,5012.01
T04867,2025-08-31,C114,P030,S005,4,0.05,Credit Card,111.11
T04868,2024-05-15,C081,P002,S001,1,0.15,Mobile Money,695.95
T04869,2025-06-23,C083,P049,S001,5,0.0,Mobile Money,1941.3
T04870,2024-08-22,C162,P035,S001,5,0.1,Cash,7030.94
T04871,2025-05-22,C124,P031,S002,2,0.1,Cash,1972.3
T04872,2025-02-14,C069,P015,S003,4,0.05,Bank Transfer,1027.71
T04873,2024-03-16,C010,P037,S005,1,0.1,Cash,1757.39
T04874,2023-12-16,C089,P023,S003,5,0.0,Cash,9392.35
T04875,2024-11-12,C083,P007,S004,3,0.1,Mobile Money,3980.12
T04876,2025-08-09,C172,P035,S003,2,0.0,Mobile Money,3124.86
T04877,2024-04-04,C013,P007,S004,4,0.0,Cash,5896.48
T04878,2024-10-10,C073,P015,S001,5,0.05,Cash,1284.64
T04879,2024-01-22,C184,P007,S003,3,0.1,Cash,3980.12
T04880,2023-12-30,C139,P045,S003,1,0.05,Credit Card,1785.13
T04881,2025-05-26,C046,P022,S001,5,0.0,Credit Card,127.85
T04882,2024-11-02,C151,P002,S004,4,0.05,Cash,3111.29
T04883,2025-03-23,C062,P047,S005,3,0.15,Bank Transfer,3052.81
T04884,2025-06-18,C161,P044,S001,4,0.0,Credit Card,5146.2
T04885,2024-05-28,C101,P032,S003,2,0.1,Cash,548.48
T04886,2024-12-24,C098,P001,S003,4,0.05,Credit Card,6360.02
T04887,2023-12-15,C185,P015,S002,3,0.15,Credit Card,689.65
T04888,2023-09-17,C052,P033,S001,2,0.15,Bank Transfer,3058.25
T04889,2025-04-22,C068,P022,S001,5,0.0,Mobile Money,127.85
T04890,2024-05-11,C125,P001,S001,5,0.15,Cash,7113.18
T04891,2025-01-15,C153,P033,S002,1,0.0,Cash,1798.97
T04892,2025-01-28,C139,P020,S003,2,0.0,Cash,647.84
T04893,2024-01-15,C052,P030,S002,4,0.15,Cash,99.42
T04894,2023-11-10,C025,P018,S003,5,0.1,Bank Transfer,4859.51
T04895,2025-05-03,C144,P029,S001,3,0.05,Mobile Money,4232.39
T04896,2024-04-22,C062,P018,S002,1,0.0,Mobile Money,1079.89
T04897,2025-03-10,C009,P002,S003,4,0.05,Credit Card,3111.29
T04898,2025-03-09,C005,P031,S003,2,0.15,Cash,1862.72
T04899,2023-11-27,C122,P036,S004,3,0.1,Bank Transfer,4053.94
T04900,2024-01-31,C076,P009,S004,1,0.05,Credit Card,117.03
T04901,2025-07-10,C021,P036,S004,1,0.1,Mobile Money,1351.31
T04902,2024-12-11,C191,P010,S001,5,0.1,Credit Card,5373.54
T04903,2025-03-10,C148,P009,S003,4,0.15,Mobile Money,418.85
T04904,2024-06-15,C105,P048,S002,4,0.05,Credit Card,4622.17
T04905,2025-05-19,C084,P012,S005,4,0.0,Bank Transfer,4772.36
T04906,2024-11-07,C060,P036,S001,2,0.15,Cash,2552.48
T04907,2025-04-01,C190,P017,S005,3,0.0,Credit Card,3738.33
T04908,2024-09-30,C096,P029,S004,5,0.15,Cash,6311.46
T04909,2024-06-30,C056,P006,S004,5,0.15,Cash,1351.71
T04910,2024-03-14,C085,P029,S001,4,0.05,Cash,5643.19
T04911,2024-10-20,C102,P029,S004,2,0.15,Cash,2524.58
T04912,2024-01-06,C095,P019,S001,2,0.0,Mobile Money,3525.84
T04913,2024-09-23,C069,P007,S001,5,0.0,Cash,7370.6
T04914,2025-05-09,C056,P044,S005,1,0.0,Credit Card,1286.55
T04915,2024-05-13,C016,P015,S002,1,0.05,Bank Transfer,256.93
T04916,2024-09-08,C035,P005,S001,5,0.1,Bank Transfer,6282.99
T04917,2024-08-30,C041,P025,S002,4,0.1,Mobile Money,1544.94
T04918,2024-10-14,C179,P002,S005,3,0.05,Cash,2333.47
T04919,2025-02-27,C148,P011,S002,4,0.0,Cash,994.28
T04920,2024-05-19,C160,P014,S005,4,0.0,Credit Card,5371.0
T04921,2024-12-03,C119,P047,S003,4,0.1,Bank Transfer,4309.85
T04922,2024-05-08,C066,P031,S003,5,0.05,Cash,5204.67
T04923,2025-02-11,C082,P003,S003,5,0.1,Bank Transfer,1519.34
T04924,2025-08-27,C085,P012,S002,5,0.0,Cash,5965.45
T04925,2024-08-26,C143,P035,S001,5,0.0,Mobile Money,7812.15
T04926,2024-12-05,C090,P037,S003,5,0.05,Bank Transfer,9275.09
T04927,2025-08-21,C073,P048,S003,4,0.15,Credit Card,4135.62
T04928,2025-05-02,C043,P046,S005,3,0.05,Cash,3321.3
T04929,2025-04-28,C127,P015,S005,4,0.0,Bank Transfer,1081.8
T04930,2024-05-04,C180,P003,S004,4,0.0,Credit Card,1350.52
T04931,2023-10-22,C105,P006,S001,4,0.05,Bank Transfer,1208.59
T04932,2024-07-10,C139,P009,S004,1,0.15,Cash,104.71
T04933,2025-04-01,C076,P018,S004,2,0.15,Mobile Money,1835.81
T04934,2024-01-22,C005,P025,S002,2,0.1,Cash,772.47
T04935,2025-02-24,C094,P042,S005,3,0.0,Cash,1360.86
T04936,2024-03-02,C096,P027,S002,1,0.0,Mobile Money,1272.23
T04937,2024-08-19,C059,P017,S001,4,0.15,Cash,4236.77
T04938,2025-01-18,C081,P046,S004,1,0.1,Mobile Money,1048.83
T04939,2024-09-21,C147,P021,S001,3,0.05,Credit Card,3497.63
T04940,2025-02-27,C066,P023,S003,1,0.05,Credit Card,1784.55
T04941,2025-01-10,C152,P028,S003,3,0.15,Bank Transfer,1718.14
T04942,2024-01-04,C015,P044,S004,3,0.1,Credit Card,3473.68
T04943,2023-12-23,C025,P028,S003,4,0.0,Bank Transfer,2695.12
T04944,2024-01-11,C186,P047,S004,1,0.0,Mobile Money,1197.18
T04945,2023-11-12,C112,P037,S003,4,0.05,Mobile Money,7420.07
T04946,2024-12-27,C085,P043,S004,1,0.05,Credit Card,536.2
T04947,2025-08-30,C083,P013,S005,4,0.1,Mobile Money,4085.28
T04948,2025-01-24,C102,P016,S005,1,0.1,Mobile Money,1672.88
T04949,2024-05-10,C013,P001,S002,2,0.15,Mobile Money,2845.27
T04950,2024-11-10,C188,P015,S001,5,0.1,Credit Card,1217.03
T04951,2024-02-09,C002,P022,S001,5,0.05,Credit Card,121.46
T04952,2023-12-26,C007,P004,S005,3,0.15,Mobile Money,4727.11
T04953,2025-02-02,C062,P046,S002,2,0.05,Mobile Money,2214.2
T04954,2024-01-04,C055,P028,S002,2,0.15,Bank Transfer,1145.43
T04955,2024-03-27,C067,P025,S001,2,0.05,Bank Transfer,815.38
T04956,2024-01-26,C062,P034,S002,4,0.15,Mobile Money,1455.37
T04957,2023-10-28,C159,P031,S005,2,0.1,Credit Card,1972.3
T04958,2024-09-19,C113,P019,S004,2,0.05,Credit Card,3349.55
T04959,2025-08-12,C185,P034,S005,3,0.05,Cash,1219.94
T04960,2024-03-21,C035,P004,S002,2,0.0,Cash,3707.54
T04961,2025-04-19,C065,P021,S001,1,0.15,Credit Card,1043.15
T04962,2025-07-06,C059,P009,S002,5,0.1,Bank Transfer,554.36
T04963,2024-11-25,C036,P043,S002,3,0.15,Cash,1439.27
T04964,2025-04-08,C155,P010,S005,5,0.05,Cash,5672.07
T04965,2025-04-13,C173,P013,S004,3,0.1,Cash,3063.96
T04966,2023-11-25,C085,P023,S003,3,0.05,Mobile Money,5353.64
T04967,2025-05-04,C015,P024,S004,3,0.15,Cash,3792.9
T04968,2023-12-21,C052,P012,S005,2,0.0,Cash,2386.18
T04969,2024-04-21,C001,P002,S004,3,0.05,Credit Card,2333.47
T04970,2024-05-02,C173,P019,S002,2,0.15,Credit Card,2996.96
T04971,2024-09-17,C033,P045,S004,4,0.15,Mobile Money,6388.87
T04972,2024-04-07,C056,P004,S002,1,0.15,Cash,1575.7
T04973,2025-07-04,C102,P046,S004,3,0.15,Cash,2971.69
T04974,2024-10-21,C114,P039,S001,2,0.1,Cash,973.69
T04975,2024-07-12,C061,P010,S004,1,0.1,Bank Transfer,1074.71
T04976,2024-01-22,C044,P032,S005,5,0.1,Credit Card,1371.2
T04977,2024-02-07,C162,P011,S003,1,0.0,Mobile Money,248.57
T04978,2024-10-26,C182,P038,S003,1,0.05,Mobile Money,348.58
T04979,2025-02-11,C070,P013,S001,4,0.15,Bank Transfer,3858.32
T04980,2025-07-16,C130,P001,S002,4,0.15,Mobile Money,5690.55
T04981,2024-08-31,C036,P022,S003,5,0.0,Mobile Money,127.85
T04982,2025-06-08,C041,P037,S001,1,0.05,Mobile Money,1855.02
T04983,2025-09-08,C049,P030,S005,3,0.15,Bank Transfer,74.56
T04984,2023-12-02,C106,P025,S001,3,0.15,Bank Transfer,1094.33
T04985,2024-09-26,C081,P006,S005,4,0.05,Cash,1208.59
T04986,2023-09-21,C134,P039,S002,5,0.15,Bank Transfer,2299.0
T04987,2024-09-06,C154,P001,S001,3,0.15,Cash,4267.91
T04988,2023-09-20,C151,P023,S005,3,0.1,Cash,5071.87
T04989,2024-02-09,C073,P035,S005,2,0.05,Mobile Money,2968.62
T04990,2024-08-29,C199,P036,S004,3,0.05,Credit Card,4279.16
T04991,2025-06-18,C034,P009,S002,5,0.1,Mobile Money,554.36
T04992,2024-09-17,C026,P040,S002,1,0.05,Cash,1658.33
T04993,2024-07-02,C170,P040,S001,3,0.1,Bank Transfer,4713.15
T04994,2024-07-25,C059,P004,S003,1,0.0,Cash,1853.77
T04995,2025-04-07,C047,P032,S004,4,0.05,Credit Card,1157.9
T04996,2025-08-14,C050,P039,S005,5,0.1,Mobile Money,2434.23
T04997,2024-11-24,C077,P021,S002,2,0.1,Mobile Money,2209.03
T04998,2025-08-08,C184,P005,S004,5,0.15,Cash,5933.94
T04999,2024-03-14,C132,P004,S005,5,0.05,Credit Card,8805.41
T05000,2024-07-16,C053,P034,S004,5,0.15,Cash,1819.21
